8532:C 15 Feb 2025 09:06:42.518 # oO0OoO0OoO0Oo Redis is starting oO0OoO0OoO0Oo
8532:C 15 Feb 2025 09:06:42.518 # Redis version=7.0.15, bits=64, commit=00000000, modified=0, pid=8532, just started
8532:C 15 Feb 2025 09:06:42.518 # Configuration loaded
8532:M 15 Feb 2025 09:06:42.519 * Increased maximum number of open files to 10032 (it was originally set to 1024).
8532:M 15 Feb 2025 09:06:42.520 * monotonic clock: POSIX clock_gettime
8532:M 15 Feb 2025 09:06:42.521 * Running mode=standalone, port=11000.
8532:M 15 Feb 2025 09:06:42.527 # Server initialized
8532:M 15 Feb 2025 09:06:42.528 # WARNING Memory overcommit must be enabled! Without it, a background save or replication may fail under low memory condition. Being disabled, it can can also cause failures without low memory condition, see https://github.com/jemalloc/jemalloc/issues/1328. To fix this issue add 'vm.overcommit_memory = 1' to /etc/sysctl.conf and then reboot or run the command 'sysctl vm.overcommit_memory=1' for this to take effect.
8532:M 15 Feb 2025 09:06:42.533 * Ready to accept connections
8532:M 15 Feb 2025 10:06:43.046 * 1 changes in 3600 seconds. Saving...
8532:M 15 Feb 2025 10:06:43.056 * Background saving started by pid 9221
9221:C 15 Feb 2025 10:06:43.081 * DB saved on disk
9221:C 15 Feb 2025 10:06:43.083 * Fork CoW for RDB: current 0 MB, peak 0 MB, average 0 MB
8532:M 15 Feb 2025 10:06:43.158 * Background saving terminated with success
78:C 15 Feb 2025 12:30:24.261 # oO0OoO0OoO0Oo Redis is starting oO0OoO0OoO0Oo
78:C 15 Feb 2025 12:30:24.261 # Redis version=7.0.15, bits=64, commit=00000000, modified=0, pid=78, just started
78:C 15 Feb 2025 12:30:24.261 # Configuration loaded
78:M 15 Feb 2025 12:30:24.263 * Increased maximum number of open files to 10032 (it was originally set to 1024).
78:M 15 Feb 2025 12:30:24.264 * monotonic clock: POSIX clock_gettime
78:M 15 Feb 2025 12:30:24.279 * Running mode=standalone, port=11000.
78:M 15 Feb 2025 12:30:24.279 # Server initialized
78:M 15 Feb 2025 12:30:24.279 # WARNING Memory overcommit must be enabled! Without it, a background save or replication may fail under low memory condition. Being disabled, it can can also cause failures without low memory condition, see https://github.com/jemalloc/jemalloc/issues/1328. To fix this issue add 'vm.overcommit_memory = 1' to /etc/sysctl.conf and then reboot or run the command 'sysctl vm.overcommit_memory=1' for this to take effect.
78:M 15 Feb 2025 12:30:24.283 * Loading RDB produced by version 7.0.15
78:M 15 Feb 2025 12:30:24.283 * RDB age 8621 seconds
78:M 15 Feb 2025 12:30:24.283 * RDB memory usage when created 1.23 Mb
78:M 15 Feb 2025 12:30:24.283 * Done loading RDB, keys loaded: 4, keys expired: 5.
78:M 15 Feb 2025 12:30:24.283 * DB loaded from disk: 0.002 seconds
78:M 15 Feb 2025 12:30:24.283 * Ready to accept connections
1121:C 15 Feb 2025 13:02:24.549 # oO0OoO0OoO0Oo Redis is starting oO0OoO0OoO0Oo
1121:C 15 Feb 2025 13:02:24.549 # Redis version=7.0.15, bits=64, commit=00000000, modified=0, pid=1121, just started
1121:C 15 Feb 2025 13:02:24.549 # Configuration loaded
1121:M 15 Feb 2025 13:02:24.549 * Increased maximum number of open files to 10032 (it was originally set to 1024).
1121:M 15 Feb 2025 13:02:24.549 * monotonic clock: POSIX clock_gettime
1121:M 15 Feb 2025 13:02:24.557 * Running mode=standalone, port=11000.
1121:M 15 Feb 2025 13:02:24.557 # Server initialized
1121:M 15 Feb 2025 13:02:24.557 # WARNING Memory overcommit must be enabled! Without it, a background save or replication may fail under low memory condition. Being disabled, it can can also cause failures without low memory condition, see https://github.com/jemalloc/jemalloc/issues/1328. To fix this issue add 'vm.overcommit_memory = 1' to /etc/sysctl.conf and then reboot or run the command 'sysctl vm.overcommit_memory=1' for this to take effect.
1121:M 15 Feb 2025 13:02:24.560 * Loading RDB produced by version 7.0.15
1121:M 15 Feb 2025 13:02:24.561 * RDB age 10541 seconds
1121:M 15 Feb 2025 13:02:24.561 * RDB memory usage when created 1.23 Mb
1121:M 15 Feb 2025 13:02:24.561 * Done loading RDB, keys loaded: 4, keys expired: 5.
1121:M 15 Feb 2025 13:02:24.561 * DB loaded from disk: 0.002 seconds
1121:M 15 Feb 2025 13:02:24.561 * Ready to accept connections
1121:signal-handler (1739624894) Received SIGTERM scheduling shutdown...
1121:M 15 Feb 2025 13:08:14.115 # User requested shutdown...
1121:M 15 Feb 2025 13:08:14.115 * Saving the final RDB snapshot before exiting.
1121:M 15 Feb 2025 13:08:14.121 * DB saved on disk
1121:M 15 Feb 2025 13:08:14.121 * Removing the pid file.
1121:M 15 Feb 2025 13:08:14.121 # Redis is now ready to exit, bye bye...
1476:C 15 Feb 2025 14:46:51.406 # oO0OoO0OoO0Oo Redis is starting oO0OoO0OoO0Oo
1476:C 15 Feb 2025 14:46:51.406 # Redis version=7.0.15, bits=64, commit=00000000, modified=0, pid=1476, just started
1476:C 15 Feb 2025 14:46:51.406 # Configuration loaded
1476:M 15 Feb 2025 14:46:51.407 * Increased maximum number of open files to 10032 (it was originally set to 1024).
1476:M 15 Feb 2025 14:46:51.407 * monotonic clock: POSIX clock_gettime
1476:M 15 Feb 2025 14:46:51.443 * Running mode=standalone, port=11000.
1476:M 15 Feb 2025 14:46:51.443 # Server initialized
1476:M 15 Feb 2025 14:46:51.443 # WARNING Memory overcommit must be enabled! Without it, a background save or replication may fail under low memory condition. Being disabled, it can can also cause failures without low memory condition, see https://github.com/jemalloc/jemalloc/issues/1328. To fix this issue add 'vm.overcommit_memory = 1' to /etc/sysctl.conf and then reboot or run the command 'sysctl vm.overcommit_memory=1' for this to take effect.
1476:M 15 Feb 2025 14:46:51.461 * Loading RDB produced by version 7.0.15
1476:M 15 Feb 2025 14:46:51.461 * RDB age 5917 seconds
1476:M 15 Feb 2025 14:46:51.461 * RDB memory usage when created 1.26 Mb
1476:M 15 Feb 2025 14:46:51.462 * Done loading RDB, keys loaded: 0, keys expired: 5.
1476:M 15 Feb 2025 14:46:51.462 * DB loaded from disk: 0.009 seconds
1476:M 15 Feb 2025 14:46:51.462 * Ready to accept connections
1476:M 15 Feb 2025 15:02:33.611 * 100 changes in 300 seconds. Saving...
1476:M 15 Feb 2025 15:02:33.613 * Background saving started by pid 1720
1720:C 15 Feb 2025 15:02:33.625 * DB saved on disk
1720:C 15 Feb 2025 15:02:33.627 * Fork CoW for RDB: current 0 MB, peak 0 MB, average 0 MB
1476:M 15 Feb 2025 15:02:33.716 * Background saving terminated with success
1476:signal-handler (1739632388) Received SIGTERM scheduling shutdown...
1476:M 15 Feb 2025 15:13:08.464 # User requested shutdown...
1476:M 15 Feb 2025 15:13:08.464 * Saving the final RDB snapshot before exiting.
1476:M 15 Feb 2025 15:13:08.476 * DB saved on disk
1476:M 15 Feb 2025 15:13:08.476 * Removing the pid file.
1476:M 15 Feb 2025 15:13:08.477 # Redis is now ready to exit, bye bye...
1875:C 15 Feb 2025 15:25:28.157 # oO0OoO0OoO0Oo Redis is starting oO0OoO0OoO0Oo
1875:C 15 Feb 2025 15:25:28.173 # Redis version=7.0.15, bits=64, commit=00000000, modified=0, pid=1875, just started
1875:C 15 Feb 2025 15:25:28.174 # Configuration loaded
1875:M 15 Feb 2025 15:25:28.174 * Increased maximum number of open files to 10032 (it was originally set to 1024).
1875:M 15 Feb 2025 15:25:28.175 * monotonic clock: POSIX clock_gettime
1875:M 15 Feb 2025 15:25:28.176 * Running mode=standalone, port=11000.
1875:M 15 Feb 2025 15:25:28.183 # Server initialized
1875:M 15 Feb 2025 15:25:28.183 # WARNING Memory overcommit must be enabled! Without it, a background save or replication may fail under low memory condition. Being disabled, it can can also cause failures without low memory condition, see https://github.com/jemalloc/jemalloc/issues/1328. To fix this issue add 'vm.overcommit_memory = 1' to /etc/sysctl.conf and then reboot or run the command 'sysctl vm.overcommit_memory=1' for this to take effect.
1875:M 15 Feb 2025 15:25:28.184 * Loading RDB produced by version 7.0.15
1875:M 15 Feb 2025 15:25:28.185 * RDB age 740 seconds
1875:M 15 Feb 2025 15:25:28.185 * RDB memory usage when created 1.33 Mb
1875:M 15 Feb 2025 15:25:28.185 * Done loading RDB, keys loaded: 4, keys expired: 5.
1875:M 15 Feb 2025 15:25:28.186 * DB loaded from disk: 0.001 seconds
1875:M 15 Feb 2025 15:25:28.186 * Ready to accept connections
1875:signal-handler (1739633680) Received SIGTERM scheduling shutdown...
1875:M 15 Feb 2025 15:34:40.716 # User requested shutdown...
1875:M 15 Feb 2025 15:34:40.717 * Saving the final RDB snapshot before exiting.
1875:M 15 Feb 2025 15:34:40.730 * DB saved on disk
1875:M 15 Feb 2025 15:34:40.730 * Removing the pid file.
1875:M 15 Feb 2025 15:34:40.730 # Redis is now ready to exit, bye bye...
2539:C 16 Feb 2025 07:50:52.045 # oO0OoO0OoO0Oo Redis is starting oO0OoO0OoO0Oo
2539:C 16 Feb 2025 07:50:52.045 # Redis version=7.0.15, bits=64, commit=00000000, modified=0, pid=2539, just started
2539:C 16 Feb 2025 07:50:52.045 # Configuration loaded
2539:M 16 Feb 2025 07:50:52.045 * Increased maximum number of open files to 10032 (it was originally set to 1024).
2539:M 16 Feb 2025 07:50:52.045 * monotonic clock: POSIX clock_gettime
2539:M 16 Feb 2025 07:50:52.046 * Running mode=standalone, port=11000.
2539:M 16 Feb 2025 07:50:52.046 # Server initialized
2539:M 16 Feb 2025 07:50:52.046 # WARNING Memory overcommit must be enabled! Without it, a background save or replication may fail under low memory condition. Being disabled, it can can also cause failures without low memory condition, see https://github.com/jemalloc/jemalloc/issues/1328. To fix this issue add 'vm.overcommit_memory = 1' to /etc/sysctl.conf and then reboot or run the command 'sysctl vm.overcommit_memory=1' for this to take effect.
2539:M 16 Feb 2025 07:50:52.052 * Loading RDB produced by version 7.0.15
2539:M 16 Feb 2025 07:50:52.052 * RDB age 58572 seconds
2539:M 16 Feb 2025 07:50:52.052 * RDB memory usage when created 1.26 Mb
2539:M 16 Feb 2025 07:50:52.054 * Done loading RDB, keys loaded: 4, keys expired: 5.
2539:M 16 Feb 2025 07:50:52.054 * DB loaded from disk: 0.007 seconds
2539:M 16 Feb 2025 07:50:52.054 * Ready to accept connections
2539:signal-handler (1739695428) Received SIGTERM scheduling shutdown...
2539:M 16 Feb 2025 08:43:48.904 # User requested shutdown...
2539:M 16 Feb 2025 08:43:48.905 * Saving the final RDB snapshot before exiting.
2539:M 16 Feb 2025 08:43:48.917 * DB saved on disk
2539:M 16 Feb 2025 08:43:48.917 * Removing the pid file.
2539:M 16 Feb 2025 08:43:48.917 # Redis is now ready to exit, bye bye...
3586:C 16 Feb 2025 08:44:42.568 # oO0OoO0OoO0Oo Redis is starting oO0OoO0OoO0Oo
3586:C 16 Feb 2025 08:44:42.568 # Redis version=7.0.15, bits=64, commit=00000000, modified=0, pid=3586, just started
3586:C 16 Feb 2025 08:44:42.568 # Configuration loaded
3586:M 16 Feb 2025 08:44:42.569 * Increased maximum number of open files to 10032 (it was originally set to 1024).
3586:M 16 Feb 2025 08:44:42.569 * monotonic clock: POSIX clock_gettime
3586:M 16 Feb 2025 08:44:42.570 * Running mode=standalone, port=11000.
3586:M 16 Feb 2025 08:44:42.570 # Server initialized
3586:M 16 Feb 2025 08:44:42.570 # WARNING Memory overcommit must be enabled! Without it, a background save or replication may fail under low memory condition. Being disabled, it can can also cause failures without low memory condition, see https://github.com/jemalloc/jemalloc/issues/1328. To fix this issue add 'vm.overcommit_memory = 1' to /etc/sysctl.conf and then reboot or run the command 'sysctl vm.overcommit_memory=1' for this to take effect.
3586:M 16 Feb 2025 08:44:42.593 * Loading RDB produced by version 7.0.15
3586:M 16 Feb 2025 08:44:42.593 * RDB age 54 seconds
3586:M 16 Feb 2025 08:44:42.593 * RDB memory usage when created 1.26 Mb
3586:M 16 Feb 2025 08:44:42.593 * Done loading RDB, keys loaded: 2, keys expired: 0.
3586:M 16 Feb 2025 08:44:42.593 * DB loaded from disk: 0.001 seconds
3586:M 16 Feb 2025 08:44:42.594 * Ready to accept connections
3586:M 16 Feb 2025 09:44:43.091 * 1 changes in 3600 seconds. Saving...
3586:M 16 Feb 2025 09:44:43.096 * Background saving started by pid 4989
4989:C 16 Feb 2025 09:44:43.242 * DB saved on disk
4989:C 16 Feb 2025 09:44:43.244 * Fork CoW for RDB: current 0 MB, peak 0 MB, average 0 MB
3586:M 16 Feb 2025 09:44:43.342 * Background saving terminated with success
3586:M 16 Feb 2025 10:44:44.074 * 1 changes in 3600 seconds. Saving...
3586:M 16 Feb 2025 10:44:44.078 * Background saving started by pid 5600
5600:C 16 Feb 2025 10:44:44.099 * DB saved on disk
5600:C 16 Feb 2025 10:44:44.100 * Fork CoW for RDB: current 0 MB, peak 0 MB, average 0 MB
3586:M 16 Feb 2025 10:44:44.179 * Background saving terminated with success
3586:signal-handler (1739703674) Received SIGTERM scheduling shutdown...
3586:M 16 Feb 2025 11:01:14.398 # User requested shutdown...
3586:M 16 Feb 2025 11:01:14.398 * Saving the final RDB snapshot before exiting.
3586:M 16 Feb 2025 11:01:14.411 * DB saved on disk
3586:M 16 Feb 2025 11:01:14.412 * Removing the pid file.
3586:M 16 Feb 2025 11:01:14.412 # Redis is now ready to exit, bye bye...
5778:C 16 Feb 2025 11:01:14.684 # oO0OoO0OoO0Oo Redis is starting oO0OoO0OoO0Oo
5778:C 16 Feb 2025 11:01:14.684 # Redis version=7.0.15, bits=64, commit=00000000, modified=0, pid=5778, just started
5778:C 16 Feb 2025 11:01:14.684 # Configuration loaded
5778:M 16 Feb 2025 11:01:14.685 * Increased maximum number of open files to 10032 (it was originally set to 1024).
5778:M 16 Feb 2025 11:01:14.685 * monotonic clock: POSIX clock_gettime
5778:M 16 Feb 2025 11:01:14.687 * Running mode=standalone, port=11000.
5778:M 16 Feb 2025 11:01:14.687 # Server initialized
5778:M 16 Feb 2025 11:01:14.687 # WARNING Memory overcommit must be enabled! Without it, a background save or replication may fail under low memory condition. Being disabled, it can can also cause failures without low memory condition, see https://github.com/jemalloc/jemalloc/issues/1328. To fix this issue add 'vm.overcommit_memory = 1' to /etc/sysctl.conf and then reboot or run the command 'sysctl vm.overcommit_memory=1' for this to take effect.
5778:M 16 Feb 2025 11:01:14.689 * Loading RDB produced by version 7.0.15
5778:M 16 Feb 2025 11:01:14.689 * RDB age 0 seconds
5778:M 16 Feb 2025 11:01:14.690 * RDB memory usage when created 1.23 Mb
5778:M 16 Feb 2025 11:01:14.690 * Done loading RDB, keys loaded: 9, keys expired: 0.
5778:M 16 Feb 2025 11:01:14.691 * DB loaded from disk: 0.002 seconds
5778:M 16 Feb 2025 11:01:14.691 * Ready to accept connections
5778:signal-handler (1739704787) Received SIGTERM scheduling shutdown...
5778:M 16 Feb 2025 11:19:47.303 # User requested shutdown...
5778:M 16 Feb 2025 11:19:47.303 * Saving the final RDB snapshot before exiting.
5778:M 16 Feb 2025 11:19:47.352 * DB saved on disk
5778:M 16 Feb 2025 11:19:47.352 * Removing the pid file.
5778:M 16 Feb 2025 11:19:47.354 # Redis is now ready to exit, bye bye...
5894:C 16 Feb 2025 11:19:50.569 # oO0OoO0OoO0Oo Redis is starting oO0OoO0OoO0Oo
5894:C 16 Feb 2025 11:19:50.569 # Redis version=7.0.15, bits=64, commit=00000000, modified=0, pid=5894, just started
5894:C 16 Feb 2025 11:19:50.569 # Configuration loaded
5894:M 16 Feb 2025 11:19:50.570 * Increased maximum number of open files to 10032 (it was originally set to 1024).
5894:M 16 Feb 2025 11:19:50.570 * monotonic clock: POSIX clock_gettime
5894:M 16 Feb 2025 11:19:50.574 * Running mode=standalone, port=11000.
5894:M 16 Feb 2025 11:19:50.574 # Server initialized
5894:M 16 Feb 2025 11:19:50.574 # WARNING Memory overcommit must be enabled! Without it, a background save or replication may fail under low memory condition. Being disabled, it can can also cause failures without low memory condition, see https://github.com/jemalloc/jemalloc/issues/1328. To fix this issue add 'vm.overcommit_memory = 1' to /etc/sysctl.conf and then reboot or run the command 'sysctl vm.overcommit_memory=1' for this to take effect.
5894:M 16 Feb 2025 11:19:50.574 * Loading RDB produced by version 7.0.15
5894:M 16 Feb 2025 11:19:50.574 * RDB age 3 seconds
5894:M 16 Feb 2025 11:19:50.574 * RDB memory usage when created 1.14 Mb
5894:M 16 Feb 2025 11:19:50.575 * Done loading RDB, keys loaded: 6, keys expired: 0.
5894:M 16 Feb 2025 11:19:50.575 * DB loaded from disk: 0.000 seconds
5894:M 16 Feb 2025 11:19:50.575 * Ready to accept connections
5894:signal-handler (1739704949) Received SIGTERM scheduling shutdown...
5894:M 16 Feb 2025 11:22:29.684 # User requested shutdown...
5894:M 16 Feb 2025 11:22:29.684 * Saving the final RDB snapshot before exiting.
5894:M 16 Feb 2025 11:22:29.720 * DB saved on disk
5894:M 16 Feb 2025 11:22:29.720 * Removing the pid file.
5894:M 16 Feb 2025 11:22:29.721 # Redis is now ready to exit, bye bye...
6037:C 16 Feb 2025 11:22:30.941 # oO0OoO0OoO0Oo Redis is starting oO0OoO0OoO0Oo
6037:C 16 Feb 2025 11:22:30.941 # Redis version=7.0.15, bits=64, commit=00000000, modified=0, pid=6037, just started
6037:C 16 Feb 2025 11:22:30.941 # Configuration loaded
6037:M 16 Feb 2025 11:22:30.942 * Increased maximum number of open files to 10032 (it was originally set to 1024).
6037:M 16 Feb 2025 11:22:30.942 * monotonic clock: POSIX clock_gettime
6037:M 16 Feb 2025 11:22:30.943 * Running mode=standalone, port=11000.
6037:M 16 Feb 2025 11:22:30.943 # Server initialized
6037:M 16 Feb 2025 11:22:30.943 # WARNING Memory overcommit must be enabled! Without it, a background save or replication may fail under low memory condition. Being disabled, it can can also cause failures without low memory condition, see https://github.com/jemalloc/jemalloc/issues/1328. To fix this issue add 'vm.overcommit_memory = 1' to /etc/sysctl.conf and then reboot or run the command 'sysctl vm.overcommit_memory=1' for this to take effect.
6037:M 16 Feb 2025 11:22:30.948 * Loading RDB produced by version 7.0.15
6037:M 16 Feb 2025 11:22:30.948 * RDB age 1 seconds
6037:M 16 Feb 2025 11:22:30.948 * RDB memory usage when created 1.28 Mb
6037:M 16 Feb 2025 11:22:30.948 * Done loading RDB, keys loaded: 10, keys expired: 0.
6037:M 16 Feb 2025 11:22:30.948 * DB loaded from disk: 0.000 seconds
6037:M 16 Feb 2025 11:22:30.948 * Ready to accept connections
6037:M 16 Feb 2025 11:27:31.100 * 100 changes in 300 seconds. Saving...
6037:M 16 Feb 2025 11:27:31.102 * Background saving started by pid 6194
6194:C 16 Feb 2025 11:27:31.125 * DB saved on disk
6194:C 16 Feb 2025 11:27:31.128 * Fork CoW for RDB: current 0 MB, peak 0 MB, average 0 MB
6037:M 16 Feb 2025 11:27:31.204 * Background saving terminated with success
6037:M 16 Feb 2025 12:27:32.024 * 1 changes in 3600 seconds. Saving...
6037:M 16 Feb 2025 12:27:32.027 * Background saving started by pid 6674
6674:C 16 Feb 2025 12:27:32.046 * DB saved on disk
6674:C 16 Feb 2025 12:27:32.046 * Fork CoW for RDB: current 0 MB, peak 0 MB, average 0 MB
6037:M 16 Feb 2025 12:27:32.130 * Background saving terminated with success
6037:M 16 Feb 2025 13:27:33.055 * 1 changes in 3600 seconds. Saving...
6037:M 16 Feb 2025 13:27:33.057 * Background saving started by pid 6929
6929:C 16 Feb 2025 13:27:33.089 * DB saved on disk
6929:C 16 Feb 2025 13:27:33.090 * Fork CoW for RDB: current 0 MB, peak 0 MB, average 0 MB
6037:M 16 Feb 2025 13:27:33.165 * Background saving terminated with success
6037:M 16 Feb 2025 14:27:34.017 * 1 changes in 3600 seconds. Saving...
6037:M 16 Feb 2025 14:27:34.020 * Background saving started by pid 8664
8664:C 16 Feb 2025 14:27:34.031 * DB saved on disk
8664:C 16 Feb 2025 14:27:34.032 * Fork CoW for RDB: current 0 MB, peak 0 MB, average 0 MB
6037:M 16 Feb 2025 14:27:34.121 * Background saving terminated with success
6037:signal-handler (1739716834) Received SIGTERM scheduling shutdown...
6037:M 16 Feb 2025 14:40:34.275 # User requested shutdown...
6037:M 16 Feb 2025 14:40:34.275 * Saving the final RDB snapshot before exiting.
6037:M 16 Feb 2025 14:40:34.357 * DB saved on disk
6037:M 16 Feb 2025 14:40:34.357 * Removing the pid file.
6037:M 16 Feb 2025 14:40:34.357 # Redis is now ready to exit, bye bye...
8840:C 16 Feb 2025 14:40:40.846 # oO0OoO0OoO0Oo Redis is starting oO0OoO0OoO0Oo
8840:C 16 Feb 2025 14:40:40.846 # Redis version=7.0.15, bits=64, commit=00000000, modified=0, pid=8840, just started
8840:C 16 Feb 2025 14:40:40.846 # Configuration loaded
8840:M 16 Feb 2025 14:40:40.847 * Increased maximum number of open files to 10032 (it was originally set to 1024).
8840:M 16 Feb 2025 14:40:40.847 * monotonic clock: POSIX clock_gettime
8840:M 16 Feb 2025 14:40:40.863 * Running mode=standalone, port=11000.
8840:M 16 Feb 2025 14:40:40.863 # Server initialized
8840:M 16 Feb 2025 14:40:40.863 # WARNING Memory overcommit must be enabled! Without it, a background save or replication may fail under low memory condition. Being disabled, it can can also cause failures without low memory condition, see https://github.com/jemalloc/jemalloc/issues/1328. To fix this issue add 'vm.overcommit_memory = 1' to /etc/sysctl.conf and then reboot or run the command 'sysctl vm.overcommit_memory=1' for this to take effect.
8840:M 16 Feb 2025 14:40:40.865 * Loading RDB produced by version 7.0.15
8840:M 16 Feb 2025 14:40:40.865 * RDB age 6 seconds
8840:M 16 Feb 2025 14:40:40.865 * RDB memory usage when created 1.30 Mb
8840:M 16 Feb 2025 14:40:40.866 * Done loading RDB, keys loaded: 14, keys expired: 0.
8840:M 16 Feb 2025 14:40:40.866 * DB loaded from disk: 0.001 seconds
8840:M 16 Feb 2025 14:40:40.866 * Ready to accept connections
8840:signal-handler (1739719572) Received SIGTERM scheduling shutdown...
8840:M 16 Feb 2025 15:26:12.750 # User requested shutdown...
8840:M 16 Feb 2025 15:26:12.750 * Saving the final RDB snapshot before exiting.
8840:M 16 Feb 2025 15:26:12.791 * DB saved on disk
8840:M 16 Feb 2025 15:26:12.791 * Removing the pid file.
8840:M 16 Feb 2025 15:26:12.793 # Redis is now ready to exit, bye bye...
9421:C 16 Feb 2025 15:26:15.318 # oO0OoO0OoO0Oo Redis is starting oO0OoO0OoO0Oo
9421:C 16 Feb 2025 15:26:15.318 # Redis version=7.0.15, bits=64, commit=00000000, modified=0, pid=9421, just started
9421:C 16 Feb 2025 15:26:15.318 # Configuration loaded
9421:M 16 Feb 2025 15:26:15.319 * Increased maximum number of open files to 10032 (it was originally set to 1024).
9421:M 16 Feb 2025 15:26:15.319 * monotonic clock: POSIX clock_gettime
9421:M 16 Feb 2025 15:26:15.320 * Running mode=standalone, port=11000.
9421:M 16 Feb 2025 15:26:15.320 # Server initialized
9421:M 16 Feb 2025 15:26:15.320 # WARNING Memory overcommit must be enabled! Without it, a background save or replication may fail under low memory condition. Being disabled, it can can also cause failures without low memory condition, see https://github.com/jemalloc/jemalloc/issues/1328. To fix this issue add 'vm.overcommit_memory = 1' to /etc/sysctl.conf and then reboot or run the command 'sysctl vm.overcommit_memory=1' for this to take effect.
9421:M 16 Feb 2025 15:26:15.322 * Loading RDB produced by version 7.0.15
9421:M 16 Feb 2025 15:26:15.322 * RDB age 3 seconds
9421:M 16 Feb 2025 15:26:15.322 * RDB memory usage when created 1.30 Mb
9421:M 16 Feb 2025 15:26:15.322 * Done loading RDB, keys loaded: 14, keys expired: 0.
9421:M 16 Feb 2025 15:26:15.322 * DB loaded from disk: 0.001 seconds
9421:M 16 Feb 2025 15:26:15.322 * Ready to accept connections
1635:C 17 Feb 2025 06:48:45.366 # oO0OoO0OoO0Oo Redis is starting oO0OoO0OoO0Oo
1635:C 17 Feb 2025 06:48:45.366 # Redis version=7.0.15, bits=64, commit=00000000, modified=0, pid=1635, just started
1635:C 17 Feb 2025 06:48:45.366 # Configuration loaded
1635:M 17 Feb 2025 06:48:45.367 * Increased maximum number of open files to 10032 (it was originally set to 1024).
1635:M 17 Feb 2025 06:48:45.367 * monotonic clock: POSIX clock_gettime
1635:M 17 Feb 2025 06:48:45.378 * Running mode=standalone, port=11000.
1635:M 17 Feb 2025 06:48:45.378 # Server initialized
1635:M 17 Feb 2025 06:48:45.378 # WARNING Memory overcommit must be enabled! Without it, a background save or replication may fail under low memory condition. Being disabled, it can can also cause failures without low memory condition, see https://github.com/jemalloc/jemalloc/issues/1328. To fix this issue add 'vm.overcommit_memory = 1' to /etc/sysctl.conf and then reboot or run the command 'sysctl vm.overcommit_memory=1' for this to take effect.
1635:M 17 Feb 2025 06:48:45.385 * Loading RDB produced by version 7.0.15
1635:M 17 Feb 2025 06:48:45.385 * RDB age 55353 seconds
1635:M 17 Feb 2025 06:48:45.385 * RDB memory usage when created 1.30 Mb
1635:M 17 Feb 2025 06:48:45.388 * Done loading RDB, keys loaded: 12, keys expired: 2.
1635:M 17 Feb 2025 06:48:45.388 * DB loaded from disk: 0.010 seconds
1635:M 17 Feb 2025 06:48:45.388 * Ready to accept connections
1635:signal-handler (1739774939) Received SIGTERM scheduling shutdown...
1635:M 17 Feb 2025 06:48:59.320 # User requested shutdown...
1635:M 17 Feb 2025 06:48:59.320 * Saving the final RDB snapshot before exiting.
1635:M 17 Feb 2025 06:48:59.333 * DB saved on disk
1635:M 17 Feb 2025 06:48:59.333 * Removing the pid file.
1635:M 17 Feb 2025 06:48:59.335 # Redis is now ready to exit, bye bye...
1681:C 17 Feb 2025 06:49:00.739 # oO0OoO0OoO0Oo Redis is starting oO0OoO0OoO0Oo
1681:C 17 Feb 2025 06:49:00.739 # Redis version=7.0.15, bits=64, commit=00000000, modified=0, pid=1681, just started
1681:C 17 Feb 2025 06:49:00.739 # Configuration loaded
1681:M 17 Feb 2025 06:49:00.739 * Increased maximum number of open files to 10032 (it was originally set to 1024).
1681:M 17 Feb 2025 06:49:00.739 * monotonic clock: POSIX clock_gettime
1681:M 17 Feb 2025 06:49:00.739 * Running mode=standalone, port=11000.
1681:M 17 Feb 2025 06:49:00.740 # Server initialized
1681:M 17 Feb 2025 06:49:00.740 # WARNING Memory overcommit must be enabled! Without it, a background save or replication may fail under low memory condition. Being disabled, it can can also cause failures without low memory condition, see https://github.com/jemalloc/jemalloc/issues/1328. To fix this issue add 'vm.overcommit_memory = 1' to /etc/sysctl.conf and then reboot or run the command 'sysctl vm.overcommit_memory=1' for this to take effect.
1681:M 17 Feb 2025 06:49:00.740 * Loading RDB produced by version 7.0.15
1681:M 17 Feb 2025 06:49:00.740 * RDB age 1 seconds
1681:M 17 Feb 2025 06:49:00.740 * RDB memory usage when created 1.28 Mb
1681:M 17 Feb 2025 06:49:00.740 * Done loading RDB, keys loaded: 13, keys expired: 0.
1681:M 17 Feb 2025 06:49:00.740 * DB loaded from disk: 0.000 seconds
1681:M 17 Feb 2025 06:49:00.740 * Ready to accept connections
1681:M 17 Feb 2025 07:00:02.524 * 100 changes in 300 seconds. Saving...
1681:M 17 Feb 2025 07:00:02.525 * Background saving started by pid 1898
1898:C 17 Feb 2025 07:00:02.534 * DB saved on disk
1898:C 17 Feb 2025 07:00:02.535 * Fork CoW for RDB: current 0 MB, peak 0 MB, average 0 MB
1681:M 17 Feb 2025 07:00:02.626 * Background saving terminated with success
1681:M 17 Feb 2025 07:05:03.022 * 100 changes in 300 seconds. Saving...
1681:M 17 Feb 2025 07:05:03.024 * Background saving started by pid 2143
2143:C 17 Feb 2025 07:05:03.146 * DB saved on disk
2143:C 17 Feb 2025 07:05:03.147 * Fork CoW for RDB: current 0 MB, peak 0 MB, average 0 MB
1681:M 17 Feb 2025 07:05:03.233 * Background saving terminated with success
1681:M 17 Feb 2025 07:10:04.084 * 100 changes in 300 seconds. Saving...
1681:M 17 Feb 2025 07:10:04.171 * Background saving started by pid 2296
2296:C 17 Feb 2025 07:10:04.736 * DB saved on disk
2296:C 17 Feb 2025 07:10:04.737 * Fork CoW for RDB: current 0 MB, peak 0 MB, average 0 MB
1681:M 17 Feb 2025 07:10:04.786 * Background saving terminated with success
1681:M 17 Feb 2025 07:15:05.016 * 100 changes in 300 seconds. Saving...
1681:M 17 Feb 2025 07:15:05.018 * Background saving started by pid 2395
2395:C 17 Feb 2025 07:15:05.038 * DB saved on disk
2395:C 17 Feb 2025 07:15:05.040 * Fork CoW for RDB: current 0 MB, peak 0 MB, average 0 MB
1681:M 17 Feb 2025 07:15:05.119 * Background saving terminated with success
1681:M 17 Feb 2025 07:20:06.005 * 100 changes in 300 seconds. Saving...
1681:M 17 Feb 2025 07:20:06.006 * Background saving started by pid 2498
2498:C 17 Feb 2025 07:20:06.018 * DB saved on disk
2498:C 17 Feb 2025 07:20:06.019 * Fork CoW for RDB: current 0 MB, peak 0 MB, average 0 MB
1681:M 17 Feb 2025 07:20:06.107 * Background saving terminated with success
1681:M 17 Feb 2025 07:25:07.008 * 100 changes in 300 seconds. Saving...
1681:M 17 Feb 2025 07:25:07.012 * Background saving started by pid 2663
2663:C 17 Feb 2025 07:25:07.019 * DB saved on disk
2663:C 17 Feb 2025 07:25:07.019 * Fork CoW for RDB: current 0 MB, peak 0 MB, average 0 MB
1681:M 17 Feb 2025 07:25:07.115 * Background saving terminated with success
1681:M 17 Feb 2025 07:30:08.072 * 100 changes in 300 seconds. Saving...
1681:M 17 Feb 2025 07:30:08.073 * Background saving started by pid 2680
2680:C 17 Feb 2025 07:30:08.096 * DB saved on disk
2680:C 17 Feb 2025 07:30:08.099 * Fork CoW for RDB: current 0 MB, peak 0 MB, average 0 MB
1681:M 17 Feb 2025 07:30:08.174 * Background saving terminated with success
1681:M 17 Feb 2025 07:35:09.022 * 100 changes in 300 seconds. Saving...
1681:M 17 Feb 2025 07:35:09.023 * Background saving started by pid 2725
2725:C 17 Feb 2025 07:35:09.045 * DB saved on disk
2725:C 17 Feb 2025 07:35:09.047 * Fork CoW for RDB: current 0 MB, peak 0 MB, average 0 MB
1681:M 17 Feb 2025 07:35:09.124 * Background saving terminated with success
1681:M 17 Feb 2025 07:40:10.007 * 100 changes in 300 seconds. Saving...
1681:M 17 Feb 2025 07:40:10.008 * Background saving started by pid 2742
2742:C 17 Feb 2025 07:40:10.025 * DB saved on disk
2742:C 17 Feb 2025 07:40:10.026 * Fork CoW for RDB: current 0 MB, peak 0 MB, average 0 MB
1681:M 17 Feb 2025 07:40:10.109 * Background saving terminated with success
1681:M 17 Feb 2025 07:45:12.510 * 100 changes in 300 seconds. Saving...
1681:M 17 Feb 2025 07:45:12.510 * Background saving started by pid 2765
2765:C 17 Feb 2025 07:45:12.565 * DB saved on disk
2765:C 17 Feb 2025 07:45:12.566 * Fork CoW for RDB: current 0 MB, peak 0 MB, average 0 MB
1681:M 17 Feb 2025 07:45:12.611 * Background saving terminated with success
1681:M 17 Feb 2025 07:50:15.571 * 100 changes in 300 seconds. Saving...
1681:M 17 Feb 2025 07:50:15.573 * Background saving started by pid 2783
2783:C 17 Feb 2025 07:50:15.620 * DB saved on disk
2783:C 17 Feb 2025 07:50:15.623 * Fork CoW for RDB: current 0 MB, peak 0 MB, average 0 MB
1681:M 17 Feb 2025 07:50:15.675 * Background saving terminated with success
1681:M 17 Feb 2025 07:55:16.078 * 100 changes in 300 seconds. Saving...
1681:M 17 Feb 2025 07:55:16.082 * Background saving started by pid 2911
2911:C 17 Feb 2025 07:55:16.126 * DB saved on disk
2911:C 17 Feb 2025 07:55:16.129 * Fork CoW for RDB: current 0 MB, peak 0 MB, average 0 MB
1681:M 17 Feb 2025 07:55:16.183 * Background saving terminated with success
1681:M 17 Feb 2025 08:00:17.051 * 100 changes in 300 seconds. Saving...
1681:M 17 Feb 2025 08:00:17.052 * Background saving started by pid 2937
2937:C 17 Feb 2025 08:00:17.223 * DB saved on disk
2937:C 17 Feb 2025 08:00:17.224 * Fork CoW for RDB: current 0 MB, peak 0 MB, average 0 MB
1681:M 17 Feb 2025 08:00:17.257 * Background saving terminated with success
1681:M 17 Feb 2025 08:05:18.084 * 100 changes in 300 seconds. Saving...
1681:M 17 Feb 2025 08:05:18.093 * Background saving started by pid 2971
2971:C 17 Feb 2025 08:05:18.139 * DB saved on disk
2971:C 17 Feb 2025 08:05:18.141 * Fork CoW for RDB: current 0 MB, peak 0 MB, average 0 MB
1681:M 17 Feb 2025 08:05:18.194 * Background saving terminated with success
1681:M 17 Feb 2025 08:10:19.070 * 100 changes in 300 seconds. Saving...
1681:M 17 Feb 2025 08:10:19.070 * Background saving started by pid 3074
3074:C 17 Feb 2025 08:10:19.118 * DB saved on disk
3074:C 17 Feb 2025 08:10:19.119 * Fork CoW for RDB: current 0 MB, peak 0 MB, average 0 MB
1681:M 17 Feb 2025 08:10:19.171 * Background saving terminated with success
1681:M 17 Feb 2025 08:15:20.014 * 100 changes in 300 seconds. Saving...
1681:M 17 Feb 2025 08:15:20.015 * Background saving started by pid 3156
3156:C 17 Feb 2025 08:15:20.035 * DB saved on disk
3156:C 17 Feb 2025 08:15:20.037 * Fork CoW for RDB: current 0 MB, peak 0 MB, average 0 MB
1681:M 17 Feb 2025 08:15:20.116 * Background saving terminated with success
1681:M 17 Feb 2025 08:20:21.049 * 100 changes in 300 seconds. Saving...
1681:M 17 Feb 2025 08:20:21.049 * Background saving started by pid 3237
3237:C 17 Feb 2025 08:20:21.060 * DB saved on disk
3237:C 17 Feb 2025 08:20:21.061 * Fork CoW for RDB: current 0 MB, peak 0 MB, average 0 MB
1681:M 17 Feb 2025 08:20:21.150 * Background saving terminated with success
1681:M 17 Feb 2025 08:25:22.096 * 100 changes in 300 seconds. Saving...
1681:M 17 Feb 2025 08:25:22.098 * Background saving started by pid 3277
3277:C 17 Feb 2025 08:25:22.140 * DB saved on disk
3277:C 17 Feb 2025 08:25:22.141 * Fork CoW for RDB: current 0 MB, peak 0 MB, average 0 MB
1681:M 17 Feb 2025 08:25:22.198 * Background saving terminated with success
1681:M 17 Feb 2025 08:30:23.628 * 100 changes in 300 seconds. Saving...
1681:M 17 Feb 2025 08:30:23.629 * Background saving started by pid 3312
3312:C 17 Feb 2025 08:30:23.678 * DB saved on disk
3312:C 17 Feb 2025 08:30:23.681 * Fork CoW for RDB: current 0 MB, peak 0 MB, average 0 MB
1681:M 17 Feb 2025 08:30:23.729 * Background saving terminated with success
1681:M 17 Feb 2025 08:35:24.094 * 100 changes in 300 seconds. Saving...
1681:M 17 Feb 2025 08:35:24.095 * Background saving started by pid 3413
3413:C 17 Feb 2025 08:35:24.110 * DB saved on disk
3413:C 17 Feb 2025 08:35:24.111 * Fork CoW for RDB: current 0 MB, peak 0 MB, average 0 MB
1681:M 17 Feb 2025 08:35:24.196 * Background saving terminated with success
1426:C 24 Feb 2025 05:18:21.239 # oO0OoO0OoO0Oo Redis is starting oO0OoO0OoO0Oo
1426:C 24 Feb 2025 05:18:21.239 # Redis version=7.0.15, bits=64, commit=00000000, modified=0, pid=1426, just started
1426:C 24 Feb 2025 05:18:21.239 # Configuration loaded
1426:M 24 Feb 2025 05:18:21.240 * Increased maximum number of open files to 10032 (it was originally set to 1024).
1426:M 24 Feb 2025 05:18:21.240 * monotonic clock: POSIX clock_gettime
1426:M 24 Feb 2025 05:18:21.252 * Running mode=standalone, port=11000.
1426:M 24 Feb 2025 05:18:21.252 # Server initialized
1426:M 24 Feb 2025 05:18:21.252 # WARNING Memory overcommit must be enabled! Without it, a background save or replication may fail under low memory condition. Being disabled, it can can also cause failures without low memory condition, see https://github.com/jemalloc/jemalloc/issues/1328. To fix this issue add 'vm.overcommit_memory = 1' to /etc/sysctl.conf and then reboot or run the command 'sysctl vm.overcommit_memory=1' for this to take effect.
1426:M 24 Feb 2025 05:18:21.266 * Loading RDB produced by version 7.0.15
1426:M 24 Feb 2025 05:18:21.266 * RDB age 592977 seconds
1426:M 24 Feb 2025 05:18:21.266 * RDB memory usage when created 1.85 Mb
1426:M 24 Feb 2025 05:18:21.296 * Done loading RDB, keys loaded: 17, keys expired: 57.
1426:M 24 Feb 2025 05:18:21.296 * DB loaded from disk: 0.044 seconds
1426:M 24 Feb 2025 05:18:21.296 * Ready to accept connections
1426:M 24 Feb 2025 05:23:22.094 * 100 changes in 300 seconds. Saving...
1426:M 24 Feb 2025 05:23:22.094 * Background saving started by pid 1913
1913:C 24 Feb 2025 05:23:22.150 * DB saved on disk
1913:C 24 Feb 2025 05:23:22.151 * Fork CoW for RDB: current 0 MB, peak 0 MB, average 0 MB
1426:M 24 Feb 2025 05:23:22.195 * Background saving terminated with success
1426:signal-handler (1740374732) Received SIGTERM scheduling shutdown...
1426:M 24 Feb 2025 05:25:32.781 # User requested shutdown...
1426:M 24 Feb 2025 05:25:32.781 * Saving the final RDB snapshot before exiting.
1426:M 24 Feb 2025 05:25:32.835 * DB saved on disk
1426:M 24 Feb 2025 05:25:32.835 * Removing the pid file.
1426:M 24 Feb 2025 05:25:32.835 # Redis is now ready to exit, bye bye...
2190:C 24 Feb 2025 05:25:34.667 # oO0OoO0OoO0Oo Redis is starting oO0OoO0OoO0Oo
2190:C 24 Feb 2025 05:25:34.667 # Redis version=7.0.15, bits=64, commit=00000000, modified=0, pid=2190, just started
2190:C 24 Feb 2025 05:25:34.667 # Configuration loaded
2190:M 24 Feb 2025 05:25:34.667 * Increased maximum number of open files to 10032 (it was originally set to 1024).
2190:M 24 Feb 2025 05:25:34.667 * monotonic clock: POSIX clock_gettime
2190:M 24 Feb 2025 05:25:34.668 * Running mode=standalone, port=11000.
2190:M 24 Feb 2025 05:25:34.668 # Server initialized
2190:M 24 Feb 2025 05:25:34.668 # WARNING Memory overcommit must be enabled! Without it, a background save or replication may fail under low memory condition. Being disabled, it can can also cause failures without low memory condition, see https://github.com/jemalloc/jemalloc/issues/1328. To fix this issue add 'vm.overcommit_memory = 1' to /etc/sysctl.conf and then reboot or run the command 'sysctl vm.overcommit_memory=1' for this to take effect.
2190:M 24 Feb 2025 05:25:34.669 * Loading RDB produced by version 7.0.15
2190:M 24 Feb 2025 05:25:34.669 * RDB age 2 seconds
2190:M 24 Feb 2025 05:25:34.669 * RDB memory usage when created 2.23 Mb
2190:M 24 Feb 2025 05:25:34.671 * Done loading RDB, keys loaded: 186, keys expired: 0.
2190:M 24 Feb 2025 05:25:34.671 * DB loaded from disk: 0.002 seconds
2190:M 24 Feb 2025 05:25:34.671 * Ready to accept connections
2190:M 24 Feb 2025 05:30:35.036 * 100 changes in 300 seconds. Saving...
2190:M 24 Feb 2025 05:30:35.037 * Background saving started by pid 2322
2322:C 24 Feb 2025 05:30:35.054 * DB saved on disk
2322:C 24 Feb 2025 05:30:35.056 * Fork CoW for RDB: current 0 MB, peak 0 MB, average 0 MB
2190:M 24 Feb 2025 05:30:35.138 * Background saving terminated with success
2190:M 24 Feb 2025 05:35:36.066 * 100 changes in 300 seconds. Saving...
2190:M 24 Feb 2025 05:35:36.066 * Background saving started by pid 2496
2496:C 24 Feb 2025 05:35:36.082 * DB saved on disk
2496:C 24 Feb 2025 05:35:36.084 * Fork CoW for RDB: current 0 MB, peak 0 MB, average 0 MB
2190:M 24 Feb 2025 05:35:36.167 * Background saving terminated with success
2190:M 24 Feb 2025 05:40:37.052 * 100 changes in 300 seconds. Saving...
2190:M 24 Feb 2025 05:40:37.548 * Background saving started by pid 2606
2606:C 24 Feb 2025 05:40:38.912 * DB saved on disk
2606:C 24 Feb 2025 05:40:38.914 * Fork CoW for RDB: current 0 MB, peak 0 MB, average 0 MB
2190:M 24 Feb 2025 05:40:39.012 * Background saving terminated with success
2190:M 24 Feb 2025 05:45:40.059 * 100 changes in 300 seconds. Saving...
2190:M 24 Feb 2025 05:45:40.064 * Background saving started by pid 2720
2720:C 24 Feb 2025 05:45:40.213 * DB saved on disk
2720:C 24 Feb 2025 05:45:40.216 * Fork CoW for RDB: current 0 MB, peak 0 MB, average 0 MB
2190:M 24 Feb 2025 05:45:40.266 * Background saving terminated with success
2190:M 24 Feb 2025 05:50:41.091 * 100 changes in 300 seconds. Saving...
2190:M 24 Feb 2025 05:50:41.822 * Background saving started by pid 2798
2798:C 24 Feb 2025 05:50:42.125 * DB saved on disk
2798:C 24 Feb 2025 05:50:42.126 * Fork CoW for RDB: current 0 MB, peak 0 MB, average 0 MB
2190:M 24 Feb 2025 05:50:42.172 * Background saving terminated with success
2190:M 24 Feb 2025 05:55:43.005 * 100 changes in 300 seconds. Saving...
2190:M 24 Feb 2025 05:55:43.006 * Background saving started by pid 2921
2921:C 24 Feb 2025 05:55:43.016 * DB saved on disk
2921:C 24 Feb 2025 05:55:43.017 * Fork CoW for RDB: current 0 MB, peak 0 MB, average 0 MB
2190:M 24 Feb 2025 05:55:43.107 * Background saving terminated with success
2190:M 24 Feb 2025 06:00:44.076 * 100 changes in 300 seconds. Saving...
2190:M 24 Feb 2025 06:00:44.518 * Background saving started by pid 2963
2963:C 24 Feb 2025 06:00:44.942 * DB saved on disk
2963:C 24 Feb 2025 06:00:44.944 * Fork CoW for RDB: current 0 MB, peak 0 MB, average 0 MB
2190:M 24 Feb 2025 06:00:45.060 * Background saving terminated with success
2190:M 24 Feb 2025 06:05:46.021 * 100 changes in 300 seconds. Saving...
2190:M 24 Feb 2025 06:05:46.024 * Background saving started by pid 2984
2984:C 24 Feb 2025 06:05:46.040 * DB saved on disk
2984:C 24 Feb 2025 06:05:46.040 * Fork CoW for RDB: current 0 MB, peak 0 MB, average 0 MB
2190:M 24 Feb 2025 06:05:46.125 * Background saving terminated with success
2190:M 24 Feb 2025 06:10:47.080 * 100 changes in 300 seconds. Saving...
2190:M 24 Feb 2025 06:10:47.372 * Background saving started by pid 3037
3037:C 24 Feb 2025 06:10:52.297 * DB saved on disk
3037:C 24 Feb 2025 06:10:52.299 * Fork CoW for RDB: current 0 MB, peak 0 MB, average 0 MB
2190:M 24 Feb 2025 06:10:52.342 * Background saving terminated with success
2190:M 24 Feb 2025 06:15:55.798 * 100 changes in 300 seconds. Saving...
2190:M 24 Feb 2025 06:15:55.800 * Background saving started by pid 3064
3064:C 24 Feb 2025 06:15:55.821 * DB saved on disk
3064:C 24 Feb 2025 06:15:55.822 * Fork CoW for RDB: current 0 MB, peak 0 MB, average 0 MB
2190:M 24 Feb 2025 06:15:55.901 * Background saving terminated with success
2190:M 24 Feb 2025 06:20:57.181 * 100 changes in 300 seconds. Saving...
2190:M 24 Feb 2025 06:20:57.183 * Background saving started by pid 3284
3284:C 24 Feb 2025 06:20:57.199 * DB saved on disk
3284:C 24 Feb 2025 06:20:57.200 * Fork CoW for RDB: current 0 MB, peak 0 MB, average 0 MB
2190:M 24 Feb 2025 06:20:57.285 * Background saving terminated with success
2190:M 24 Feb 2025 06:25:58.065 * 100 changes in 300 seconds. Saving...
2190:M 24 Feb 2025 06:25:58.067 * Background saving started by pid 3370
3370:C 24 Feb 2025 06:25:58.091 * DB saved on disk
3370:C 24 Feb 2025 06:25:58.093 * Fork CoW for RDB: current 0 MB, peak 0 MB, average 0 MB
2190:M 24 Feb 2025 06:25:58.168 * Background saving terminated with success
2190:signal-handler (1740378549) Received SIGTERM scheduling shutdown...
2190:M 24 Feb 2025 06:29:09.383 # User requested shutdown...
2190:M 24 Feb 2025 06:29:09.383 * Saving the final RDB snapshot before exiting.
2190:M 24 Feb 2025 06:29:09.395 * DB saved on disk
2190:M 24 Feb 2025 06:29:09.395 * Removing the pid file.
2190:M 24 Feb 2025 06:29:09.396 # Redis is now ready to exit, bye bye...
3409:C 24 Feb 2025 06:29:14.751 # oO0OoO0OoO0Oo Redis is starting oO0OoO0OoO0Oo
3409:C 24 Feb 2025 06:29:14.751 # Redis version=7.0.15, bits=64, commit=00000000, modified=0, pid=3409, just started
3409:C 24 Feb 2025 06:29:14.751 # Configuration loaded
3409:M 24 Feb 2025 06:29:14.752 * Increased maximum number of open files to 10032 (it was originally set to 1024).
3409:M 24 Feb 2025 06:29:14.752 * monotonic clock: POSIX clock_gettime
3409:M 24 Feb 2025 06:29:14.752 * Running mode=standalone, port=11000.
3409:M 24 Feb 2025 06:29:14.752 # Server initialized
3409:M 24 Feb 2025 06:29:14.752 # WARNING Memory overcommit must be enabled! Without it, a background save or replication may fail under low memory condition. Being disabled, it can can also cause failures without low memory condition, see https://github.com/jemalloc/jemalloc/issues/1328. To fix this issue add 'vm.overcommit_memory = 1' to /etc/sysctl.conf and then reboot or run the command 'sysctl vm.overcommit_memory=1' for this to take effect.
3409:M 24 Feb 2025 06:29:14.753 * Loading RDB produced by version 7.0.15
3409:M 24 Feb 2025 06:29:14.753 * RDB age 5 seconds
3409:M 24 Feb 2025 06:29:14.753 * RDB memory usage when created 1.64 Mb
3409:M 24 Feb 2025 06:29:14.754 * Done loading RDB, keys loaded: 38, keys expired: 0.
3409:M 24 Feb 2025 06:29:14.754 * DB loaded from disk: 0.001 seconds
3409:M 24 Feb 2025 06:29:14.754 * Ready to accept connections
3409:M 24 Feb 2025 06:34:15.006 * 100 changes in 300 seconds. Saving...
3409:M 24 Feb 2025 06:34:15.010 * Background saving started by pid 3597
3597:C 24 Feb 2025 06:34:15.029 * DB saved on disk
3597:C 24 Feb 2025 06:34:15.030 * Fork CoW for RDB: current 0 MB, peak 0 MB, average 0 MB
3409:M 24 Feb 2025 06:34:15.113 * Background saving terminated with success
455:C 24 Feb 2025 08:46:11.214 # oO0OoO0OoO0Oo Redis is starting oO0OoO0OoO0Oo
455:C 24 Feb 2025 08:46:11.214 # Redis version=7.0.15, bits=64, commit=00000000, modified=0, pid=455, just started
455:C 24 Feb 2025 08:46:11.214 # Configuration loaded
455:M 24 Feb 2025 08:46:11.214 * Increased maximum number of open files to 10032 (it was originally set to 1024).
455:M 24 Feb 2025 08:46:11.214 * monotonic clock: POSIX clock_gettime
455:M 24 Feb 2025 08:46:11.219 * Running mode=standalone, port=11000.
455:M 24 Feb 2025 08:46:11.219 # Server initialized
455:M 24 Feb 2025 08:46:11.219 # WARNING Memory overcommit must be enabled! Without it, a background save or replication may fail under low memory condition. Being disabled, it can can also cause failures without low memory condition, see https://github.com/jemalloc/jemalloc/issues/1328. To fix this issue add 'vm.overcommit_memory = 1' to /etc/sysctl.conf and then reboot or run the command 'sysctl vm.overcommit_memory=1' for this to take effect.
455:M 24 Feb 2025 08:46:11.324 * Loading RDB produced by version 7.0.15
455:M 24 Feb 2025 08:46:11.324 * RDB age 7916 seconds
455:M 24 Feb 2025 08:46:11.324 * RDB memory usage when created 1.70 Mb
455:M 24 Feb 2025 08:46:11.358 * Done loading RDB, keys loaded: 20, keys expired: 61.
455:M 24 Feb 2025 08:46:11.358 * DB loaded from disk: 0.138 seconds
455:M 24 Feb 2025 08:46:11.358 * Ready to accept connections
455:M 24 Feb 2025 08:51:14.034 * 100 changes in 300 seconds. Saving...
455:M 24 Feb 2025 08:51:14.035 * Background saving started by pid 646
646:C 24 Feb 2025 08:51:14.056 * DB saved on disk
646:C 24 Feb 2025 08:51:14.058 * Fork CoW for RDB: current 0 MB, peak 0 MB, average 0 MB
455:M 24 Feb 2025 08:51:14.136 * Background saving terminated with success
496:C 24 Feb 2025 08:55:03.241 # oO0OoO0OoO0Oo Redis is starting oO0OoO0OoO0Oo
496:C 24 Feb 2025 08:55:03.241 # Redis version=7.0.15, bits=64, commit=00000000, modified=0, pid=496, just started
496:C 24 Feb 2025 08:55:03.241 # Configuration loaded
496:M 24 Feb 2025 08:55:03.242 * Increased maximum number of open files to 10032 (it was originally set to 1024).
496:M 24 Feb 2025 08:55:03.242 * monotonic clock: POSIX clock_gettime
496:M 24 Feb 2025 08:55:03.249 * Running mode=standalone, port=11000.
496:M 24 Feb 2025 08:55:03.249 # Server initialized
496:M 24 Feb 2025 08:55:03.249 # WARNING Memory overcommit must be enabled! Without it, a background save or replication may fail under low memory condition. Being disabled, it can can also cause failures without low memory condition, see https://github.com/jemalloc/jemalloc/issues/1328. To fix this issue add 'vm.overcommit_memory = 1' to /etc/sysctl.conf and then reboot or run the command 'sysctl vm.overcommit_memory=1' for this to take effect.
496:M 24 Feb 2025 08:55:03.272 * Loading RDB produced by version 7.0.15
496:M 24 Feb 2025 08:55:03.272 * RDB age 229 seconds
496:M 24 Feb 2025 08:55:03.272 * RDB memory usage when created 1.80 Mb
496:M 24 Feb 2025 08:55:03.275 * Done loading RDB, keys loaded: 82, keys expired: 0.
496:M 24 Feb 2025 08:55:03.275 * DB loaded from disk: 0.015 seconds
496:M 24 Feb 2025 08:55:03.275 * Ready to accept connections
496:M 24 Feb 2025 09:00:04.028 * 100 changes in 300 seconds. Saving...
496:M 24 Feb 2025 09:00:04.030 * Background saving started by pid 786
786:C 24 Feb 2025 09:00:04.089 * DB saved on disk
786:C 24 Feb 2025 09:00:04.090 * Fork CoW for RDB: current 0 MB, peak 0 MB, average 0 MB
496:M 24 Feb 2025 09:00:04.131 * Background saving terminated with success
496:M 24 Feb 2025 09:05:05.068 * 100 changes in 300 seconds. Saving...
496:M 24 Feb 2025 09:05:05.073 * Background saving started by pid 835
835:C 24 Feb 2025 09:05:05.096 * DB saved on disk
835:C 24 Feb 2025 09:05:05.097 * Fork CoW for RDB: current 0 MB, peak 0 MB, average 0 MB
496:M 24 Feb 2025 09:05:05.175 * Background saving terminated with success
496:M 24 Feb 2025 09:10:06.024 * 100 changes in 300 seconds. Saving...
496:M 24 Feb 2025 09:10:06.025 * Background saving started by pid 853
853:C 24 Feb 2025 09:10:06.035 * DB saved on disk
853:C 24 Feb 2025 09:10:06.036 * Fork CoW for RDB: current 0 MB, peak 0 MB, average 0 MB
496:M 24 Feb 2025 09:10:06.126 * Background saving terminated with success
496:M 24 Feb 2025 09:15:07.074 * 100 changes in 300 seconds. Saving...
496:M 24 Feb 2025 09:15:07.074 * Background saving started by pid 1041
1041:C 24 Feb 2025 09:15:07.130 * DB saved on disk
1041:C 24 Feb 2025 09:15:07.131 * Fork CoW for RDB: current 0 MB, peak 0 MB, average 0 MB
496:M 24 Feb 2025 09:15:07.175 * Background saving terminated with success
496:M 24 Feb 2025 09:20:08.011 * 100 changes in 300 seconds. Saving...
496:M 24 Feb 2025 09:20:08.012 * Background saving started by pid 1371
1371:C 24 Feb 2025 09:20:08.030 * DB saved on disk
1371:C 24 Feb 2025 09:20:08.032 * Fork CoW for RDB: current 0 MB, peak 0 MB, average 0 MB
496:M 24 Feb 2025 09:20:08.113 * Background saving terminated with success
496:M 24 Feb 2025 09:25:09.021 * 100 changes in 300 seconds. Saving...
496:M 24 Feb 2025 09:25:09.022 * Background saving started by pid 1619
1619:C 24 Feb 2025 09:25:09.095 * DB saved on disk
1619:C 24 Feb 2025 09:25:09.096 * Fork CoW for RDB: current 0 MB, peak 0 MB, average 0 MB
496:M 24 Feb 2025 09:25:09.123 * Background saving terminated with success
496:M 24 Feb 2025 09:30:10.013 * 100 changes in 300 seconds. Saving...
496:M 24 Feb 2025 09:30:10.015 * Background saving started by pid 1637
1637:C 24 Feb 2025 09:30:10.037 * DB saved on disk
1637:C 24 Feb 2025 09:30:10.039 * Fork CoW for RDB: current 0 MB, peak 0 MB, average 0 MB
496:M 24 Feb 2025 09:30:10.116 * Background saving terminated with success
496:M 24 Feb 2025 09:35:11.091 * 100 changes in 300 seconds. Saving...
496:M 24 Feb 2025 09:35:11.099 * Background saving started by pid 1688
1688:C 24 Feb 2025 09:35:11.113 * DB saved on disk
1688:C 24 Feb 2025 09:35:11.114 * Fork CoW for RDB: current 0 MB, peak 0 MB, average 0 MB
496:M 24 Feb 2025 09:35:11.199 * Background saving terminated with success
496:M 24 Feb 2025 09:40:12.006 * 100 changes in 300 seconds. Saving...
496:M 24 Feb 2025 09:40:12.007 * Background saving started by pid 1709
1709:C 24 Feb 2025 09:40:12.020 * DB saved on disk
1709:C 24 Feb 2025 09:40:12.021 * Fork CoW for RDB: current 0 MB, peak 0 MB, average 0 MB
496:M 24 Feb 2025 09:40:12.108 * Background saving terminated with success
496:M 24 Feb 2025 09:45:13.046 * 100 changes in 300 seconds. Saving...
496:M 24 Feb 2025 09:45:13.064 * Background saving started by pid 1733
1733:C 24 Feb 2025 09:45:13.204 * DB saved on disk
1733:C 24 Feb 2025 09:45:13.205 * Fork CoW for RDB: current 1 MB, peak 1 MB, average 0 MB
496:M 24 Feb 2025 09:45:13.278 * Background saving terminated with success
496:M 24 Feb 2025 09:50:16.742 * 100 changes in 300 seconds. Saving...
496:M 24 Feb 2025 09:50:16.744 * Background saving started by pid 1966
1966:C 24 Feb 2025 09:50:16.762 * DB saved on disk
1966:C 24 Feb 2025 09:50:16.763 * Fork CoW for RDB: current 0 MB, peak 0 MB, average 0 MB
496:M 24 Feb 2025 09:50:16.845 * Background saving terminated with success
496:M 24 Feb 2025 09:55:17.075 * 100 changes in 300 seconds. Saving...
496:M 24 Feb 2025 09:55:17.079 * Background saving started by pid 2033
2033:C 24 Feb 2025 09:55:17.091 * DB saved on disk
2033:C 24 Feb 2025 09:55:17.092 * Fork CoW for RDB: current 0 MB, peak 0 MB, average 0 MB
496:M 24 Feb 2025 09:55:17.180 * Background saving terminated with success
496:M 24 Feb 2025 10:00:18.080 * 100 changes in 300 seconds. Saving...
496:M 24 Feb 2025 10:00:18.081 * Background saving started by pid 2135
2135:C 24 Feb 2025 10:00:18.100 * DB saved on disk
2135:C 24 Feb 2025 10:00:18.103 * Fork CoW for RDB: current 0 MB, peak 0 MB, average 0 MB
496:M 24 Feb 2025 10:00:18.181 * Background saving terminated with success
496:M 24 Feb 2025 10:05:20.428 * 100 changes in 300 seconds. Saving...
496:M 24 Feb 2025 10:05:20.430 * Background saving started by pid 2276
2276:C 24 Feb 2025 10:05:20.452 * DB saved on disk
2276:C 24 Feb 2025 10:05:20.454 * Fork CoW for RDB: current 0 MB, peak 0 MB, average 0 MB
496:M 24 Feb 2025 10:05:20.530 * Background saving terminated with success
496:M 24 Feb 2025 10:10:21.097 * 100 changes in 300 seconds. Saving...
496:M 24 Feb 2025 10:10:21.098 * Background saving started by pid 2387
2387:C 24 Feb 2025 10:10:21.117 * DB saved on disk
2387:C 24 Feb 2025 10:10:21.119 * Fork CoW for RDB: current 0 MB, peak 0 MB, average 0 MB
496:M 24 Feb 2025 10:10:21.198 * Background saving terminated with success
496:M 24 Feb 2025 10:15:22.100 * 100 changes in 300 seconds. Saving...
496:M 24 Feb 2025 10:15:22.102 * Background saving started by pid 2490
2490:C 24 Feb 2025 10:15:22.125 * DB saved on disk
2490:C 24 Feb 2025 10:15:22.127 * Fork CoW for RDB: current 0 MB, peak 0 MB, average 0 MB
496:M 24 Feb 2025 10:15:22.203 * Background saving terminated with success
496:M 24 Feb 2025 10:20:24.819 * 100 changes in 300 seconds. Saving...
496:M 24 Feb 2025 10:20:24.821 * Background saving started by pid 2511
2511:C 24 Feb 2025 10:20:24.840 * DB saved on disk
2511:C 24 Feb 2025 10:20:24.841 * Fork CoW for RDB: current 0 MB, peak 0 MB, average 0 MB
496:M 24 Feb 2025 10:20:24.922 * Background saving terminated with success
496:M 24 Feb 2025 10:25:25.017 * 100 changes in 300 seconds. Saving...
496:M 24 Feb 2025 10:25:25.018 * Background saving started by pid 2599
2599:C 24 Feb 2025 10:25:25.032 * DB saved on disk
2599:C 24 Feb 2025 10:25:25.033 * Fork CoW for RDB: current 0 MB, peak 0 MB, average 0 MB
496:M 24 Feb 2025 10:25:25.118 * Background saving terminated with success
496:M 24 Feb 2025 10:30:26.014 * 100 changes in 300 seconds. Saving...
496:M 24 Feb 2025 10:30:26.015 * Background saving started by pid 2658
2658:C 24 Feb 2025 10:30:26.034 * DB saved on disk
2658:C 24 Feb 2025 10:30:26.035 * Fork CoW for RDB: current 0 MB, peak 0 MB, average 0 MB
496:M 24 Feb 2025 10:30:26.116 * Background saving terminated with success
496:M 24 Feb 2025 10:35:27.055 * 100 changes in 300 seconds. Saving...
496:M 24 Feb 2025 10:35:27.057 * Background saving started by pid 2703
2703:C 24 Feb 2025 10:35:27.077 * DB saved on disk
2703:C 24 Feb 2025 10:35:27.078 * Fork CoW for RDB: current 0 MB, peak 0 MB, average 0 MB
496:M 24 Feb 2025 10:35:27.158 * Background saving terminated with success
496:M 24 Feb 2025 10:40:28.085 * 100 changes in 300 seconds. Saving...
496:M 24 Feb 2025 10:40:28.087 * Background saving started by pid 2762
2762:C 24 Feb 2025 10:40:28.108 * DB saved on disk
2762:C 24 Feb 2025 10:40:28.108 * Fork CoW for RDB: current 0 MB, peak 0 MB, average 0 MB
496:M 24 Feb 2025 10:40:28.187 * Background saving terminated with success
496:M 24 Feb 2025 10:45:29.026 * 100 changes in 300 seconds. Saving...
496:M 24 Feb 2025 10:45:29.030 * Background saving started by pid 2801
2801:C 24 Feb 2025 10:45:29.042 * DB saved on disk
2801:C 24 Feb 2025 10:45:29.043 * Fork CoW for RDB: current 0 MB, peak 0 MB, average 0 MB
496:M 24 Feb 2025 10:45:29.131 * Background saving terminated with success
496:M 24 Feb 2025 10:50:30.090 * 100 changes in 300 seconds. Saving...
496:M 24 Feb 2025 10:50:30.092 * Background saving started by pid 2879
2879:C 24 Feb 2025 10:50:30.118 * DB saved on disk
2879:C 24 Feb 2025 10:50:30.121 * Fork CoW for RDB: current 0 MB, peak 0 MB, average 0 MB
496:M 24 Feb 2025 10:50:30.193 * Background saving terminated with success
496:M 24 Feb 2025 10:55:32.305 * 100 changes in 300 seconds. Saving...
496:M 24 Feb 2025 10:55:32.306 * Background saving started by pid 3099
3099:C 24 Feb 2025 10:55:32.320 * DB saved on disk
3099:C 24 Feb 2025 10:55:32.322 * Fork CoW for RDB: current 0 MB, peak 0 MB, average 0 MB
496:M 24 Feb 2025 10:55:32.407 * Background saving terminated with success
496:M 24 Feb 2025 11:00:33.096 * 100 changes in 300 seconds. Saving...
496:M 24 Feb 2025 11:00:33.104 * Background saving started by pid 3139
3139:C 24 Feb 2025 11:00:33.149 * DB saved on disk
3139:C 24 Feb 2025 11:00:33.150 * Fork CoW for RDB: current 0 MB, peak 0 MB, average 0 MB
496:M 24 Feb 2025 11:00:33.205 * Background saving terminated with success
496:M 24 Feb 2025 11:05:36.733 * 100 changes in 300 seconds. Saving...
496:M 24 Feb 2025 11:05:36.735 * Background saving started by pid 3320
3320:C 24 Feb 2025 11:05:36.757 * DB saved on disk
3320:C 24 Feb 2025 11:05:36.758 * Fork CoW for RDB: current 0 MB, peak 0 MB, average 0 MB
496:M 24 Feb 2025 11:05:36.836 * Background saving terminated with success
496:M 24 Feb 2025 11:10:37.049 * 100 changes in 300 seconds. Saving...
496:M 24 Feb 2025 11:10:37.051 * Background saving started by pid 3435
3435:C 24 Feb 2025 11:10:37.066 * DB saved on disk
3435:C 24 Feb 2025 11:10:37.067 * Fork CoW for RDB: current 0 MB, peak 0 MB, average 0 MB
496:M 24 Feb 2025 11:10:37.152 * Background saving terminated with success
496:M 24 Feb 2025 11:15:38.099 * 100 changes in 300 seconds. Saving...
496:M 24 Feb 2025 11:15:38.101 * Background saving started by pid 3576
3576:C 24 Feb 2025 11:15:38.214 * DB saved on disk
3576:C 24 Feb 2025 11:15:38.215 * Fork CoW for RDB: current 0 MB, peak 0 MB, average 0 MB
496:M 24 Feb 2025 11:15:38.302 * Background saving terminated with success
496:M 24 Feb 2025 11:20:39.083 * 100 changes in 300 seconds. Saving...
496:M 24 Feb 2025 11:20:39.083 * Background saving started by pid 3702
3702:C 24 Feb 2025 11:20:39.091 * DB saved on disk
3702:C 24 Feb 2025 11:20:39.092 * Fork CoW for RDB: current 0 MB, peak 0 MB, average 0 MB
496:M 24 Feb 2025 11:20:39.184 * Background saving terminated with success
496:M 24 Feb 2025 11:25:40.090 * 100 changes in 300 seconds. Saving...
496:M 24 Feb 2025 11:25:40.092 * Background saving started by pid 3860
3860:C 24 Feb 2025 11:25:40.152 * DB saved on disk
3860:C 24 Feb 2025 11:25:40.154 * Fork CoW for RDB: current 0 MB, peak 0 MB, average 0 MB
496:M 24 Feb 2025 11:25:40.193 * Background saving terminated with success
496:M 24 Feb 2025 11:30:43.797 * 100 changes in 300 seconds. Saving...
496:M 24 Feb 2025 11:30:43.800 * Background saving started by pid 3915
3915:C 24 Feb 2025 11:30:43.823 * DB saved on disk
3915:C 24 Feb 2025 11:30:43.826 * Fork CoW for RDB: current 0 MB, peak 0 MB, average 0 MB
496:M 24 Feb 2025 11:30:43.902 * Background saving terminated with success
496:M 24 Feb 2025 11:35:44.053 * 100 changes in 300 seconds. Saving...
496:M 24 Feb 2025 11:35:44.055 * Background saving started by pid 4041
4041:C 24 Feb 2025 11:35:44.067 * DB saved on disk
4041:C 24 Feb 2025 11:35:44.068 * Fork CoW for RDB: current 0 MB, peak 0 MB, average 0 MB
496:M 24 Feb 2025 11:35:44.156 * Background saving terminated with success
398:C 24 Feb 2025 13:59:28.891 # oO0OoO0OoO0Oo Redis is starting oO0OoO0OoO0Oo
398:C 24 Feb 2025 13:59:28.891 # Redis version=7.0.15, bits=64, commit=00000000, modified=0, pid=398, just started
398:C 24 Feb 2025 13:59:28.891 # Configuration loaded
398:M 24 Feb 2025 13:59:28.892 * Increased maximum number of open files to 10032 (it was originally set to 1024).
398:M 24 Feb 2025 13:59:28.892 * monotonic clock: POSIX clock_gettime
398:M 24 Feb 2025 13:59:28.909 * Running mode=standalone, port=11000.
398:M 24 Feb 2025 13:59:28.909 # Server initialized
398:M 24 Feb 2025 13:59:28.909 # WARNING Memory overcommit must be enabled! Without it, a background save or replication may fail under low memory condition. Being disabled, it can can also cause failures without low memory condition, see https://github.com/jemalloc/jemalloc/issues/1328. To fix this issue add 'vm.overcommit_memory = 1' to /etc/sysctl.conf and then reboot or run the command 'sysctl vm.overcommit_memory=1' for this to take effect.
398:M 24 Feb 2025 13:59:28.911 * Loading RDB produced by version 7.0.15
398:M 24 Feb 2025 13:59:28.912 * RDB age 8624 seconds
398:M 24 Feb 2025 13:59:28.912 * RDB memory usage when created 1.78 Mb
398:M 24 Feb 2025 13:59:28.917 * Done loading RDB, keys loaded: 19, keys expired: 59.
398:M 24 Feb 2025 13:59:28.917 * DB loaded from disk: 0.008 seconds
398:M 24 Feb 2025 13:59:28.917 * Ready to accept connections
398:M 24 Feb 2025 14:04:29.029 * 100 changes in 300 seconds. Saving...
398:M 24 Feb 2025 14:04:29.029 * Background saving started by pid 671
671:C 24 Feb 2025 14:04:29.045 * DB saved on disk
671:C 24 Feb 2025 14:04:29.046 * Fork CoW for RDB: current 0 MB, peak 0 MB, average 0 MB
398:M 24 Feb 2025 14:04:29.130 * Background saving terminated with success
398:M 24 Feb 2025 14:09:30.733 * 100 changes in 300 seconds. Saving...
398:M 24 Feb 2025 14:09:30.734 * Background saving started by pid 688
688:C 24 Feb 2025 14:09:30.753 * DB saved on disk
688:C 24 Feb 2025 14:09:30.754 * Fork CoW for RDB: current 0 MB, peak 0 MB, average 0 MB
398:M 24 Feb 2025 14:09:30.835 * Background saving terminated with success
398:M 24 Feb 2025 14:14:31.055 * 100 changes in 300 seconds. Saving...
398:M 24 Feb 2025 14:14:31.057 * Background saving started by pid 703
703:C 24 Feb 2025 14:14:31.083 * DB saved on disk
703:C 24 Feb 2025 14:14:31.085 * Fork CoW for RDB: current 0 MB, peak 0 MB, average 0 MB
398:M 24 Feb 2025 14:14:31.157 * Background saving terminated with success
398:M 24 Feb 2025 14:19:32.049 * 100 changes in 300 seconds. Saving...
398:M 24 Feb 2025 14:19:32.050 * Background saving started by pid 737
737:C 24 Feb 2025 14:19:32.071 * DB saved on disk
737:C 24 Feb 2025 14:19:32.073 * Fork CoW for RDB: current 0 MB, peak 0 MB, average 0 MB
398:M 24 Feb 2025 14:19:32.151 * Background saving terminated with success
398:M 24 Feb 2025 14:24:33.095 * 100 changes in 300 seconds. Saving...
398:M 24 Feb 2025 14:24:33.097 * Background saving started by pid 755
755:C 24 Feb 2025 14:24:33.117 * DB saved on disk
755:C 24 Feb 2025 14:24:33.119 * Fork CoW for RDB: current 0 MB, peak 0 MB, average 0 MB
398:M 24 Feb 2025 14:24:33.198 * Background saving terminated with success
398:M 24 Feb 2025 14:29:34.008 * 100 changes in 300 seconds. Saving...
398:M 24 Feb 2025 14:29:34.010 * Background saving started by pid 769
769:C 24 Feb 2025 14:29:34.028 * DB saved on disk
769:C 24 Feb 2025 14:29:34.029 * Fork CoW for RDB: current 0 MB, peak 0 MB, average 0 MB
398:M 24 Feb 2025 14:29:34.110 * Background saving terminated with success
398:M 24 Feb 2025 14:34:35.029 * 100 changes in 300 seconds. Saving...
398:M 24 Feb 2025 14:34:35.030 * Background saving started by pid 836
836:C 24 Feb 2025 14:34:35.054 * DB saved on disk
836:C 24 Feb 2025 14:34:35.056 * Fork CoW for RDB: current 0 MB, peak 0 MB, average 0 MB
398:M 24 Feb 2025 14:34:35.131 * Background saving terminated with success
398:M 24 Feb 2025 14:39:36.022 * 100 changes in 300 seconds. Saving...
398:M 24 Feb 2025 14:39:36.024 * Background saving started by pid 854
854:C 24 Feb 2025 14:39:36.084 * DB saved on disk
854:C 24 Feb 2025 14:39:36.086 * Fork CoW for RDB: current 0 MB, peak 0 MB, average 0 MB
398:M 24 Feb 2025 14:39:36.125 * Background saving terminated with success
398:M 24 Feb 2025 14:44:37.050 * 100 changes in 300 seconds. Saving...
398:M 24 Feb 2025 14:44:37.057 * Background saving started by pid 868
868:C 24 Feb 2025 14:44:37.079 * DB saved on disk
868:C 24 Feb 2025 14:44:37.080 * Fork CoW for RDB: current 0 MB, peak 0 MB, average 0 MB
398:M 24 Feb 2025 14:44:37.158 * Background saving terminated with success
398:M 24 Feb 2025 14:49:38.029 * 100 changes in 300 seconds. Saving...
398:M 24 Feb 2025 14:49:38.032 * Background saving started by pid 888
888:C 24 Feb 2025 14:49:38.054 * DB saved on disk
888:C 24 Feb 2025 14:49:38.055 * Fork CoW for RDB: current 0 MB, peak 0 MB, average 0 MB
398:M 24 Feb 2025 14:49:38.133 * Background saving terminated with success
398:M 24 Feb 2025 14:54:39.028 * 100 changes in 300 seconds. Saving...
398:M 24 Feb 2025 14:54:39.029 * Background saving started by pid 911
911:C 24 Feb 2025 14:54:39.061 * DB saved on disk
911:C 24 Feb 2025 14:54:39.063 * Fork CoW for RDB: current 0 MB, peak 0 MB, average 0 MB
398:M 24 Feb 2025 14:54:39.130 * Background saving terminated with success
398:M 24 Feb 2025 14:59:40.045 * 100 changes in 300 seconds. Saving...
398:M 24 Feb 2025 14:59:40.047 * Background saving started by pid 923
923:C 24 Feb 2025 14:59:40.065 * DB saved on disk
923:C 24 Feb 2025 14:59:40.067 * Fork CoW for RDB: current 0 MB, peak 0 MB, average 0 MB
398:M 24 Feb 2025 14:59:40.148 * Background saving terminated with success
398:M 24 Feb 2025 15:04:41.045 * 100 changes in 300 seconds. Saving...
398:M 24 Feb 2025 15:04:41.048 * Background saving started by pid 945
945:C 24 Feb 2025 15:04:41.087 * DB saved on disk
945:C 24 Feb 2025 15:04:41.088 * Fork CoW for RDB: current 0 MB, peak 0 MB, average 0 MB
398:M 24 Feb 2025 15:04:41.148 * Background saving terminated with success
398:M 24 Feb 2025 15:09:42.075 * 100 changes in 300 seconds. Saving...
398:M 24 Feb 2025 15:09:42.079 * Background saving started by pid 969
969:C 24 Feb 2025 15:09:42.109 * DB saved on disk
969:C 24 Feb 2025 15:09:42.112 * Fork CoW for RDB: current 0 MB, peak 0 MB, average 0 MB
398:M 24 Feb 2025 15:09:42.179 * Background saving terminated with success
398:M 24 Feb 2025 15:14:43.015 * 100 changes in 300 seconds. Saving...
398:M 24 Feb 2025 15:14:43.016 * Background saving started by pid 993
993:C 24 Feb 2025 15:14:43.036 * DB saved on disk
993:C 24 Feb 2025 15:14:43.038 * Fork CoW for RDB: current 0 MB, peak 0 MB, average 0 MB
398:M 24 Feb 2025 15:14:43.117 * Background saving terminated with success
398:M 24 Feb 2025 15:19:44.026 * 100 changes in 300 seconds. Saving...
398:M 24 Feb 2025 15:19:44.027 * Background saving started by pid 1013
1013:C 24 Feb 2025 15:19:44.049 * DB saved on disk
1013:C 24 Feb 2025 15:19:44.051 * Fork CoW for RDB: current 0 MB, peak 0 MB, average 0 MB
398:M 24 Feb 2025 15:19:44.128 * Background saving terminated with success
398:M 24 Feb 2025 15:24:45.083 * 100 changes in 300 seconds. Saving...
398:M 24 Feb 2025 15:24:45.083 * Background saving started by pid 1030
1030:C 24 Feb 2025 15:24:45.121 * DB saved on disk
1030:C 24 Feb 2025 15:24:45.122 * Fork CoW for RDB: current 0 MB, peak 0 MB, average 0 MB
398:M 24 Feb 2025 15:24:45.184 * Background saving terminated with success
398:M 24 Feb 2025 15:29:46.064 * 100 changes in 300 seconds. Saving...
398:M 24 Feb 2025 15:29:46.064 * Background saving started by pid 1045
1045:C 24 Feb 2025 15:29:46.075 * DB saved on disk
1045:C 24 Feb 2025 15:29:46.075 * Fork CoW for RDB: current 0 MB, peak 0 MB, average 0 MB
398:M 24 Feb 2025 15:29:46.165 * Background saving terminated with success
389:C 24 Feb 2025 15:32:57.763 # oO0OoO0OoO0Oo Redis is starting oO0OoO0OoO0Oo
389:C 24 Feb 2025 15:32:57.763 # Redis version=7.0.15, bits=64, commit=00000000, modified=0, pid=389, just started
389:C 24 Feb 2025 15:32:57.763 # Configuration loaded
389:M 24 Feb 2025 15:32:57.764 * Increased maximum number of open files to 10032 (it was originally set to 1024).
389:M 24 Feb 2025 15:32:57.764 * monotonic clock: POSIX clock_gettime
389:M 24 Feb 2025 15:32:57.799 * Running mode=standalone, port=11000.
389:M 24 Feb 2025 15:32:57.799 # Server initialized
389:M 24 Feb 2025 15:32:57.799 # WARNING Memory overcommit must be enabled! Without it, a background save or replication may fail under low memory condition. Being disabled, it can can also cause failures without low memory condition, see https://github.com/jemalloc/jemalloc/issues/1328. To fix this issue add 'vm.overcommit_memory = 1' to /etc/sysctl.conf and then reboot or run the command 'sysctl vm.overcommit_memory=1' for this to take effect.
389:M 24 Feb 2025 15:32:57.825 * Loading RDB produced by version 7.0.15
389:M 24 Feb 2025 15:32:57.825 * RDB age 191 seconds
389:M 24 Feb 2025 15:32:57.825 * RDB memory usage when created 1.67 Mb
389:M 24 Feb 2025 15:32:58.022 * Done loading RDB, keys loaded: 30, keys expired: 2.
389:M 24 Feb 2025 15:32:58.022 * DB loaded from disk: 0.222 seconds
389:M 24 Feb 2025 15:32:58.022 * Ready to accept connections
485:C 24 Feb 2025 15:33:12.463 # oO0OoO0OoO0Oo Redis is starting oO0OoO0OoO0Oo
485:C 24 Feb 2025 15:33:12.463 # Redis version=7.0.15, bits=64, commit=00000000, modified=0, pid=485, just started
485:C 24 Feb 2025 15:33:12.463 # Configuration loaded
485:M 24 Feb 2025 15:33:12.464 * Increased maximum number of open files to 10032 (it was originally set to 1024).
485:M 24 Feb 2025 15:33:12.464 * monotonic clock: POSIX clock_gettime
485:M 24 Feb 2025 15:33:12.465 * Running mode=standalone, port=11000.
485:M 24 Feb 2025 15:33:12.465 # Server initialized
485:M 24 Feb 2025 15:33:12.465 # WARNING Memory overcommit must be enabled! Without it, a background save or replication may fail under low memory condition. Being disabled, it can can also cause failures without low memory condition, see https://github.com/jemalloc/jemalloc/issues/1328. To fix this issue add 'vm.overcommit_memory = 1' to /etc/sysctl.conf and then reboot or run the command 'sysctl vm.overcommit_memory=1' for this to take effect.
485:M 24 Feb 2025 15:33:12.480 * Loading RDB produced by version 7.0.15
485:M 24 Feb 2025 15:33:12.480 * RDB age 206 seconds
485:M 24 Feb 2025 15:33:12.481 * RDB memory usage when created 1.67 Mb
485:M 24 Feb 2025 15:33:12.485 * Done loading RDB, keys loaded: 30, keys expired: 2.
485:M 24 Feb 2025 15:33:12.485 * DB loaded from disk: 0.006 seconds
485:M 24 Feb 2025 15:33:12.486 * Ready to accept connections
485:M 24 Feb 2025 15:38:13.087 * 100 changes in 300 seconds. Saving...
485:M 24 Feb 2025 15:38:13.088 * Background saving started by pid 744
744:C 24 Feb 2025 15:38:13.106 * DB saved on disk
744:C 24 Feb 2025 15:38:13.107 * Fork CoW for RDB: current 0 MB, peak 0 MB, average 0 MB
485:M 24 Feb 2025 15:38:13.189 * Background saving terminated with success
485:M 24 Feb 2025 15:43:14.096 * 100 changes in 300 seconds. Saving...
485:M 24 Feb 2025 15:43:14.096 * Background saving started by pid 870
870:C 24 Feb 2025 15:43:14.124 * DB saved on disk
870:C 24 Feb 2025 15:43:14.130 * Fork CoW for RDB: current 0 MB, peak 0 MB, average 0 MB
485:M 24 Feb 2025 15:43:14.198 * Background saving terminated with success
485:M 24 Feb 2025 15:48:15.039 * 100 changes in 300 seconds. Saving...
485:M 24 Feb 2025 15:48:15.040 * Background saving started by pid 964
964:C 24 Feb 2025 15:48:15.065 * DB saved on disk
964:C 24 Feb 2025 15:48:15.066 * Fork CoW for RDB: current 0 MB, peak 0 MB, average 0 MB
485:M 24 Feb 2025 15:48:15.141 * Background saving terminated with success
485:M 24 Feb 2025 15:53:16.017 * 100 changes in 300 seconds. Saving...
485:M 24 Feb 2025 15:53:16.017 * Background saving started by pid 1124
1124:C 24 Feb 2025 15:53:16.030 * DB saved on disk
1124:C 24 Feb 2025 15:53:16.032 * Fork CoW for RDB: current 0 MB, peak 0 MB, average 0 MB
485:M 24 Feb 2025 15:53:16.118 * Background saving terminated with success
485:M 24 Feb 2025 15:58:17.009 * 100 changes in 300 seconds. Saving...
485:M 24 Feb 2025 15:58:17.009 * Background saving started by pid 1266
1266:C 24 Feb 2025 15:58:17.024 * DB saved on disk
1266:C 24 Feb 2025 15:58:17.025 * Fork CoW for RDB: current 0 MB, peak 0 MB, average 0 MB
485:M 24 Feb 2025 15:58:17.110 * Background saving terminated with success
485:M 24 Feb 2025 16:03:18.026 * 100 changes in 300 seconds. Saving...
485:M 24 Feb 2025 16:03:18.027 * Background saving started by pid 1380
1380:C 24 Feb 2025 16:03:18.047 * DB saved on disk
1380:C 24 Feb 2025 16:03:18.048 * Fork CoW for RDB: current 0 MB, peak 0 MB, average 0 MB
485:M 24 Feb 2025 16:03:18.128 * Background saving terminated with success
485:M 24 Feb 2025 16:08:19.083 * 100 changes in 300 seconds. Saving...
485:M 24 Feb 2025 16:08:19.083 * Background saving started by pid 1481
1481:C 24 Feb 2025 16:08:19.096 * DB saved on disk
1481:C 24 Feb 2025 16:08:19.098 * Fork CoW for RDB: current 0 MB, peak 0 MB, average 0 MB
485:M 24 Feb 2025 16:08:19.184 * Background saving terminated with success
485:M 24 Feb 2025 16:13:20.017 * 100 changes in 300 seconds. Saving...
485:M 24 Feb 2025 16:13:20.019 * Background saving started by pid 1526
1526:C 24 Feb 2025 16:13:20.038 * DB saved on disk
1526:C 24 Feb 2025 16:13:20.040 * Fork CoW for RDB: current 0 MB, peak 0 MB, average 0 MB
485:M 24 Feb 2025 16:13:20.120 * Background saving terminated with success
485:M 24 Feb 2025 16:18:21.046 * 100 changes in 300 seconds. Saving...
485:M 24 Feb 2025 16:18:21.047 * Background saving started by pid 1585
1585:C 24 Feb 2025 16:18:21.066 * DB saved on disk
1585:C 24 Feb 2025 16:18:21.068 * Fork CoW for RDB: current 0 MB, peak 0 MB, average 0 MB
485:M 24 Feb 2025 16:18:21.148 * Background saving terminated with success
485:M 24 Feb 2025 16:23:22.016 * 100 changes in 300 seconds. Saving...
485:M 24 Feb 2025 16:23:22.017 * Background saving started by pid 1613
1613:C 24 Feb 2025 16:23:22.040 * DB saved on disk
1613:C 24 Feb 2025 16:23:22.043 * Fork CoW for RDB: current 0 MB, peak 0 MB, average 0 MB
485:M 24 Feb 2025 16:23:22.118 * Background saving terminated with success
485:M 24 Feb 2025 16:28:23.071 * 100 changes in 300 seconds. Saving...
485:M 24 Feb 2025 16:28:23.072 * Background saving started by pid 1672
1672:C 24 Feb 2025 16:28:23.096 * DB saved on disk
1672:C 24 Feb 2025 16:28:23.098 * Fork CoW for RDB: current 0 MB, peak 0 MB, average 0 MB
485:M 24 Feb 2025 16:28:23.173 * Background saving terminated with success
485:M 24 Feb 2025 16:33:24.040 * 100 changes in 300 seconds. Saving...
485:M 24 Feb 2025 16:33:24.041 * Background saving started by pid 1767
1767:C 24 Feb 2025 16:33:24.055 * DB saved on disk
1767:C 24 Feb 2025 16:33:24.056 * Fork CoW for RDB: current 0 MB, peak 0 MB, average 0 MB
485:M 24 Feb 2025 16:33:24.142 * Background saving terminated with success
485:M 24 Feb 2025 16:38:25.084 * 100 changes in 300 seconds. Saving...
485:M 24 Feb 2025 16:38:25.085 * Background saving started by pid 1830
1830:C 24 Feb 2025 16:38:25.100 * DB saved on disk
1830:C 24 Feb 2025 16:38:25.102 * Fork CoW for RDB: current 0 MB, peak 0 MB, average 0 MB
485:M 24 Feb 2025 16:38:25.185 * Background saving terminated with success
485:M 24 Feb 2025 16:43:26.020 * 100 changes in 300 seconds. Saving...
485:M 24 Feb 2025 16:43:26.021 * Background saving started by pid 1932
1932:C 24 Feb 2025 16:43:26.216 * DB saved on disk
1932:C 24 Feb 2025 16:43:26.217 * Fork CoW for RDB: current 0 MB, peak 0 MB, average 0 MB
485:M 24 Feb 2025 16:43:26.238 * Background saving terminated with success
485:M 24 Feb 2025 16:48:27.044 * 100 changes in 300 seconds. Saving...
485:M 24 Feb 2025 16:48:27.046 * Background saving started by pid 1975
1975:C 24 Feb 2025 16:48:27.068 * DB saved on disk
1975:C 24 Feb 2025 16:48:27.070 * Fork CoW for RDB: current 0 MB, peak 0 MB, average 0 MB
485:M 24 Feb 2025 16:48:27.147 * Background saving terminated with success
485:M 24 Feb 2025 16:53:28.064 * 100 changes in 300 seconds. Saving...
485:M 24 Feb 2025 16:53:28.065 * Background saving started by pid 2028
2028:C 24 Feb 2025 16:53:28.084 * DB saved on disk
2028:C 24 Feb 2025 16:53:28.085 * Fork CoW for RDB: current 0 MB, peak 0 MB, average 0 MB
485:M 24 Feb 2025 16:53:28.166 * Background saving terminated with success
485:M 24 Feb 2025 16:58:29.041 * 100 changes in 300 seconds. Saving...
485:M 24 Feb 2025 16:58:29.042 * Background saving started by pid 2089
2089:C 24 Feb 2025 16:58:29.062 * DB saved on disk
2089:C 24 Feb 2025 16:58:29.064 * Fork CoW for RDB: current 0 MB, peak 0 MB, average 0 MB
485:M 24 Feb 2025 16:58:29.143 * Background saving terminated with success
485:M 24 Feb 2025 17:03:30.073 * 100 changes in 300 seconds. Saving...
485:M 24 Feb 2025 17:03:30.074 * Background saving started by pid 2132
2132:C 24 Feb 2025 17:03:30.128 * DB saved on disk
2132:C 24 Feb 2025 17:03:30.131 * Fork CoW for RDB: current 0 MB, peak 0 MB, average 0 MB
485:M 24 Feb 2025 17:03:30.175 * Background saving terminated with success
485:M 24 Feb 2025 17:08:31.092 * 100 changes in 300 seconds. Saving...
485:M 24 Feb 2025 17:08:31.093 * Background saving started by pid 2167
2167:C 24 Feb 2025 17:08:31.156 * DB saved on disk
2167:C 24 Feb 2025 17:08:31.158 * Fork CoW for RDB: current 0 MB, peak 0 MB, average 0 MB
485:M 24 Feb 2025 17:08:31.194 * Background saving terminated with success
485:M 24 Feb 2025 17:13:32.073 * 100 changes in 300 seconds. Saving...
485:M 24 Feb 2025 17:13:32.075 * Background saving started by pid 2225
2225:C 24 Feb 2025 17:13:32.099 * DB saved on disk
2225:C 24 Feb 2025 17:13:32.101 * Fork CoW for RDB: current 0 MB, peak 0 MB, average 0 MB
485:M 24 Feb 2025 17:13:32.176 * Background saving terminated with success
485:M 24 Feb 2025 17:18:33.073 * 100 changes in 300 seconds. Saving...
485:M 24 Feb 2025 17:18:33.075 * Background saving started by pid 2304
2304:C 24 Feb 2025 17:18:33.099 * DB saved on disk
2304:C 24 Feb 2025 17:18:33.102 * Fork CoW for RDB: current 0 MB, peak 0 MB, average 0 MB
485:M 24 Feb 2025 17:18:33.176 * Background saving terminated with success
485:M 24 Feb 2025 17:23:34.047 * 100 changes in 300 seconds. Saving...
485:M 24 Feb 2025 17:23:34.048 * Background saving started by pid 2449
2449:C 24 Feb 2025 17:23:34.061 * DB saved on disk
2449:C 24 Feb 2025 17:23:34.062 * Fork CoW for RDB: current 0 MB, peak 0 MB, average 0 MB
485:M 24 Feb 2025 17:23:34.148 * Background saving terminated with success
485:M 24 Feb 2025 17:28:35.075 * 100 changes in 300 seconds. Saving...
485:M 24 Feb 2025 17:28:35.076 * Background saving started by pid 2492
2492:C 24 Feb 2025 17:28:35.096 * DB saved on disk
2492:C 24 Feb 2025 17:28:35.098 * Fork CoW for RDB: current 0 MB, peak 0 MB, average 0 MB
485:M 24 Feb 2025 17:28:35.177 * Background saving terminated with success
485:signal-handler (1740418357) Received SIGTERM scheduling shutdown...
485:M 24 Feb 2025 17:32:37.137 # User requested shutdown...
485:M 24 Feb 2025 17:32:37.138 * Saving the final RDB snapshot before exiting.
485:M 24 Feb 2025 17:32:37.156 * DB saved on disk
485:M 24 Feb 2025 17:32:37.156 * Removing the pid file.
485:M 24 Feb 2025 17:32:37.157 # Redis is now ready to exit, bye bye...
2530:C 24 Feb 2025 17:32:39.404 # oO0OoO0OoO0Oo Redis is starting oO0OoO0OoO0Oo
2530:C 24 Feb 2025 17:32:39.404 # Redis version=7.0.15, bits=64, commit=00000000, modified=0, pid=2530, just started
2530:C 24 Feb 2025 17:32:39.404 # Configuration loaded
2530:M 24 Feb 2025 17:32:39.405 * Increased maximum number of open files to 10032 (it was originally set to 1024).
2530:M 24 Feb 2025 17:32:39.405 * monotonic clock: POSIX clock_gettime
2530:M 24 Feb 2025 17:32:39.407 * Running mode=standalone, port=11000.
2530:M 24 Feb 2025 17:32:39.407 # Server initialized
2530:M 24 Feb 2025 17:32:39.407 # WARNING Memory overcommit must be enabled! Without it, a background save or replication may fail under low memory condition. Being disabled, it can can also cause failures without low memory condition, see https://github.com/jemalloc/jemalloc/issues/1328. To fix this issue add 'vm.overcommit_memory = 1' to /etc/sysctl.conf and then reboot or run the command 'sysctl vm.overcommit_memory=1' for this to take effect.
2530:M 24 Feb 2025 17:32:39.441 * Loading RDB produced by version 7.0.15
2530:M 24 Feb 2025 17:32:39.441 * RDB age 2 seconds
2530:M 24 Feb 2025 17:32:39.441 * RDB memory usage when created 1.76 Mb
2530:M 24 Feb 2025 17:32:39.442 * Done loading RDB, keys loaded: 70, keys expired: 0.
2530:M 24 Feb 2025 17:32:39.442 * DB loaded from disk: 0.001 seconds
2530:M 24 Feb 2025 17:32:39.442 * Ready to accept connections
2530:signal-handler (1740418461) Received SIGTERM scheduling shutdown...
2530:M 24 Feb 2025 17:34:21.856 # User requested shutdown...
2530:M 24 Feb 2025 17:34:21.856 * Saving the final RDB snapshot before exiting.
2530:M 24 Feb 2025 17:34:21.888 * DB saved on disk
2530:M 24 Feb 2025 17:34:21.888 * Removing the pid file.
2530:M 24 Feb 2025 17:34:21.888 # Redis is now ready to exit, bye bye...
2608:C 24 Feb 2025 17:34:22.354 # oO0OoO0OoO0Oo Redis is starting oO0OoO0OoO0Oo
2608:C 24 Feb 2025 17:34:22.354 # Redis version=7.0.15, bits=64, commit=00000000, modified=0, pid=2608, just started
2608:C 24 Feb 2025 17:34:22.354 # Configuration loaded
2608:M 24 Feb 2025 17:34:22.355 * Increased maximum number of open files to 10032 (it was originally set to 1024).
2608:M 24 Feb 2025 17:34:22.355 * monotonic clock: POSIX clock_gettime
2608:M 24 Feb 2025 17:34:22.386 * Running mode=standalone, port=11000.
2608:M 24 Feb 2025 17:34:22.386 # Server initialized
2608:M 24 Feb 2025 17:34:22.386 # WARNING Memory overcommit must be enabled! Without it, a background save or replication may fail under low memory condition. Being disabled, it can can also cause failures without low memory condition, see https://github.com/jemalloc/jemalloc/issues/1328. To fix this issue add 'vm.overcommit_memory = 1' to /etc/sysctl.conf and then reboot or run the command 'sysctl vm.overcommit_memory=1' for this to take effect.
2608:M 24 Feb 2025 17:34:22.386 * Loading RDB produced by version 7.0.15
2608:M 24 Feb 2025 17:34:22.386 * RDB age 1 seconds
2608:M 24 Feb 2025 17:34:22.386 * RDB memory usage when created 1.73 Mb
2608:M 24 Feb 2025 17:34:22.387 * Done loading RDB, keys loaded: 78, keys expired: 0.
2608:M 24 Feb 2025 17:34:22.387 * DB loaded from disk: 0.001 seconds
2608:M 24 Feb 2025 17:34:22.387 * Ready to accept connections
2608:signal-handler (1740418678) Received SIGTERM scheduling shutdown...
2608:M 24 Feb 2025 17:37:58.829 # User requested shutdown...
2608:M 24 Feb 2025 17:37:58.829 * Saving the final RDB snapshot before exiting.
2608:M 24 Feb 2025 17:37:58.845 * DB saved on disk
2608:M 24 Feb 2025 17:37:58.845 * Removing the pid file.
2608:M 24 Feb 2025 17:37:58.845 # Redis is now ready to exit, bye bye...
2803:C 24 Feb 2025 17:38:00.353 # oO0OoO0OoO0Oo Redis is starting oO0OoO0OoO0Oo
2803:C 24 Feb 2025 17:38:00.353 # Redis version=7.0.15, bits=64, commit=00000000, modified=0, pid=2803, just started
2803:C 24 Feb 2025 17:38:00.353 # Configuration loaded
2803:M 24 Feb 2025 17:38:00.353 * Increased maximum number of open files to 10032 (it was originally set to 1024).
2803:M 24 Feb 2025 17:38:00.353 * monotonic clock: POSIX clock_gettime
2803:M 24 Feb 2025 17:38:00.354 * Running mode=standalone, port=11000.
2803:M 24 Feb 2025 17:38:00.354 # Server initialized
2803:M 24 Feb 2025 17:38:00.354 # WARNING Memory overcommit must be enabled! Without it, a background save or replication may fail under low memory condition. Being disabled, it can can also cause failures without low memory condition, see https://github.com/jemalloc/jemalloc/issues/1328. To fix this issue add 'vm.overcommit_memory = 1' to /etc/sysctl.conf and then reboot or run the command 'sysctl vm.overcommit_memory=1' for this to take effect.
2803:M 24 Feb 2025 17:38:00.369 * Loading RDB produced by version 7.0.15
2803:M 24 Feb 2025 17:38:00.369 * RDB age 2 seconds
2803:M 24 Feb 2025 17:38:00.369 * RDB memory usage when created 1.69 Mb
2803:M 24 Feb 2025 17:38:00.370 * Done loading RDB, keys loaded: 83, keys expired: 0.
2803:M 24 Feb 2025 17:38:00.370 * DB loaded from disk: 0.001 seconds
2803:M 24 Feb 2025 17:38:00.370 * Ready to accept connections
2803:signal-handler (1740418746) Received SIGTERM scheduling shutdown...
2803:M 24 Feb 2025 17:39:06.501 # User requested shutdown...
2803:M 24 Feb 2025 17:39:06.501 * Saving the final RDB snapshot before exiting.
2803:M 24 Feb 2025 17:39:06.617 * DB saved on disk
2803:M 24 Feb 2025 17:39:06.617 * Removing the pid file.
2803:M 24 Feb 2025 17:39:06.618 # Redis is now ready to exit, bye bye...
2890:C 24 Feb 2025 17:39:07.809 # oO0OoO0OoO0Oo Redis is starting oO0OoO0OoO0Oo
2890:C 24 Feb 2025 17:39:07.816 # Redis version=7.0.15, bits=64, commit=00000000, modified=0, pid=2890, just started
2890:C 24 Feb 2025 17:39:07.816 # Configuration loaded
2890:M 24 Feb 2025 17:39:07.817 * Increased maximum number of open files to 10032 (it was originally set to 1024).
2890:M 24 Feb 2025 17:39:07.817 * monotonic clock: POSIX clock_gettime
2890:M 24 Feb 2025 17:39:07.818 * Running mode=standalone, port=11000.
2890:M 24 Feb 2025 17:39:07.818 # Server initialized
2890:M 24 Feb 2025 17:39:07.818 # WARNING Memory overcommit must be enabled! Without it, a background save or replication may fail under low memory condition. Being disabled, it can can also cause failures without low memory condition, see https://github.com/jemalloc/jemalloc/issues/1328. To fix this issue add 'vm.overcommit_memory = 1' to /etc/sysctl.conf and then reboot or run the command 'sysctl vm.overcommit_memory=1' for this to take effect.
2890:M 24 Feb 2025 17:39:07.819 * Loading RDB produced by version 7.0.15
2890:M 24 Feb 2025 17:39:07.819 * RDB age 1 seconds
2890:M 24 Feb 2025 17:39:07.819 * RDB memory usage when created 1.27 Mb
2890:M 24 Feb 2025 17:39:07.820 * Done loading RDB, keys loaded: 84, keys expired: 0.
2890:M 24 Feb 2025 17:39:07.820 * DB loaded from disk: 0.002 seconds
2890:M 24 Feb 2025 17:39:07.821 * Ready to accept connections
2890:M 24 Feb 2025 17:44:08.022 * 100 changes in 300 seconds. Saving...
2890:M 24 Feb 2025 17:44:08.024 * Background saving started by pid 3060
3060:C 24 Feb 2025 17:44:08.041 * DB saved on disk
3060:C 24 Feb 2025 17:44:08.042 * Fork CoW for RDB: current 0 MB, peak 0 MB, average 0 MB
2890:M 24 Feb 2025 17:44:08.125 * Background saving terminated with success
2890:signal-handler (1740419102) Received SIGTERM scheduling shutdown...
2890:M 24 Feb 2025 17:45:02.061 # User requested shutdown...
2890:M 24 Feb 2025 17:45:02.061 * Saving the final RDB snapshot before exiting.
2890:M 24 Feb 2025 17:45:02.116 * DB saved on disk
2890:M 24 Feb 2025 17:45:02.116 * Removing the pid file.
2890:M 24 Feb 2025 17:45:02.116 # Redis is now ready to exit, bye bye...
3071:C 24 Feb 2025 17:45:02.567 # oO0OoO0OoO0Oo Redis is starting oO0OoO0OoO0Oo
3071:C 24 Feb 2025 17:45:02.593 # Redis version=7.0.15, bits=64, commit=00000000, modified=0, pid=3071, just started
3071:C 24 Feb 2025 17:45:02.593 # Configuration loaded
3071:M 24 Feb 2025 17:45:02.594 * Increased maximum number of open files to 10032 (it was originally set to 1024).
3071:M 24 Feb 2025 17:45:02.594 * monotonic clock: POSIX clock_gettime
3071:M 24 Feb 2025 17:45:02.595 * Running mode=standalone, port=11000.
3071:M 24 Feb 2025 17:45:02.595 # Server initialized
3071:M 24 Feb 2025 17:45:02.596 # WARNING Memory overcommit must be enabled! Without it, a background save or replication may fail under low memory condition. Being disabled, it can can also cause failures without low memory condition, see https://github.com/jemalloc/jemalloc/issues/1328. To fix this issue add 'vm.overcommit_memory = 1' to /etc/sysctl.conf and then reboot or run the command 'sysctl vm.overcommit_memory=1' for this to take effect.
3071:M 24 Feb 2025 17:45:02.596 * Loading RDB produced by version 7.0.15
3071:M 24 Feb 2025 17:45:02.597 * RDB age 0 seconds
3071:M 24 Feb 2025 17:45:02.597 * RDB memory usage when created 1.63 Mb
3071:M 24 Feb 2025 17:45:02.597 * Done loading RDB, keys loaded: 42, keys expired: 0.
3071:M 24 Feb 2025 17:45:02.597 * DB loaded from disk: 0.001 seconds
3071:M 24 Feb 2025 17:45:02.598 * Ready to accept connections
3071:M 24 Feb 2025 17:50:03.085 * 100 changes in 300 seconds. Saving...
3071:M 24 Feb 2025 17:50:03.085 * Background saving started by pid 3252
3252:C 24 Feb 2025 17:50:03.164 * DB saved on disk
3252:C 24 Feb 2025 17:50:03.169 * Fork CoW for RDB: current 0 MB, peak 0 MB, average 0 MB
3071:M 24 Feb 2025 17:50:03.188 * Background saving terminated with success
3071:M 24 Feb 2025 17:55:04.027 * 100 changes in 300 seconds. Saving...
3071:M 24 Feb 2025 17:55:04.029 * Background saving started by pid 3366
3366:C 24 Feb 2025 17:55:04.054 * DB saved on disk
3366:C 24 Feb 2025 17:55:04.056 * Fork CoW for RDB: current 0 MB, peak 0 MB, average 0 MB
3071:M 24 Feb 2025 17:55:04.130 * Background saving terminated with success
3071:M 24 Feb 2025 18:00:05.071 * 100 changes in 300 seconds. Saving...
3071:M 24 Feb 2025 18:00:05.071 * Background saving started by pid 3596
3596:C 24 Feb 2025 18:00:05.083 * DB saved on disk
3596:C 24 Feb 2025 18:00:05.083 * Fork CoW for RDB: current 0 MB, peak 0 MB, average 0 MB
3071:M 24 Feb 2025 18:00:05.172 * Background saving terminated with success
3071:M 24 Feb 2025 18:05:06.004 * 100 changes in 300 seconds. Saving...
3071:M 24 Feb 2025 18:05:06.005 * Background saving started by pid 3742
3742:C 24 Feb 2025 18:05:06.016 * DB saved on disk
3742:C 24 Feb 2025 18:05:06.017 * Fork CoW for RDB: current 0 MB, peak 0 MB, average 0 MB
3071:M 24 Feb 2025 18:05:06.105 * Background saving terminated with success
3071:M 24 Feb 2025 18:10:07.057 * 100 changes in 300 seconds. Saving...
3071:M 24 Feb 2025 18:10:07.058 * Background saving started by pid 3852
3852:C 24 Feb 2025 18:10:07.078 * DB saved on disk
3852:C 24 Feb 2025 18:10:07.080 * Fork CoW for RDB: current 0 MB, peak 0 MB, average 0 MB
3071:M 24 Feb 2025 18:10:07.159 * Background saving terminated with success
3071:M 24 Feb 2025 18:15:08.066 * 100 changes in 300 seconds. Saving...
3071:M 24 Feb 2025 18:15:08.092 * Background saving started by pid 3892
3892:C 24 Feb 2025 18:15:09.293 * DB saved on disk
3892:C 24 Feb 2025 18:15:09.294 * Fork CoW for RDB: current 0 MB, peak 0 MB, average 0 MB
3071:M 24 Feb 2025 18:15:09.307 * Background saving terminated with success
589:C 26 Feb 2025 06:17:43.654 # oO0OoO0OoO0Oo Redis is starting oO0OoO0OoO0Oo
589:C 26 Feb 2025 06:17:43.654 # Redis version=7.0.15, bits=64, commit=00000000, modified=0, pid=589, just started
589:C 26 Feb 2025 06:17:43.654 # Configuration loaded
589:M 26 Feb 2025 06:17:43.654 * Increased maximum number of open files to 10032 (it was originally set to 1024).
589:M 26 Feb 2025 06:17:43.654 * monotonic clock: POSIX clock_gettime
589:M 26 Feb 2025 06:17:43.680 * Running mode=standalone, port=11000.
589:M 26 Feb 2025 06:17:43.680 # Server initialized
589:M 26 Feb 2025 06:17:43.680 # WARNING Memory overcommit must be enabled! Without it, a background save or replication may fail under low memory condition. Being disabled, it can can also cause failures without low memory condition, see https://github.com/jemalloc/jemalloc/issues/1328. To fix this issue add 'vm.overcommit_memory = 1' to /etc/sysctl.conf and then reboot or run the command 'sysctl vm.overcommit_memory=1' for this to take effect.
589:M 26 Feb 2025 06:17:43.695 * Loading RDB produced by version 7.0.15
589:M 26 Feb 2025 06:17:43.695 * RDB age 129755 seconds
589:M 26 Feb 2025 06:17:43.695 * RDB memory usage when created 1.76 Mb
589:M 26 Feb 2025 06:17:43.728 * Done loading RDB, keys loaded: 24, keys expired: 17.
589:M 26 Feb 2025 06:17:43.728 * DB loaded from disk: 0.047 seconds
589:M 26 Feb 2025 06:17:43.728 * Ready to accept connections
490:C 26 Feb 2025 07:52:31.787 # oO0OoO0OoO0Oo Redis is starting oO0OoO0OoO0Oo
490:C 26 Feb 2025 07:52:31.787 # Redis version=7.0.15, bits=64, commit=00000000, modified=0, pid=490, just started
490:C 26 Feb 2025 07:52:31.787 # Configuration loaded
490:M 26 Feb 2025 07:52:31.787 * Increased maximum number of open files to 10032 (it was originally set to 1024).
490:M 26 Feb 2025 07:52:31.787 * monotonic clock: POSIX clock_gettime
490:M 26 Feb 2025 07:52:31.793 * Running mode=standalone, port=11000.
490:M 26 Feb 2025 07:52:31.793 # Server initialized
490:M 26 Feb 2025 07:52:31.793 # WARNING Memory overcommit must be enabled! Without it, a background save or replication may fail under low memory condition. Being disabled, it can can also cause failures without low memory condition, see https://github.com/jemalloc/jemalloc/issues/1328. To fix this issue add 'vm.overcommit_memory = 1' to /etc/sysctl.conf and then reboot or run the command 'sysctl vm.overcommit_memory=1' for this to take effect.
490:M 26 Feb 2025 07:52:31.887 * Loading RDB produced by version 7.0.15
490:M 26 Feb 2025 07:52:31.887 * RDB age 135443 seconds
490:M 26 Feb 2025 07:52:31.887 * RDB memory usage when created 1.76 Mb
490:M 26 Feb 2025 07:52:32.077 * Done loading RDB, keys loaded: 24, keys expired: 17.
490:M 26 Feb 2025 07:52:32.078 * DB loaded from disk: 0.284 seconds
490:M 26 Feb 2025 07:52:32.078 * Ready to accept connections
490:M 26 Feb 2025 07:57:32.068 * 100 changes in 300 seconds. Saving...
490:M 26 Feb 2025 07:57:32.074 * Background saving started by pid 870
870:C 26 Feb 2025 07:57:32.102 * DB saved on disk
870:C 26 Feb 2025 07:57:32.102 * Fork CoW for RDB: current 0 MB, peak 0 MB, average 0 MB
490:M 26 Feb 2025 07:57:32.175 * Background saving terminated with success
490:M 26 Feb 2025 08:02:33.056 * 100 changes in 300 seconds. Saving...
490:M 26 Feb 2025 08:02:33.058 * Background saving started by pid 951
951:C 26 Feb 2025 08:02:33.075 * DB saved on disk
951:C 26 Feb 2025 08:02:33.076 * Fork CoW for RDB: current 0 MB, peak 0 MB, average 0 MB
490:M 26 Feb 2025 08:02:33.159 * Background saving terminated with success
490:M 26 Feb 2025 08:07:34.038 * 100 changes in 300 seconds. Saving...
490:M 26 Feb 2025 08:07:34.039 * Background saving started by pid 1151
1151:C 26 Feb 2025 08:07:34.061 * DB saved on disk
1151:C 26 Feb 2025 08:07:34.063 * Fork CoW for RDB: current 0 MB, peak 0 MB, average 0 MB
490:M 26 Feb 2025 08:07:34.140 * Background saving terminated with success
490:M 26 Feb 2025 08:12:35.099 * 100 changes in 300 seconds. Saving...
490:M 26 Feb 2025 08:12:35.100 * Background saving started by pid 1182
1182:C 26 Feb 2025 08:12:35.112 * DB saved on disk
1182:C 26 Feb 2025 08:12:35.113 * Fork CoW for RDB: current 0 MB, peak 0 MB, average 0 MB
490:M 26 Feb 2025 08:12:35.201 * Background saving terminated with success
490:M 26 Feb 2025 08:17:36.041 * 100 changes in 300 seconds. Saving...
490:M 26 Feb 2025 08:17:36.043 * Background saving started by pid 1210
1210:C 26 Feb 2025 08:17:36.056 * DB saved on disk
1210:C 26 Feb 2025 08:17:36.057 * Fork CoW for RDB: current 0 MB, peak 0 MB, average 0 MB
490:M 26 Feb 2025 08:17:36.143 * Background saving terminated with success
490:M 26 Feb 2025 08:22:37.024 * 100 changes in 300 seconds. Saving...
490:M 26 Feb 2025 08:22:37.026 * Background saving started by pid 1245
1245:C 26 Feb 2025 08:22:37.037 * DB saved on disk
1245:C 26 Feb 2025 08:22:37.038 * Fork CoW for RDB: current 0 MB, peak 0 MB, average 0 MB
490:M 26 Feb 2025 08:22:37.127 * Background saving terminated with success
490:M 26 Feb 2025 08:27:38.024 * 100 changes in 300 seconds. Saving...
490:M 26 Feb 2025 08:27:38.026 * Background saving started by pid 1690
1690:C 26 Feb 2025 08:27:38.041 * DB saved on disk
1690:C 26 Feb 2025 08:27:38.042 * Fork CoW for RDB: current 0 MB, peak 0 MB, average 0 MB
490:M 26 Feb 2025 08:27:38.127 * Background saving terminated with success
490:M 26 Feb 2025 08:32:39.097 * 100 changes in 300 seconds. Saving...
490:M 26 Feb 2025 08:32:39.099 * Background saving started by pid 1733
1733:C 26 Feb 2025 08:32:39.114 * DB saved on disk
1733:C 26 Feb 2025 08:32:39.115 * Fork CoW for RDB: current 0 MB, peak 0 MB, average 0 MB
490:M 26 Feb 2025 08:32:39.200 * Background saving terminated with success
490:M 26 Feb 2025 08:37:40.043 * 100 changes in 300 seconds. Saving...
490:M 26 Feb 2025 08:37:40.045 * Background saving started by pid 1777
1777:C 26 Feb 2025 08:37:40.060 * DB saved on disk
1777:C 26 Feb 2025 08:37:40.060 * Fork CoW for RDB: current 0 MB, peak 0 MB, average 0 MB
490:M 26 Feb 2025 08:37:40.146 * Background saving terminated with success
490:M 26 Feb 2025 08:42:41.041 * 100 changes in 300 seconds. Saving...
490:M 26 Feb 2025 08:42:41.043 * Background saving started by pid 1812
1812:C 26 Feb 2025 08:42:41.057 * DB saved on disk
1812:C 26 Feb 2025 08:42:41.057 * Fork CoW for RDB: current 0 MB, peak 0 MB, average 0 MB
490:M 26 Feb 2025 08:42:41.144 * Background saving terminated with success
490:M 26 Feb 2025 08:47:42.076 * 100 changes in 300 seconds. Saving...
490:M 26 Feb 2025 08:47:42.077 * Background saving started by pid 1840
1840:C 26 Feb 2025 08:47:42.094 * DB saved on disk
1840:C 26 Feb 2025 08:47:42.095 * Fork CoW for RDB: current 0 MB, peak 0 MB, average 0 MB
490:M 26 Feb 2025 08:47:42.179 * Background saving terminated with success
490:M 26 Feb 2025 08:52:43.085 * 100 changes in 300 seconds. Saving...
490:M 26 Feb 2025 08:52:43.089 * Background saving started by pid 1906
1906:C 26 Feb 2025 08:52:43.101 * DB saved on disk
1906:C 26 Feb 2025 08:52:43.102 * Fork CoW for RDB: current 0 MB, peak 0 MB, average 0 MB
490:M 26 Feb 2025 08:52:46.077 * Background saving terminated with success
490:M 26 Feb 2025 08:57:47.083 * 100 changes in 300 seconds. Saving...
490:M 26 Feb 2025 08:57:47.084 * Background saving started by pid 1962
1962:C 26 Feb 2025 08:57:47.093 * DB saved on disk
1962:C 26 Feb 2025 08:57:47.094 * Fork CoW for RDB: current 0 MB, peak 0 MB, average 0 MB
490:M 26 Feb 2025 08:57:47.184 * Background saving terminated with success
490:M 26 Feb 2025 09:02:50.186 * 100 changes in 300 seconds. Saving...
490:M 26 Feb 2025 09:02:50.189 * Background saving started by pid 1993
1993:C 26 Feb 2025 09:02:50.208 * DB saved on disk
1993:C 26 Feb 2025 09:02:50.209 * Fork CoW for RDB: current 0 MB, peak 0 MB, average 0 MB
490:M 26 Feb 2025 09:02:50.290 * Background saving terminated with success
490:M 26 Feb 2025 09:07:51.083 * 100 changes in 300 seconds. Saving...
490:M 26 Feb 2025 09:07:51.084 * Background saving started by pid 2031
2031:C 26 Feb 2025 09:07:51.103 * DB saved on disk
2031:C 26 Feb 2025 09:07:51.105 * Fork CoW for RDB: current 0 MB, peak 0 MB, average 0 MB
490:M 26 Feb 2025 09:07:51.185 * Background saving terminated with success
490:M 26 Feb 2025 09:12:52.066 * 100 changes in 300 seconds. Saving...
490:M 26 Feb 2025 09:12:52.067 * Background saving started by pid 2058
2058:C 26 Feb 2025 09:12:52.074 * DB saved on disk
2058:C 26 Feb 2025 09:12:52.075 * Fork CoW for RDB: current 0 MB, peak 0 MB, average 0 MB
490:M 26 Feb 2025 09:12:52.167 * Background saving terminated with success
490:M 26 Feb 2025 09:17:53.068 * 100 changes in 300 seconds. Saving...
490:M 26 Feb 2025 09:17:53.072 * Background saving started by pid 2087
2087:C 26 Feb 2025 09:17:53.087 * DB saved on disk
2087:C 26 Feb 2025 09:17:53.087 * Fork CoW for RDB: current 0 MB, peak 0 MB, average 0 MB
490:M 26 Feb 2025 09:17:53.173 * Background saving terminated with success
490:M 26 Feb 2025 09:22:54.065 * 100 changes in 300 seconds. Saving...
490:M 26 Feb 2025 09:22:54.066 * Background saving started by pid 2125
2125:C 26 Feb 2025 09:22:54.079 * DB saved on disk
2125:C 26 Feb 2025 09:22:54.080 * Fork CoW for RDB: current 0 MB, peak 0 MB, average 0 MB
490:M 26 Feb 2025 09:22:54.167 * Background saving terminated with success
490:M 26 Feb 2025 09:27:55.028 * 100 changes in 300 seconds. Saving...
490:M 26 Feb 2025 09:27:55.029 * Background saving started by pid 2147
2147:C 26 Feb 2025 09:27:55.046 * DB saved on disk
2147:C 26 Feb 2025 09:27:55.046 * Fork CoW for RDB: current 0 MB, peak 0 MB, average 0 MB
490:M 26 Feb 2025 09:27:55.130 * Background saving terminated with success
490:M 26 Feb 2025 09:32:56.093 * 100 changes in 300 seconds. Saving...
490:M 26 Feb 2025 09:32:56.094 * Background saving started by pid 2188
2188:C 26 Feb 2025 09:32:56.108 * DB saved on disk
2188:C 26 Feb 2025 09:32:56.108 * Fork CoW for RDB: current 0 MB, peak 0 MB, average 0 MB
490:M 26 Feb 2025 09:32:56.195 * Background saving terminated with success
490:M 26 Feb 2025 09:37:57.059 * 100 changes in 300 seconds. Saving...
490:M 26 Feb 2025 09:37:57.060 * Background saving started by pid 2207
2207:C 26 Feb 2025 09:37:57.072 * DB saved on disk
2207:C 26 Feb 2025 09:37:57.073 * Fork CoW for RDB: current 0 MB, peak 0 MB, average 0 MB
490:M 26 Feb 2025 09:37:57.161 * Background saving terminated with success
490:M 26 Feb 2025 09:42:58.013 * 100 changes in 300 seconds. Saving...
490:M 26 Feb 2025 09:42:58.015 * Background saving started by pid 2239
2239:C 26 Feb 2025 09:42:58.033 * DB saved on disk
2239:C 26 Feb 2025 09:42:58.033 * Fork CoW for RDB: current 0 MB, peak 0 MB, average 0 MB
490:M 26 Feb 2025 09:42:58.116 * Background saving terminated with success
                                                                                                                                                                                                                                                                                                                                                                                                                                                                                                                                                                                                                                                                                                                                                                                                                                                                                                                                                                                                                                                                                                                                                                                                                                                                                                                                                                                                                                                                          510:C 28 Feb 2025 05:50:48.385 # oO0OoO0OoO0Oo Redis is starting oO0OoO0OoO0Oo
510:C 28 Feb 2025 05:50:48.386 # Redis version=7.0.15, bits=64, commit=00000000, modified=0, pid=510, just started
510:C 28 Feb 2025 05:50:48.386 # Configuration loaded
510:M 28 Feb 2025 05:50:48.391 * Increased maximum number of open files to 10032 (it was originally set to 1024).
510:M 28 Feb 2025 05:50:48.391 * monotonic clock: POSIX clock_gettime
510:M 28 Feb 2025 05:50:48.392 * Running mode=standalone, port=11000.
510:M 28 Feb 2025 05:50:48.392 # Server initialized
510:M 28 Feb 2025 05:50:48.392 # WARNING Memory overcommit must be enabled! Without it, a background save or replication may fail under low memory condition. Being disabled, it can can also cause failures without low memory condition, see https://github.com/jemalloc/jemalloc/issues/1328. To fix this issue add 'vm.overcommit_memory = 1' to /etc/sysctl.conf and then reboot or run the command 'sysctl vm.overcommit_memory=1' for this to take effect.
510:M 28 Feb 2025 05:50:48.402 * Loading RDB produced by version 7.0.15
510:M 28 Feb 2025 05:50:48.402 * RDB age 158870 seconds
510:M 28 Feb 2025 05:50:48.402 * RDB memory usage when created 1.69 Mb
510:M 28 Feb 2025 05:50:48.406 * Done loading RDB, keys loaded: 20, keys expired: 16.
510:M 28 Feb 2025 05:50:48.406 * DB loaded from disk: 0.005 seconds
510:M 28 Feb 2025 05:50:48.406 * Ready to accept connections
510:M 28 Feb 2025 05:55:49.097 * 100 changes in 300 seconds. Saving...
510:M 28 Feb 2025 05:55:49.098 * Background saving started by pid 977
977:C 28 Feb 2025 05:55:49.152 * DB saved on disk
977:C 28 Feb 2025 05:55:49.153 * Fork CoW for RDB: current 0 MB, peak 0 MB, average 0 MB
510:M 28 Feb 2025 05:55:49.199 * Background saving terminated with success
510:M 28 Feb 2025 06:00:50.026 * 100 changes in 300 seconds. Saving...
510:M 28 Feb 2025 06:00:50.028 * Background saving started by pid 1171
1171:C 28 Feb 2025 06:00:50.072 * DB saved on disk
1171:C 28 Feb 2025 06:00:50.077 * Fork CoW for RDB: current 0 MB, peak 0 MB, average 0 MB
510:M 28 Feb 2025 06:00:50.129 * Background saving terminated with success
510:M 28 Feb 2025 06:05:51.095 * 100 changes in 300 seconds. Saving...
510:M 28 Feb 2025 06:05:51.096 * Background saving started by pid 1187
1187:C 28 Feb 2025 06:05:51.112 * DB saved on disk
1187:C 28 Feb 2025 06:05:51.113 * Fork CoW for RDB: current 0 MB, peak 0 MB, average 0 MB
510:M 28 Feb 2025 06:05:51.197 * Background saving terminated with success
510:M 28 Feb 2025 06:10:52.093 * 100 changes in 300 seconds. Saving...
510:M 28 Feb 2025 06:10:52.094 * Background saving started by pid 1216
1216:C 28 Feb 2025 06:10:52.116 * DB saved on disk
1216:C 28 Feb 2025 06:10:52.119 * Fork CoW for RDB: current 0 MB, peak 0 MB, average 0 MB
510:M 28 Feb 2025 06:10:52.195 * Background saving terminated with success
510:M 28 Feb 2025 06:15:53.066 * 100 changes in 300 seconds. Saving...
510:M 28 Feb 2025 06:15:53.067 * Background saving started by pid 1232
1232:C 28 Feb 2025 06:15:53.075 * DB saved on disk
1232:C 28 Feb 2025 06:15:53.076 * Fork CoW for RDB: current 0 MB, peak 0 MB, average 0 MB
510:M 28 Feb 2025 06:15:53.168 * Background saving terminated with success
510:M 28 Feb 2025 06:20:54.088 * 100 changes in 300 seconds. Saving...
510:M 28 Feb 2025 06:20:54.090 * Background saving started by pid 1293
1293:C 28 Feb 2025 06:20:54.139 * DB saved on disk
1293:C 28 Feb 2025 06:20:54.140 * Fork CoW for RDB: current 0 MB, peak 0 MB, average 0 MB
510:M 28 Feb 2025 06:20:54.190 * Background saving terminated with success
510:M 28 Feb 2025 06:25:55.016 * 100 changes in 300 seconds. Saving...
510:M 28 Feb 2025 06:25:55.018 * Background saving started by pid 1320
1320:C 28 Feb 2025 06:25:55.039 * DB saved on disk
1320:C 28 Feb 2025 06:25:55.040 * Fork CoW for RDB: current 0 MB, peak 0 MB, average 0 MB
510:M 28 Feb 2025 06:25:55.119 * Background saving terminated with success
510:signal-handler (1740724120) Received SIGTERM scheduling shutdown...
510:M 28 Feb 2025 06:28:40.739 # User requested shutdown...
510:M 28 Feb 2025 06:28:40.739 * Saving the final RDB snapshot before exiting.
510:M 28 Feb 2025 06:28:40.749 * DB saved on disk
510:M 28 Feb 2025 06:28:40.749 * Removing the pid file.
510:M 28 Feb 2025 06:28:40.750 # Redis is now ready to exit, bye bye...
1400:C 28 Feb 2025 06:28:43.095 # oO0OoO0OoO0Oo Redis is starting oO0OoO0OoO0Oo
1400:C 28 Feb 2025 06:28:43.095 # Redis version=7.0.15, bits=64, commit=00000000, modified=0, pid=1400, just started
1400:C 28 Feb 2025 06:28:43.095 # Configuration loaded
1400:M 28 Feb 2025 06:28:43.095 * Increased maximum number of open files to 10032 (it was originally set to 1024).
1400:M 28 Feb 2025 06:28:43.095 * monotonic clock: POSIX clock_gettime
1400:M 28 Feb 2025 06:28:43.112 * Running mode=standalone, port=11000.
1400:M 28 Feb 2025 06:28:43.112 # Server initialized
1400:M 28 Feb 2025 06:28:43.112 # WARNING Memory overcommit must be enabled! Without it, a background save or replication may fail under low memory condition. Being disabled, it can can also cause failures without low memory condition, see https://github.com/jemalloc/jemalloc/issues/1328. To fix this issue add 'vm.overcommit_memory = 1' to /etc/sysctl.conf and then reboot or run the command 'sysctl vm.overcommit_memory=1' for this to take effect.
1400:M 28 Feb 2025 06:28:43.112 * Loading RDB produced by version 7.0.15
1400:M 28 Feb 2025 06:28:43.112 * RDB age 3 seconds
1400:M 28 Feb 2025 06:28:43.112 * RDB memory usage when created 1.66 Mb
1400:M 28 Feb 2025 06:28:43.113 * Done loading RDB, keys loaded: 36, keys expired: 0.
1400:M 28 Feb 2025 06:28:43.113 * DB loaded from disk: 0.001 seconds
1400:M 28 Feb 2025 06:28:43.113 * Ready to accept connections
1400:M 28 Feb 2025 06:33:46.393 * 100 changes in 300 seconds. Saving...
1400:M 28 Feb 2025 06:33:46.393 * Background saving started by pid 1572
1572:C 28 Feb 2025 06:33:46.401 * DB saved on disk
1572:C 28 Feb 2025 06:33:46.402 * Fork CoW for RDB: current 0 MB, peak 0 MB, average 0 MB
1400:M 28 Feb 2025 06:33:46.495 * Background saving terminated with success
1400:M 28 Feb 2025 06:38:47.027 * 100 changes in 300 seconds. Saving...
1400:M 28 Feb 2025 06:38:47.029 * Background saving started by pid 1652
1652:C 28 Feb 2025 06:38:47.087 * DB saved on disk
1652:C 28 Feb 2025 06:38:47.089 * Fork CoW for RDB: current 0 MB, peak 0 MB, average 0 MB
1400:M 28 Feb 2025 06:38:47.130 * Background saving terminated with success
1400:signal-handler (1740724959) Received SIGTERM scheduling shutdown...
1400:M 28 Feb 2025 06:42:39.429 # User requested shutdown...
1400:M 28 Feb 2025 06:42:39.429 * Saving the final RDB snapshot before exiting.
1400:M 28 Feb 2025 06:42:39.444 * DB saved on disk
1400:M 28 Feb 2025 06:42:39.444 * Removing the pid file.
1400:M 28 Feb 2025 06:42:39.444 # Redis is now ready to exit, bye bye...
1755:C 28 Feb 2025 06:42:39.800 # oO0OoO0OoO0Oo Redis is starting oO0OoO0OoO0Oo
1755:C 28 Feb 2025 06:42:39.800 # Redis version=7.0.15, bits=64, commit=00000000, modified=0, pid=1755, just started
1755:C 28 Feb 2025 06:42:39.800 # Configuration loaded
1755:M 28 Feb 2025 06:42:39.801 * Increased maximum number of open files to 10032 (it was originally set to 1024).
1755:M 28 Feb 2025 06:42:39.801 * monotonic clock: POSIX clock_gettime
1755:M 28 Feb 2025 06:42:39.801 * Running mode=standalone, port=11000.
1755:M 28 Feb 2025 06:42:39.801 # Server initialized
1755:M 28 Feb 2025 06:42:39.801 # WARNING Memory overcommit must be enabled! Without it, a background save or replication may fail under low memory condition. Being disabled, it can can also cause failures without low memory condition, see https://github.com/jemalloc/jemalloc/issues/1328. To fix this issue add 'vm.overcommit_memory = 1' to /etc/sysctl.conf and then reboot or run the command 'sysctl vm.overcommit_memory=1' for this to take effect.
1755:M 28 Feb 2025 06:42:39.802 * Loading RDB produced by version 7.0.15
1755:M 28 Feb 2025 06:42:39.802 * RDB age 0 seconds
1755:M 28 Feb 2025 06:42:39.802 * RDB memory usage when created 1.71 Mb
1755:M 28 Feb 2025 06:42:39.802 * Done loading RDB, keys loaded: 39, keys expired: 0.
1755:M 28 Feb 2025 06:42:39.802 * DB loaded from disk: 0.000 seconds
1755:M 28 Feb 2025 06:42:39.802 * Ready to accept connections
1755:M 28 Feb 2025 06:47:40.029 * 100 changes in 300 seconds. Saving...
1755:M 28 Feb 2025 06:47:40.030 * Background saving started by pid 1893
1893:C 28 Feb 2025 06:47:40.052 * DB saved on disk
1893:C 28 Feb 2025 06:47:40.053 * Fork CoW for RDB: current 0 MB, peak 0 MB, average 0 MB
1755:M 28 Feb 2025 06:47:40.130 * Background saving terminated with success
1755:M 28 Feb 2025 06:52:41.009 * 100 changes in 300 seconds. Saving...
1755:M 28 Feb 2025 06:52:41.011 * Background saving started by pid 2118
2118:C 28 Feb 2025 06:52:41.066 * DB saved on disk
2118:C 28 Feb 2025 06:52:41.067 * Fork CoW for RDB: current 0 MB, peak 0 MB, average 0 MB
1755:M 28 Feb 2025 06:52:41.112 * Background saving terminated with success
1755:M 28 Feb 2025 06:57:42.096 * 100 changes in 300 seconds. Saving...
1755:M 28 Feb 2025 06:57:42.098 * Background saving started by pid 2246
2246:C 28 Feb 2025 06:57:42.117 * DB saved on disk
2246:C 28 Feb 2025 06:57:42.119 * Fork CoW for RDB: current 0 MB, peak 0 MB, average 0 MB
1755:M 28 Feb 2025 06:57:42.198 * Background saving terminated with success
1755:M 28 Feb 2025 07:02:43.017 * 100 changes in 300 seconds. Saving...
1755:M 28 Feb 2025 07:02:43.017 * Background saving started by pid 2477
2477:C 28 Feb 2025 07:02:43.033 * DB saved on disk
2477:C 28 Feb 2025 07:02:43.035 * Fork CoW for RDB: current 0 MB, peak 0 MB, average 0 MB
1755:M 28 Feb 2025 07:02:43.118 * Background saving terminated with success
1755:M 28 Feb 2025 07:07:44.019 * 100 changes in 300 seconds. Saving...
1755:M 28 Feb 2025 07:07:44.020 * Background saving started by pid 2585
2585:C 28 Feb 2025 07:07:44.074 * DB saved on disk
2585:C 28 Feb 2025 07:07:44.076 * Fork CoW for RDB: current 0 MB, peak 0 MB, average 0 MB
1755:M 28 Feb 2025 07:07:44.121 * Background saving terminated with success
1755:M 28 Feb 2025 07:12:45.083 * 100 changes in 300 seconds. Saving...
1755:M 28 Feb 2025 07:12:45.085 * Background saving started by pid 2620
2620:C 28 Feb 2025 07:12:45.103 * DB saved on disk
2620:C 28 Feb 2025 07:12:45.105 * Fork CoW for RDB: current 0 MB, peak 0 MB, average 0 MB
1755:M 28 Feb 2025 07:12:45.187 * Background saving terminated with success
1755:M 28 Feb 2025 07:17:46.010 * 100 changes in 300 seconds. Saving...
1755:M 28 Feb 2025 07:17:46.011 * Background saving started by pid 2642
2642:C 28 Feb 2025 07:17:46.032 * DB saved on disk
2642:C 28 Feb 2025 07:17:46.033 * Fork CoW for RDB: current 0 MB, peak 0 MB, average 0 MB
1755:M 28 Feb 2025 07:17:46.112 * Background saving terminated with success
1755:M 28 Feb 2025 07:22:49.984 * 100 changes in 300 seconds. Saving...
1755:M 28 Feb 2025 07:22:49.985 * Background saving started by pid 2718
2718:C 28 Feb 2025 07:22:50.003 * DB saved on disk
2718:C 28 Feb 2025 07:22:50.005 * Fork CoW for RDB: current 0 MB, peak 0 MB, average 0 MB
1755:M 28 Feb 2025 07:22:50.086 * Background saving terminated with success
1755:M 28 Feb 2025 07:27:51.004 * 100 changes in 300 seconds. Saving...
1755:M 28 Feb 2025 07:27:51.004 * Background saving started by pid 2755
2755:C 28 Feb 2025 07:27:51.052 * DB saved on disk
2755:C 28 Feb 2025 07:27:51.053 * Fork CoW for RDB: current 0 MB, peak 0 MB, average 0 MB
1755:M 28 Feb 2025 07:27:51.105 * Background saving terminated with success
1755:M 28 Feb 2025 07:32:52.061 * 100 changes in 300 seconds. Saving...
1755:M 28 Feb 2025 07:32:52.061 * Background saving started by pid 2791
2791:C 28 Feb 2025 07:32:52.090 * DB saved on disk
2791:C 28 Feb 2025 07:32:52.092 * Fork CoW for RDB: current 0 MB, peak 0 MB, average 0 MB
1755:M 28 Feb 2025 07:32:52.162 * Background saving terminated with success
1755:M 28 Feb 2025 07:37:53.039 * 100 changes in 300 seconds. Saving...
1755:M 28 Feb 2025 07:37:53.040 * Background saving started by pid 2816
2816:C 28 Feb 2025 07:37:53.065 * DB saved on disk
2816:C 28 Feb 2025 07:37:53.066 * Fork CoW for RDB: current 0 MB, peak 0 MB, average 0 MB
1755:M 28 Feb 2025 07:37:53.141 * Background saving terminated with success
1755:M 28 Feb 2025 07:42:54.039 * 100 changes in 300 seconds. Saving...
1755:M 28 Feb 2025 07:42:54.040 * Background saving started by pid 3004
3004:C 28 Feb 2025 07:42:54.060 * DB saved on disk
3004:C 28 Feb 2025 07:42:54.062 * Fork CoW for RDB: current 0 MB, peak 0 MB, average 0 MB
1755:M 28 Feb 2025 07:42:54.141 * Background saving terminated with success
1755:signal-handler (1740728641) Received SIGTERM scheduling shutdown...
1755:M 28 Feb 2025 07:44:01.796 # User requested shutdown...
1755:M 28 Feb 2025 07:44:01.796 * Saving the final RDB snapshot before exiting.
1755:M 28 Feb 2025 07:44:01.817 * DB saved on disk
1755:M 28 Feb 2025 07:44:01.817 * Removing the pid file.
1755:M 28 Feb 2025 07:44:01.817 # Redis is now ready to exit, bye bye...
3015:C 28 Feb 2025 07:44:06.082 # oO0OoO0OoO0Oo Redis is starting oO0OoO0OoO0Oo
3015:C 28 Feb 2025 07:44:06.082 # Redis version=7.0.15, bits=64, commit=00000000, modified=0, pid=3015, just started
3015:C 28 Feb 2025 07:44:06.082 # Configuration loaded
3015:M 28 Feb 2025 07:44:06.083 * Increased maximum number of open files to 10032 (it was originally set to 1024).
3015:M 28 Feb 2025 07:44:06.083 * monotonic clock: POSIX clock_gettime
3015:M 28 Feb 2025 07:44:06.083 * Running mode=standalone, port=11000.
3015:M 28 Feb 2025 07:44:06.087 # Server initialized
3015:M 28 Feb 2025 07:44:06.087 # WARNING Memory overcommit must be enabled! Without it, a background save or replication may fail under low memory condition. Being disabled, it can can also cause failures without low memory condition, see https://github.com/jemalloc/jemalloc/issues/1328. To fix this issue add 'vm.overcommit_memory = 1' to /etc/sysctl.conf and then reboot or run the command 'sysctl vm.overcommit_memory=1' for this to take effect.
3015:M 28 Feb 2025 07:44:06.104 * Loading RDB produced by version 7.0.15
3015:M 28 Feb 2025 07:44:06.104 * RDB age 5 seconds
3015:M 28 Feb 2025 07:44:06.104 * RDB memory usage when created 1.72 Mb
3015:M 28 Feb 2025 07:44:06.105 * Done loading RDB, keys loaded: 37, keys expired: 0.
3015:M 28 Feb 2025 07:44:06.105 * DB loaded from disk: 0.001 seconds
3015:M 28 Feb 2025 07:44:06.105 * Ready to accept connections
3015:M 28 Feb 2025 07:49:07.063 * 100 changes in 300 seconds. Saving...
3015:M 28 Feb 2025 07:49:07.066 * Background saving started by pid 3215
3215:C 28 Feb 2025 07:49:07.084 * DB saved on disk
3215:C 28 Feb 2025 07:49:07.085 * Fork CoW for RDB: current 0 MB, peak 0 MB, average 0 MB
3015:M 28 Feb 2025 07:49:07.168 * Background saving terminated with success
3015:M 28 Feb 2025 07:54:09.337 * 100 changes in 300 seconds. Saving...
3015:M 28 Feb 2025 07:54:09.339 * Background saving started by pid 3242
3242:C 28 Feb 2025 07:54:09.360 * DB saved on disk
3242:C 28 Feb 2025 07:54:09.361 * Fork CoW for RDB: current 0 MB, peak 0 MB, average 0 MB
3015:M 28 Feb 2025 07:54:09.439 * Background saving terminated with success
3015:M 28 Feb 2025 07:59:10.020 * 100 changes in 300 seconds. Saving...
3015:M 28 Feb 2025 07:59:10.022 * Background saving started by pid 3361
3361:C 28 Feb 2025 07:59:10.042 * DB saved on disk
3361:C 28 Feb 2025 07:59:10.044 * Fork CoW for RDB: current 0 MB, peak 0 MB, average 0 MB
3015:M 28 Feb 2025 07:59:10.124 * Background saving terminated with success
3015:M 28 Feb 2025 08:04:11.053 * 100 changes in 300 seconds. Saving...
3015:M 28 Feb 2025 08:04:11.053 * Background saving started by pid 3387
3387:C 28 Feb 2025 08:04:11.066 * DB saved on disk
3387:C 28 Feb 2025 08:04:11.066 * Fork CoW for RDB: current 0 MB, peak 0 MB, average 0 MB
3015:M 28 Feb 2025 08:04:11.154 * Background saving terminated with success
3015:signal-handler (1740730145) Received SIGTERM scheduling shutdown...
3015:M 28 Feb 2025 08:09:06.092 # User requested shutdown...
3015:M 28 Feb 2025 08:09:06.092 * Saving the final RDB snapshot before exiting.
3015:M 28 Feb 2025 08:09:06.108 * DB saved on disk
3015:M 28 Feb 2025 08:09:06.108 * Removing the pid file.
3015:M 28 Feb 2025 08:09:06.108 # Redis is now ready to exit, bye bye...
3449:C 28 Feb 2025 08:09:06.604 # oO0OoO0OoO0Oo Redis is starting oO0OoO0OoO0Oo
3449:C 28 Feb 2025 08:09:06.609 # Redis version=7.0.15, bits=64, commit=00000000, modified=0, pid=3449, just started
3449:C 28 Feb 2025 08:09:06.609 # Configuration loaded
3449:M 28 Feb 2025 08:09:06.610 * Increased maximum number of open files to 10032 (it was originally set to 1024).
3449:M 28 Feb 2025 08:09:06.610 * monotonic clock: POSIX clock_gettime
3449:M 28 Feb 2025 08:09:06.610 * Running mode=standalone, port=11000.
3449:M 28 Feb 2025 08:09:06.611 # Server initialized
3449:M 28 Feb 2025 08:09:06.611 # WARNING Memory overcommit must be enabled! Without it, a background save or replication may fail under low memory condition. Being disabled, it can can also cause failures without low memory condition, see https://github.com/jemalloc/jemalloc/issues/1328. To fix this issue add 'vm.overcommit_memory = 1' to /etc/sysctl.conf and then reboot or run the command 'sysctl vm.overcommit_memory=1' for this to take effect.
3449:M 28 Feb 2025 08:09:06.611 * Loading RDB produced by version 7.0.15
3449:M 28 Feb 2025 08:09:06.612 * RDB age 0 seconds
3449:M 28 Feb 2025 08:09:06.612 * RDB memory usage when created 1.73 Mb
3449:M 28 Feb 2025 08:09:06.612 * Done loading RDB, keys loaded: 46, keys expired: 0.
3449:M 28 Feb 2025 08:09:06.613 * DB loaded from disk: 0.001 seconds
3449:M 28 Feb 2025 08:09:06.613 * Ready to accept connections
3449:signal-handler (1740730428) Received SIGTERM scheduling shutdown...
3449:M 28 Feb 2025 08:13:48.948 # User requested shutdown...
3449:M 28 Feb 2025 08:13:48.948 * Saving the final RDB snapshot before exiting.
3449:M 28 Feb 2025 08:13:48.962 * DB saved on disk
3449:M 28 Feb 2025 08:13:48.962 * Removing the pid file.
3449:M 28 Feb 2025 08:13:48.962 # Redis is now ready to exit, bye bye...
3713:C 28 Feb 2025 08:13:49.405 # oO0OoO0OoO0Oo Redis is starting oO0OoO0OoO0Oo
3713:C 28 Feb 2025 08:13:49.405 # Redis version=7.0.15, bits=64, commit=00000000, modified=0, pid=3713, just started
3713:C 28 Feb 2025 08:13:49.405 # Configuration loaded
3713:M 28 Feb 2025 08:13:49.406 * Increased maximum number of open files to 10032 (it was originally set to 1024).
3713:M 28 Feb 2025 08:13:49.406 * monotonic clock: POSIX clock_gettime
3713:M 28 Feb 2025 08:13:49.408 * Running mode=standalone, port=11000.
3713:M 28 Feb 2025 08:13:49.408 # Server initialized
3713:M 28 Feb 2025 08:13:49.408 # WARNING Memory overcommit must be enabled! Without it, a background save or replication may fail under low memory condition. Being disabled, it can can also cause failures without low memory condition, see https://github.com/jemalloc/jemalloc/issues/1328. To fix this issue add 'vm.overcommit_memory = 1' to /etc/sysctl.conf and then reboot or run the command 'sysctl vm.overcommit_memory=1' for this to take effect.
3713:M 28 Feb 2025 08:13:49.435 * Loading RDB produced by version 7.0.15
3713:M 28 Feb 2025 08:13:49.435 * RDB age 1 seconds
3713:M 28 Feb 2025 08:13:49.435 * RDB memory usage when created 1.59 Mb
3713:M 28 Feb 2025 08:13:49.435 * Done loading RDB, keys loaded: 33, keys expired: 0.
3713:M 28 Feb 2025 08:13:49.435 * DB loaded from disk: 0.000 seconds
3713:M 28 Feb 2025 08:13:49.435 * Ready to accept connections
3713:M 28 Feb 2025 08:18:50.003 * 100 changes in 300 seconds. Saving...
3713:M 28 Feb 2025 08:18:50.004 * Background saving started by pid 3919
3919:C 28 Feb 2025 08:18:50.020 * DB saved on disk
3919:C 28 Feb 2025 08:18:50.021 * Fork CoW for RDB: current 0 MB, peak 0 MB, average 0 MB
3713:M 28 Feb 2025 08:18:50.106 * Background saving terminated with success
3713:M 28 Feb 2025 08:23:51.046 * 100 changes in 300 seconds. Saving...
3713:M 28 Feb 2025 08:23:51.048 * Background saving started by pid 3943
3943:C 28 Feb 2025 08:23:51.061 * DB saved on disk
3943:C 28 Feb 2025 08:23:51.062 * Fork CoW for RDB: current 0 MB, peak 0 MB, average 0 MB
3713:M 28 Feb 2025 08:23:51.149 * Background saving terminated with success
3713:M 28 Feb 2025 08:28:52.072 * 100 changes in 300 seconds. Saving...
3713:M 28 Feb 2025 08:28:52.073 * Background saving started by pid 3961
3961:C 28 Feb 2025 08:28:52.086 * DB saved on disk
3961:C 28 Feb 2025 08:28:52.087 * Fork CoW for RDB: current 0 MB, peak 0 MB, average 0 MB
3713:M 28 Feb 2025 08:28:52.174 * Background saving terminated with success
3713:M 28 Feb 2025 08:33:53.098 * 100 changes in 300 seconds. Saving...
3713:M 28 Feb 2025 08:33:53.099 * Background saving started by pid 4005
4005:C 28 Feb 2025 08:33:53.108 * DB saved on disk
4005:C 28 Feb 2025 08:33:53.109 * Fork CoW for RDB: current 0 MB, peak 0 MB, average 0 MB
3713:M 28 Feb 2025 08:33:53.199 * Background saving terminated with success
3713:M 28 Feb 2025 08:38:54.024 * 100 changes in 300 seconds. Saving...
3713:M 28 Feb 2025 08:38:54.025 * Background saving started by pid 4031
4031:C 28 Feb 2025 08:38:54.042 * DB saved on disk
4031:C 28 Feb 2025 08:38:54.043 * Fork CoW for RDB: current 0 MB, peak 0 MB, average 0 MB
3713:M 28 Feb 2025 08:38:54.126 * Background saving terminated with success
3713:M 28 Feb 2025 08:43:55.095 * 100 changes in 300 seconds. Saving...
3713:M 28 Feb 2025 08:43:55.096 * Background saving started by pid 4051
4051:C 28 Feb 2025 08:43:55.111 * DB saved on disk
4051:C 28 Feb 2025 08:43:55.111 * Fork CoW for RDB: current 0 MB, peak 0 MB, average 0 MB
3713:M 28 Feb 2025 08:43:55.197 * Background saving terminated with success
3713:M 28 Feb 2025 08:48:56.085 * 100 changes in 300 seconds. Saving...
3713:M 28 Feb 2025 08:48:56.086 * Background saving started by pid 4132
4132:C 28 Feb 2025 08:48:56.095 * DB saved on disk
4132:C 28 Feb 2025 08:48:56.096 * Fork CoW for RDB: current 0 MB, peak 0 MB, average 0 MB
3713:M 28 Feb 2025 08:48:56.187 * Background saving terminated with success
3713:signal-handler (1740732672) Received SIGTERM scheduling shutdown...
3713:M 28 Feb 2025 08:51:12.064 # User requested shutdown...
3713:M 28 Feb 2025 08:51:12.064 * Saving the final RDB snapshot before exiting.
3713:M 28 Feb 2025 08:51:12.099 * DB saved on disk
3713:M 28 Feb 2025 08:51:12.100 * Removing the pid file.
3713:M 28 Feb 2025 08:51:12.100 # Redis is now ready to exit, bye bye...
4155:C 28 Feb 2025 08:51:13.318 # oO0OoO0OoO0Oo Redis is starting oO0OoO0OoO0Oo
4155:C 28 Feb 2025 08:51:13.318 # Redis version=7.0.15, bits=64, commit=00000000, modified=0, pid=4155, just started
4155:C 28 Feb 2025 08:51:13.318 # Configuration loaded
4155:M 28 Feb 2025 08:51:13.319 * Increased maximum number of open files to 10032 (it was originally set to 1024).
4155:M 28 Feb 2025 08:51:13.319 * monotonic clock: POSIX clock_gettime
4155:M 28 Feb 2025 08:51:13.350 * Running mode=standalone, port=11000.
4155:M 28 Feb 2025 08:51:13.351 # Server initialized
4155:M 28 Feb 2025 08:51:13.351 # WARNING Memory overcommit must be enabled! Without it, a background save or replication may fail under low memory condition. Being disabled, it can can also cause failures without low memory condition, see https://github.com/jemalloc/jemalloc/issues/1328. To fix this issue add 'vm.overcommit_memory = 1' to /etc/sysctl.conf and then reboot or run the command 'sysctl vm.overcommit_memory=1' for this to take effect.
4155:M 28 Feb 2025 08:51:13.352 * Loading RDB produced by version 7.0.15
4155:M 28 Feb 2025 08:51:13.352 * RDB age 1 seconds
4155:M 28 Feb 2025 08:51:13.352 * RDB memory usage when created 1.72 Mb
4155:M 28 Feb 2025 08:51:13.352 * Done loading RDB, keys loaded: 46, keys expired: 0.
4155:M 28 Feb 2025 08:51:13.352 * DB loaded from disk: 0.001 seconds
4155:M 28 Feb 2025 08:51:13.352 * Ready to accept connections
4155:signal-handler (1740732700) Received SIGTERM scheduling shutdown...
4155:M 28 Feb 2025 08:51:40.559 # User requested shutdown...
4155:M 28 Feb 2025 08:51:40.559 * Saving the final RDB snapshot before exiting.
4155:M 28 Feb 2025 08:51:40.602 * DB saved on disk
4155:M 28 Feb 2025 08:51:40.602 * Removing the pid file.
4155:M 28 Feb 2025 08:51:40.602 # Redis is now ready to exit, bye bye...
4233:C 28 Feb 2025 08:51:41.096 # oO0OoO0OoO0Oo Redis is starting oO0OoO0OoO0Oo
4233:C 28 Feb 2025 08:51:41.096 # Redis version=7.0.15, bits=64, commit=00000000, modified=0, pid=4233, just started
4233:C 28 Feb 2025 08:51:41.096 # Configuration loaded
4233:M 28 Feb 2025 08:51:41.097 * Increased maximum number of open files to 10032 (it was originally set to 1024).
4233:M 28 Feb 2025 08:51:41.097 * monotonic clock: POSIX clock_gettime
4233:M 28 Feb 2025 08:51:41.098 * Running mode=standalone, port=11000.
4233:M 28 Feb 2025 08:51:41.098 # Server initialized
4233:M 28 Feb 2025 08:51:41.098 # WARNING Memory overcommit must be enabled! Without it, a background save or replication may fail under low memory condition. Being disabled, it can can also cause failures without low memory condition, see https://github.com/jemalloc/jemalloc/issues/1328. To fix this issue add 'vm.overcommit_memory = 1' to /etc/sysctl.conf and then reboot or run the command 'sysctl vm.overcommit_memory=1' for this to take effect.
4233:M 28 Feb 2025 08:51:41.098 * Loading RDB produced by version 7.0.15
4233:M 28 Feb 2025 08:51:41.098 * RDB age 1 seconds
4233:M 28 Feb 2025 08:51:41.098 * RDB memory usage when created 1.26 Mb
4233:M 28 Feb 2025 08:51:41.129 * Done loading RDB, keys loaded: 49, keys expired: 0.
4233:M 28 Feb 2025 08:51:41.138 * DB loaded from disk: 0.040 seconds
4233:M 28 Feb 2025 08:51:41.139 * Ready to accept connections
4233:M 28 Feb 2025 08:56:43.486 * 100 changes in 300 seconds. Saving...
4233:M 28 Feb 2025 08:56:43.487 * Background saving started by pid 4491
4491:C 28 Feb 2025 08:56:43.538 * DB saved on disk
4491:C 28 Feb 2025 08:56:43.539 * Fork CoW for RDB: current 0 MB, peak 0 MB, average 0 MB
4233:M 28 Feb 2025 08:56:43.588 * Background saving terminated with success
4233:M 28 Feb 2025 09:01:44.093 * 100 changes in 300 seconds. Saving...
4233:M 28 Feb 2025 09:01:44.094 * Background saving started by pid 4706
4706:C 28 Feb 2025 09:01:44.114 * DB saved on disk
4706:C 28 Feb 2025 09:01:44.115 * Fork CoW for RDB: current 0 MB, peak 0 MB, average 0 MB
4233:M 28 Feb 2025 09:01:44.195 * Background saving terminated with success
4233:M 28 Feb 2025 09:06:45.012 * 100 changes in 300 seconds. Saving...
4233:M 28 Feb 2025 09:06:45.013 * Background saving started by pid 4845
4845:C 28 Feb 2025 09:06:45.024 * DB saved on disk
4845:C 28 Feb 2025 09:06:45.024 * Fork CoW for RDB: current 0 MB, peak 0 MB, average 0 MB
4233:M 28 Feb 2025 09:06:45.113 * Background saving terminated with success
4233:M 28 Feb 2025 09:11:46.084 * 100 changes in 300 seconds. Saving...
4233:M 28 Feb 2025 09:11:46.086 * Background saving started by pid 4932
4932:C 28 Feb 2025 09:11:46.102 * DB saved on disk
4932:C 28 Feb 2025 09:11:46.103 * Fork CoW for RDB: current 0 MB, peak 0 MB, average 0 MB
4233:M 28 Feb 2025 09:11:46.202 * Background saving terminated with success
4233:M 28 Feb 2025 09:16:47.082 * 100 changes in 300 seconds. Saving...
4233:M 28 Feb 2025 09:16:47.082 * Background saving started by pid 4959
4959:C 28 Feb 2025 09:16:47.097 * DB saved on disk
4959:C 28 Feb 2025 09:16:47.098 * Fork CoW for RDB: current 0 MB, peak 0 MB, average 0 MB
4233:M 28 Feb 2025 09:16:47.182 * Background saving terminated with success
4233:M 28 Feb 2025 09:21:48.068 * 100 changes in 300 seconds. Saving...
4233:M 28 Feb 2025 09:21:48.070 * Background saving started by pid 5108
5108:C 28 Feb 2025 09:21:48.085 * DB saved on disk
5108:C 28 Feb 2025 09:21:48.086 * Fork CoW for RDB: current 0 MB, peak 0 MB, average 0 MB
4233:M 28 Feb 2025 09:21:48.171 * Background saving terminated with success
4233:M 28 Feb 2025 09:26:49.008 * 100 changes in 300 seconds. Saving...
4233:M 28 Feb 2025 09:26:49.029 * Background saving started by pid 5296
5296:C 28 Feb 2025 09:26:49.047 * DB saved on disk
5296:C 28 Feb 2025 09:26:49.048 * Fork CoW for RDB: current 0 MB, peak 0 MB, average 0 MB
4233:M 28 Feb 2025 09:26:49.129 * Background saving terminated with success
4233:M 28 Feb 2025 09:31:50.086 * 100 changes in 300 seconds. Saving...
4233:M 28 Feb 2025 09:31:50.087 * Background saving started by pid 5422
5422:C 28 Feb 2025 09:31:50.101 * DB saved on disk
5422:C 28 Feb 2025 09:31:50.102 * Fork CoW for RDB: current 0 MB, peak 0 MB, average 0 MB
4233:M 28 Feb 2025 09:31:50.188 * Background saving terminated with success
4233:M 28 Feb 2025 09:36:52.112 * 100 changes in 300 seconds. Saving...
4233:M 28 Feb 2025 09:36:52.113 * Background saving started by pid 5564
5564:C 28 Feb 2025 09:36:52.133 * DB saved on disk
5564:C 28 Feb 2025 09:36:52.134 * Fork CoW for RDB: current 0 MB, peak 0 MB, average 0 MB
4233:M 28 Feb 2025 09:36:52.214 * Background saving terminated with success
4233:M 28 Feb 2025 09:41:53.060 * 100 changes in 300 seconds. Saving...
4233:M 28 Feb 2025 09:41:53.062 * Background saving started by pid 5586
5586:C 28 Feb 2025 09:41:53.086 * DB saved on disk
5586:C 28 Feb 2025 09:41:53.087 * Fork CoW for RDB: current 0 MB, peak 0 MB, average 0 MB
4233:M 28 Feb 2025 09:41:53.163 * Background saving terminated with success
4233:M 28 Feb 2025 09:46:55.009 * 100 changes in 300 seconds. Saving...
4233:M 28 Feb 2025 09:46:55.011 * Background saving started by pid 5723
5723:C 28 Feb 2025 09:46:55.059 * DB saved on disk
5723:C 28 Feb 2025 09:46:55.060 * Fork CoW for RDB: current 0 MB, peak 0 MB, average 0 MB
4233:M 28 Feb 2025 09:46:55.111 * Background saving terminated with success
4233:M 28 Feb 2025 09:51:56.045 * 100 changes in 300 seconds. Saving...
4233:M 28 Feb 2025 09:51:56.046 * Background saving started by pid 5870
5870:C 28 Feb 2025 09:51:56.057 * DB saved on disk
5870:C 28 Feb 2025 09:51:56.058 * Fork CoW for RDB: current 0 MB, peak 0 MB, average 0 MB
4233:M 28 Feb 2025 09:51:56.147 * Background saving terminated with success
4233:M 28 Feb 2025 09:56:57.535 * 100 changes in 300 seconds. Saving...
4233:M 28 Feb 2025 09:56:57.544 * Background saving started by pid 5891
5891:C 28 Feb 2025 09:56:57.558 * DB saved on disk
5891:C 28 Feb 2025 09:56:57.559 * Fork CoW for RDB: current 0 MB, peak 0 MB, average 0 MB
4233:M 28 Feb 2025 09:56:57.644 * Background saving terminated with success
4233:M 28 Feb 2025 10:01:58.083 * 100 changes in 300 seconds. Saving...
4233:M 28 Feb 2025 10:01:58.085 * Background saving started by pid 5997
5997:C 28 Feb 2025 10:01:58.101 * DB saved on disk
5997:C 28 Feb 2025 10:01:58.103 * Fork CoW for RDB: current 0 MB, peak 0 MB, average 0 MB
4233:M 28 Feb 2025 10:01:58.186 * Background saving terminated with success
4233:M 28 Feb 2025 10:06:59.096 * 100 changes in 300 seconds. Saving...
4233:M 28 Feb 2025 10:06:59.097 * Background saving started by pid 6210
6210:C 28 Feb 2025 10:06:59.116 * DB saved on disk
6210:C 28 Feb 2025 10:06:59.118 * Fork CoW for RDB: current 0 MB, peak 0 MB, average 0 MB
4233:M 28 Feb 2025 10:06:59.198 * Background saving terminated with success
495:C 01 Mar 2025 06:51:22.327 # oO0OoO0OoO0Oo Redis is starting oO0OoO0OoO0Oo
495:C 01 Mar 2025 06:51:22.328 # Redis version=7.0.15, bits=64, commit=00000000, modified=0, pid=495, just started
495:C 01 Mar 2025 06:51:22.328 # Configuration loaded
495:M 01 Mar 2025 06:51:22.328 * Increased maximum number of open files to 10032 (it was originally set to 1024).
495:M 01 Mar 2025 06:51:22.328 * monotonic clock: POSIX clock_gettime
495:M 01 Mar 2025 06:51:22.344 * Running mode=standalone, port=11000.
495:M 01 Mar 2025 06:51:22.344 # Server initialized
495:M 01 Mar 2025 06:51:22.344 # WARNING Memory overcommit must be enabled! Without it, a background save or replication may fail under low memory condition. Being disabled, it can can also cause failures without low memory condition, see https://github.com/jemalloc/jemalloc/issues/1328. To fix this issue add 'vm.overcommit_memory = 1' to /etc/sysctl.conf and then reboot or run the command 'sysctl vm.overcommit_memory=1' for this to take effect.
495:M 01 Mar 2025 06:51:22.359 * Loading RDB produced by version 7.0.15
495:M 01 Mar 2025 06:51:22.359 * RDB age 74663 seconds
495:M 01 Mar 2025 06:51:22.359 * RDB memory usage when created 1.68 Mb
495:M 01 Mar 2025 06:51:22.375 * Done loading RDB, keys loaded: 19, keys expired: 28.
495:M 01 Mar 2025 06:51:22.375 * DB loaded from disk: 0.031 seconds
495:M 01 Mar 2025 06:51:22.376 * Ready to accept connections
495:M 01 Mar 2025 06:56:23.066 * 100 changes in 300 seconds. Saving...
495:M 01 Mar 2025 06:56:23.067 * Background saving started by pid 992
992:C 01 Mar 2025 06:56:23.110 * DB saved on disk
992:C 01 Mar 2025 06:56:23.111 * Fork CoW for RDB: current 0 MB, peak 0 MB, average 0 MB
495:M 01 Mar 2025 06:56:23.168 * Background saving terminated with success
495:M 01 Mar 2025 07:01:24.048 * 100 changes in 300 seconds. Saving...
495:M 01 Mar 2025 07:01:24.048 * Background saving started by pid 1186
1186:C 01 Mar 2025 07:01:24.109 * DB saved on disk
1186:C 01 Mar 2025 07:01:24.110 * Fork CoW for RDB: current 0 MB, peak 0 MB, average 0 MB
495:M 01 Mar 2025 07:01:24.149 * Background saving terminated with success
495:M 01 Mar 2025 07:06:25.073 * 100 changes in 300 seconds. Saving...
495:M 01 Mar 2025 07:06:25.075 * Background saving started by pid 1350
1350:C 01 Mar 2025 07:06:25.132 * DB saved on disk
1350:C 01 Mar 2025 07:06:25.133 * Fork CoW for RDB: current 0 MB, peak 0 MB, average 0 MB
495:M 01 Mar 2025 07:06:25.177 * Background saving terminated with success
495:M 01 Mar 2025 07:11:26.076 * 100 changes in 300 seconds. Saving...
495:M 01 Mar 2025 07:11:26.080 * Background saving started by pid 1419
1419:C 01 Mar 2025 07:11:26.202 * DB saved on disk
1419:C 01 Mar 2025 07:11:26.204 * Fork CoW for RDB: current 0 MB, peak 0 MB, average 0 MB
495:M 01 Mar 2025 07:11:26.282 * Background saving terminated with success
495:M 01 Mar 2025 07:16:27.004 * 100 changes in 300 seconds. Saving...
495:M 01 Mar 2025 07:16:27.193 * Background saving started by pid 1546
1546:C 01 Mar 2025 07:16:27.738 * DB saved on disk
1546:C 01 Mar 2025 07:16:27.740 * Fork CoW for RDB: current 0 MB, peak 0 MB, average 0 MB
495:M 01 Mar 2025 07:16:27.797 * Background saving terminated with success
495:M 01 Mar 2025 07:21:28.032 * 100 changes in 300 seconds. Saving...
495:M 01 Mar 2025 07:21:28.472 * Background saving started by pid 1640
1640:C 01 Mar 2025 07:21:28.795 * DB saved on disk
1640:C 01 Mar 2025 07:21:28.797 * Fork CoW for RDB: current 0 MB, peak 0 MB, average 0 MB
495:M 01 Mar 2025 07:21:28.881 * Background saving terminated with success
495:M 01 Mar 2025 07:26:29.002 * 100 changes in 300 seconds. Saving...
495:M 01 Mar 2025 07:26:29.026 * Background saving started by pid 1818
1818:C 01 Mar 2025 07:26:29.395 * DB saved on disk
1818:C 01 Mar 2025 07:26:29.396 * Fork CoW for RDB: current 0 MB, peak 0 MB, average 0 MB
495:M 01 Mar 2025 07:26:29.457 * Background saving terminated with success
495:M 01 Mar 2025 07:31:30.061 * 100 changes in 300 seconds. Saving...
495:M 01 Mar 2025 07:31:30.065 * Background saving started by pid 1879
1879:C 01 Mar 2025 07:31:30.184 * DB saved on disk
1879:C 01 Mar 2025 07:31:30.185 * Fork CoW for RDB: current 0 MB, peak 0 MB, average 0 MB
495:M 01 Mar 2025 07:31:30.276 * Background saving terminated with success
495:M 01 Mar 2025 07:36:31.014 * 100 changes in 300 seconds. Saving...
495:M 01 Mar 2025 07:36:31.015 * Background saving started by pid 1934
1934:C 01 Mar 2025 07:36:31.037 * DB saved on disk
1934:C 01 Mar 2025 07:36:31.039 * Fork CoW for RDB: current 0 MB, peak 0 MB, average 0 MB
495:M 01 Mar 2025 07:36:31.116 * Background saving terminated with success
495:M 01 Mar 2025 07:41:32.018 * 100 changes in 300 seconds. Saving...
495:M 01 Mar 2025 07:41:32.019 * Background saving started by pid 1999
1999:C 01 Mar 2025 07:41:32.034 * DB saved on disk
1999:C 01 Mar 2025 07:41:32.035 * Fork CoW for RDB: current 0 MB, peak 0 MB, average 0 MB
495:M 01 Mar 2025 07:41:32.120 * Background saving terminated with success
495:M 01 Mar 2025 07:46:33.011 * 100 changes in 300 seconds. Saving...
495:M 01 Mar 2025 07:46:33.016 * Background saving started by pid 2080
2080:C 01 Mar 2025 07:46:33.023 * DB saved on disk
2080:C 01 Mar 2025 07:46:33.023 * Fork CoW for RDB: current 0 MB, peak 0 MB, average 0 MB
495:M 01 Mar 2025 07:46:33.117 * Background saving terminated with success
495:M 01 Mar 2025 07:51:34.053 * 100 changes in 300 seconds. Saving...
495:M 01 Mar 2025 07:51:34.054 * Background saving started by pid 2149
2149:C 01 Mar 2025 07:51:34.067 * DB saved on disk
2149:C 01 Mar 2025 07:51:34.068 * Fork CoW for RDB: current 0 MB, peak 0 MB, average 0 MB
495:M 01 Mar 2025 07:51:34.155 * Background saving terminated with success
495:M 01 Mar 2025 07:56:35.056 * 100 changes in 300 seconds. Saving...
495:M 01 Mar 2025 07:56:35.056 * Background saving started by pid 2256
2256:C 01 Mar 2025 07:56:35.069 * DB saved on disk
2256:C 01 Mar 2025 07:56:35.070 * Fork CoW for RDB: current 0 MB, peak 0 MB, average 0 MB
495:M 01 Mar 2025 07:56:35.157 * Background saving terminated with success
495:M 01 Mar 2025 08:01:36.046 * 100 changes in 300 seconds. Saving...
495:M 01 Mar 2025 08:01:36.047 * Background saving started by pid 2401
2401:C 01 Mar 2025 08:01:36.069 * DB saved on disk
2401:C 01 Mar 2025 08:01:36.071 * Fork CoW for RDB: current 0 MB, peak 0 MB, average 0 MB
495:M 01 Mar 2025 08:01:36.149 * Background saving terminated with success
495:M 01 Mar 2025 08:06:37.063 * 100 changes in 300 seconds. Saving...
495:M 01 Mar 2025 08:06:37.064 * Background saving started by pid 2511
2511:C 01 Mar 2025 08:06:37.109 * DB saved on disk
2511:C 01 Mar 2025 08:06:37.110 * Fork CoW for RDB: current 0 MB, peak 0 MB, average 0 MB
495:M 01 Mar 2025 08:06:37.165 * Background saving terminated with success
495:M 01 Mar 2025 08:11:38.032 * 100 changes in 300 seconds. Saving...
495:M 01 Mar 2025 08:11:38.035 * Background saving started by pid 2622
2622:C 01 Mar 2025 08:11:38.067 * DB saved on disk
2622:C 01 Mar 2025 08:11:38.068 * Fork CoW for RDB: current 0 MB, peak 0 MB, average 0 MB
495:M 01 Mar 2025 08:11:38.135 * Background saving terminated with success
495:M 01 Mar 2025 08:16:39.025 * 100 changes in 300 seconds. Saving...
495:M 01 Mar 2025 08:16:39.030 * Background saving started by pid 2678
2678:C 01 Mar 2025 08:16:39.052 * DB saved on disk
2678:C 01 Mar 2025 08:16:39.053 * Fork CoW for RDB: current 0 MB, peak 0 MB, average 0 MB
495:M 01 Mar 2025 08:16:39.133 * Background saving terminated with success
495:M 01 Mar 2025 08:21:40.069 * 100 changes in 300 seconds. Saving...
495:M 01 Mar 2025 08:21:40.101 * Background saving started by pid 2698
2698:C 01 Mar 2025 08:21:40.357 * DB saved on disk
2698:C 01 Mar 2025 08:21:40.358 * Fork CoW for RDB: current 0 MB, peak 0 MB, average 0 MB
495:M 01 Mar 2025 08:21:40.420 * Background saving terminated with success
495:M 01 Mar 2025 08:26:41.020 * 100 changes in 300 seconds. Saving...
495:M 01 Mar 2025 08:26:41.021 * Background saving started by pid 2771
2771:C 01 Mar 2025 08:26:41.044 * DB saved on disk
2771:C 01 Mar 2025 08:26:41.046 * Fork CoW for RDB: current 0 MB, peak 0 MB, average 0 MB
495:M 01 Mar 2025 08:26:41.122 * Background saving terminated with success
495:M 01 Mar 2025 08:31:42.031 * 100 changes in 300 seconds. Saving...
495:M 01 Mar 2025 08:31:42.033 * Background saving started by pid 2825
2825:C 01 Mar 2025 08:31:42.090 * DB saved on disk
2825:C 01 Mar 2025 08:31:42.093 * Fork CoW for RDB: current 0 MB, peak 0 MB, average 0 MB
495:M 01 Mar 2025 08:31:42.134 * Background saving terminated with success
495:M 01 Mar 2025 08:36:43.076 * 100 changes in 300 seconds. Saving...
495:M 01 Mar 2025 08:36:43.077 * Background saving started by pid 2846
2846:C 01 Mar 2025 08:36:43.133 * DB saved on disk
2846:C 01 Mar 2025 08:36:43.135 * Fork CoW for RDB: current 0 MB, peak 0 MB, average 0 MB
495:M 01 Mar 2025 08:36:43.179 * Background saving terminated with success
495:M 01 Mar 2025 08:41:44.043 * 100 changes in 300 seconds. Saving...
495:M 01 Mar 2025 08:41:44.044 * Background saving started by pid 2902
2902:C 01 Mar 2025 08:41:44.079 * DB saved on disk
2902:C 01 Mar 2025 08:41:44.082 * Fork CoW for RDB: current 0 MB, peak 0 MB, average 0 MB
495:M 01 Mar 2025 08:41:44.145 * Background saving terminated with success
495:M 01 Mar 2025 08:46:45.005 * 100 changes in 300 seconds. Saving...
495:M 01 Mar 2025 08:46:45.007 * Background saving started by pid 3015
3015:C 01 Mar 2025 08:46:45.030 * DB saved on disk
3015:C 01 Mar 2025 08:46:45.033 * Fork CoW for RDB: current 0 MB, peak 0 MB, average 0 MB
495:M 01 Mar 2025 08:46:45.108 * Background saving terminated with success
495:M 01 Mar 2025 08:51:46.019 * 100 changes in 300 seconds. Saving...
495:M 01 Mar 2025 08:51:46.020 * Background saving started by pid 3120
3120:C 01 Mar 2025 08:51:46.044 * DB saved on disk
3120:C 01 Mar 2025 08:51:46.047 * Fork CoW for RDB: current 0 MB, peak 0 MB, average 0 MB
495:M 01 Mar 2025 08:51:46.125 * Background saving terminated with success
495:M 01 Mar 2025 08:56:47.093 * 100 changes in 300 seconds. Saving...
495:M 01 Mar 2025 08:56:47.097 * Background saving started by pid 3239
3239:C 01 Mar 2025 08:56:47.120 * DB saved on disk
3239:C 01 Mar 2025 08:56:47.123 * Fork CoW for RDB: current 0 MB, peak 0 MB, average 0 MB
495:M 01 Mar 2025 08:56:47.198 * Background saving terminated with success
495:M 01 Mar 2025 09:01:48.002 * 100 changes in 300 seconds. Saving...
495:M 01 Mar 2025 09:01:48.008 * Background saving started by pid 3314
3314:C 01 Mar 2025 09:01:48.083 * DB saved on disk
3314:C 01 Mar 2025 09:01:48.084 * Fork CoW for RDB: current 0 MB, peak 0 MB, average 0 MB
495:M 01 Mar 2025 09:01:48.118 * Background saving terminated with success
495:M 01 Mar 2025 09:06:49.022 * 100 changes in 300 seconds. Saving...
495:M 01 Mar 2025 09:06:49.027 * Background saving started by pid 3358
3358:C 01 Mar 2025 09:06:49.037 * DB saved on disk
3358:C 01 Mar 2025 09:06:49.038 * Fork CoW for RDB: current 0 MB, peak 0 MB, average 0 MB
495:M 01 Mar 2025 09:06:49.128 * Background saving terminated with success
495:M 01 Mar 2025 09:36:33.804 * 100 changes in 300 seconds. Saving...
495:M 01 Mar 2025 09:36:33.936 * Background saving started by pid 3434
3434:C 01 Mar 2025 09:36:34.262 * DB saved on disk
3434:C 01 Mar 2025 09:36:34.263 * Fork CoW for RDB: current 1 MB, peak 1 MB, average 0 MB
495:M 01 Mar 2025 09:36:34.293 * Background saving terminated with success
514:C 03 Mar 2025 05:52:42.672 # oO0OoO0OoO0Oo Redis is starting oO0OoO0OoO0Oo
514:C 03 Mar 2025 05:52:42.672 # Redis version=7.0.15, bits=64, commit=00000000, modified=0, pid=514, just started
514:C 03 Mar 2025 05:52:42.672 # Configuration loaded
514:M 03 Mar 2025 05:52:42.673 * Increased maximum number of open files to 10032 (it was originally set to 1024).
514:M 03 Mar 2025 05:52:42.673 * monotonic clock: POSIX clock_gettime
514:M 03 Mar 2025 05:52:42.673 * Running mode=standalone, port=11000.
514:M 03 Mar 2025 05:52:42.674 # Server initialized
514:M 03 Mar 2025 05:52:42.674 # WARNING Memory overcommit must be enabled! Without it, a background save or replication may fail under low memory condition. Being disabled, it can can also cause failures without low memory condition, see https://github.com/jemalloc/jemalloc/issues/1328. To fix this issue add 'vm.overcommit_memory = 1' to /etc/sysctl.conf and then reboot or run the command 'sysctl vm.overcommit_memory=1' for this to take effect.
514:M 03 Mar 2025 05:52:42.690 * Loading RDB produced by version 7.0.15
514:M 03 Mar 2025 05:52:42.690 * RDB age 159369 seconds
514:M 03 Mar 2025 05:52:42.690 * RDB memory usage when created 1.62 Mb
514:M 03 Mar 2025 05:52:42.703 * Done loading RDB, keys loaded: 19, keys expired: 0.
514:M 03 Mar 2025 05:52:42.703 * DB loaded from disk: 0.029 seconds
514:M 03 Mar 2025 05:52:42.703 * Ready to accept connections
514:M 03 Mar 2025 05:57:43.085 * 100 changes in 300 seconds. Saving...
514:M 03 Mar 2025 05:57:43.086 * Background saving started by pid 945
945:C 03 Mar 2025 05:57:43.122 * DB saved on disk
945:C 03 Mar 2025 05:57:43.123 * Fork CoW for RDB: current 0 MB, peak 0 MB, average 0 MB
514:M 03 Mar 2025 05:57:43.186 * Background saving terminated with success
514:M 03 Mar 2025 06:02:44.089 * 100 changes in 300 seconds. Saving...
514:M 03 Mar 2025 06:02:44.089 * Background saving started by pid 1012
1012:C 03 Mar 2025 06:02:44.368 * DB saved on disk
1012:C 03 Mar 2025 06:02:44.369 * Fork CoW for RDB: current 0 MB, peak 0 MB, average 0 MB
514:M 03 Mar 2025 06:02:44.417 * Background saving terminated with success
514:M 03 Mar 2025 06:07:45.033 * 100 changes in 300 seconds. Saving...
514:M 03 Mar 2025 06:07:45.033 * Background saving started by pid 1074
1074:C 03 Mar 2025 06:07:45.970 * DB saved on disk
1074:C 03 Mar 2025 06:07:45.971 * Fork CoW for RDB: current 0 MB, peak 0 MB, average 0 MB
514:M 03 Mar 2025 06:07:46.052 * Background saving terminated with success
514:M 03 Mar 2025 06:12:47.063 * 100 changes in 300 seconds. Saving...
514:M 03 Mar 2025 06:12:47.064 * Background saving started by pid 1124
1124:C 03 Mar 2025 06:12:47.261 * DB saved on disk
1124:C 03 Mar 2025 06:12:47.263 * Fork CoW for RDB: current 0 MB, peak 0 MB, average 0 MB
514:M 03 Mar 2025 06:12:47.275 * Background saving terminated with success
514:M 03 Mar 2025 06:17:48.074 * 100 changes in 300 seconds. Saving...
514:M 03 Mar 2025 06:17:48.075 * Background saving started by pid 1274
1274:C 03 Mar 2025 06:17:48.552 * DB saved on disk
1274:C 03 Mar 2025 06:17:48.553 * Fork CoW for RDB: current 0 MB, peak 0 MB, average 0 MB
514:M 03 Mar 2025 06:17:48.578 * Background saving terminated with success
514:M 03 Mar 2025 06:22:49.932 * 100 changes in 300 seconds. Saving...
514:M 03 Mar 2025 06:22:49.933 * Background saving started by pid 1437
1437:C 03 Mar 2025 06:22:50.099 * DB saved on disk
1437:C 03 Mar 2025 06:22:50.100 * Fork CoW for RDB: current 0 MB, peak 0 MB, average 0 MB
514:M 03 Mar 2025 06:22:50.135 * Background saving terminated with success
514:M 03 Mar 2025 06:27:51.073 * 100 changes in 300 seconds. Saving...
514:M 03 Mar 2025 06:27:51.075 * Background saving started by pid 1542
1542:C 03 Mar 2025 06:27:51.098 * DB saved on disk
1542:C 03 Mar 2025 06:27:51.099 * Fork CoW for RDB: current 0 MB, peak 0 MB, average 0 MB
514:M 03 Mar 2025 06:27:51.175 * Background saving terminated with success
514:M 03 Mar 2025 06:32:52.074 * 100 changes in 300 seconds. Saving...
514:M 03 Mar 2025 06:32:52.074 * Background saving started by pid 1660
1660:C 03 Mar 2025 06:32:52.105 * DB saved on disk
1660:C 03 Mar 2025 06:32:52.107 * Fork CoW for RDB: current 0 MB, peak 0 MB, average 0 MB
514:M 03 Mar 2025 06:32:52.175 * Background saving terminated with success
514:M 03 Mar 2025 06:37:53.003 * 100 changes in 300 seconds. Saving...
514:M 03 Mar 2025 06:37:53.107 * Background saving started by pid 1680
1680:C 03 Mar 2025 06:37:53.539 * DB saved on disk
1680:C 03 Mar 2025 06:37:53.541 * Fork CoW for RDB: current 0 MB, peak 0 MB, average 0 MB
514:M 03 Mar 2025 06:37:53.629 * Background saving terminated with success
514:M 03 Mar 2025 06:42:54.049 * 100 changes in 300 seconds. Saving...
514:M 03 Mar 2025 06:42:54.050 * Background saving started by pid 1705
1705:C 03 Mar 2025 06:42:56.909 * DB saved on disk
1705:C 03 Mar 2025 06:42:56.910 * Fork CoW for RDB: current 1 MB, peak 1 MB, average 0 MB
514:M 03 Mar 2025 06:42:56.911 * Background saving terminated with success
514:M 03 Mar 2025 06:47:57.002 * 100 changes in 300 seconds. Saving...
514:M 03 Mar 2025 06:47:57.002 * Background saving started by pid 1726
1726:C 03 Mar 2025 06:47:57.525 * DB saved on disk
1726:C 03 Mar 2025 06:47:57.526 * Fork CoW for RDB: current 0 MB, peak 0 MB, average 0 MB
514:M 03 Mar 2025 06:47:57.541 * Background saving terminated with success
514:M 03 Mar 2025 06:52:58.072 * 100 changes in 300 seconds. Saving...
514:M 03 Mar 2025 06:52:58.194 * Background saving started by pid 1743
1743:C 03 Mar 2025 06:52:59.067 * DB saved on disk
1743:C 03 Mar 2025 06:52:59.069 * Fork CoW for RDB: current 0 MB, peak 0 MB, average 0 MB
514:M 03 Mar 2025 06:52:59.070 * Background saving terminated with success
514:M 03 Mar 2025 06:58:00.026 * 100 changes in 300 seconds. Saving...
514:M 03 Mar 2025 06:58:00.027 * Background saving started by pid 1803
1803:C 03 Mar 2025 06:58:00.039 * DB saved on disk
1803:C 03 Mar 2025 06:58:00.040 * Fork CoW for RDB: current 0 MB, peak 0 MB, average 0 MB
514:M 03 Mar 2025 06:58:00.128 * Background saving terminated with success
514:M 03 Mar 2025 07:03:01.059 * 100 changes in 300 seconds. Saving...
514:M 03 Mar 2025 07:03:01.060 * Background saving started by pid 1946
1946:C 03 Mar 2025 07:03:01.103 * DB saved on disk
1946:C 03 Mar 2025 07:03:01.104 * Fork CoW for RDB: current 0 MB, peak 0 MB, average 0 MB
514:M 03 Mar 2025 07:03:01.160 * Background saving terminated with success
514:M 03 Mar 2025 07:08:02.071 * 100 changes in 300 seconds. Saving...
514:M 03 Mar 2025 07:08:02.071 * Background saving started by pid 2058
2058:C 03 Mar 2025 07:08:02.081 * DB saved on disk
2058:C 03 Mar 2025 07:08:02.082 * Fork CoW for RDB: current 0 MB, peak 0 MB, average 0 MB
514:M 03 Mar 2025 07:08:02.172 * Background saving terminated with success
514:M 03 Mar 2025 07:13:03.032 * 100 changes in 300 seconds. Saving...
514:M 03 Mar 2025 07:13:03.033 * Background saving started by pid 2147
2147:C 03 Mar 2025 07:13:03.042 * DB saved on disk
2147:C 03 Mar 2025 07:13:03.043 * Fork CoW for RDB: current 0 MB, peak 0 MB, average 0 MB
514:M 03 Mar 2025 07:13:03.134 * Background saving terminated with success
514:M 03 Mar 2025 07:18:04.086 * 100 changes in 300 seconds. Saving...
514:M 03 Mar 2025 07:18:04.086 * Background saving started by pid 2170
2170:C 03 Mar 2025 07:18:04.098 * DB saved on disk
2170:C 03 Mar 2025 07:18:04.099 * Fork CoW for RDB: current 0 MB, peak 0 MB, average 0 MB
514:M 03 Mar 2025 07:18:04.187 * Background saving terminated with success
514:M 03 Mar 2025 07:23:05.065 * 100 changes in 300 seconds. Saving...
514:M 03 Mar 2025 07:23:05.066 * Background saving started by pid 2216
2216:C 03 Mar 2025 07:23:05.073 * DB saved on disk
2216:C 03 Mar 2025 07:23:05.074 * Fork CoW for RDB: current 0 MB, peak 0 MB, average 0 MB
514:M 03 Mar 2025 07:23:05.166 * Background saving terminated with success
514:M 03 Mar 2025 07:28:06.060 * 100 changes in 300 seconds. Saving...
514:M 03 Mar 2025 07:28:06.061 * Background saving started by pid 2251
2251:C 03 Mar 2025 07:28:06.142 * DB saved on disk
2251:C 03 Mar 2025 07:28:06.143 * Fork CoW for RDB: current 0 MB, peak 0 MB, average 0 MB
514:M 03 Mar 2025 07:28:06.162 * Background saving terminated with success
514:M 03 Mar 2025 07:33:07.097 * 100 changes in 300 seconds. Saving...
514:M 03 Mar 2025 07:33:07.098 * Background saving started by pid 2427
2427:C 03 Mar 2025 07:33:07.111 * DB saved on disk
2427:C 03 Mar 2025 07:33:07.111 * Fork CoW for RDB: current 0 MB, peak 0 MB, average 0 MB
514:M 03 Mar 2025 07:33:07.199 * Background saving terminated with success
514:M 03 Mar 2025 07:38:08.068 * 100 changes in 300 seconds. Saving...
514:M 03 Mar 2025 07:38:08.078 * Background saving started by pid 2580
2580:C 03 Mar 2025 07:38:08.195 * DB saved on disk
2580:C 03 Mar 2025 07:38:08.196 * Fork CoW for RDB: current 0 MB, peak 0 MB, average 0 MB
514:M 03 Mar 2025 07:38:08.280 * Background saving terminated with success
514:M 03 Mar 2025 07:43:09.005 * 100 changes in 300 seconds. Saving...
514:M 03 Mar 2025 07:43:09.007 * Background saving started by pid 2661
2661:C 03 Mar 2025 07:43:09.033 * DB saved on disk
2661:C 03 Mar 2025 07:43:09.033 * Fork CoW for RDB: current 0 MB, peak 0 MB, average 0 MB
514:M 03 Mar 2025 07:43:09.107 * Background saving terminated with success
514:M 03 Mar 2025 07:48:10.981 * 100 changes in 300 seconds. Saving...
514:M 03 Mar 2025 07:48:10.995 * Background saving started by pid 2757
2757:C 03 Mar 2025 07:48:11.111 * DB saved on disk
2757:C 03 Mar 2025 07:48:11.112 * Fork CoW for RDB: current 0 MB, peak 0 MB, average 0 MB
514:M 03 Mar 2025 07:48:11.201 * Background saving terminated with success
514:M 03 Mar 2025 07:53:12.063 * 100 changes in 300 seconds. Saving...
514:M 03 Mar 2025 07:53:12.063 * Background saving started by pid 2793
2793:C 03 Mar 2025 07:53:12.102 * DB saved on disk
2793:C 03 Mar 2025 07:53:12.104 * Fork CoW for RDB: current 0 MB, peak 0 MB, average 0 MB
514:M 03 Mar 2025 07:53:12.164 * Background saving terminated with success
514:M 03 Mar 2025 07:58:13.079 * 100 changes in 300 seconds. Saving...
514:M 03 Mar 2025 07:58:13.081 * Background saving started by pid 2905
2905:C 03 Mar 2025 07:58:13.092 * DB saved on disk
2905:C 03 Mar 2025 07:58:13.092 * Fork CoW for RDB: current 0 MB, peak 0 MB, average 0 MB
514:M 03 Mar 2025 07:58:13.181 * Background saving terminated with success
514:M 03 Mar 2025 08:03:14.093 * 100 changes in 300 seconds. Saving...
514:M 03 Mar 2025 08:03:14.094 * Background saving started by pid 2976
2976:C 03 Mar 2025 08:03:14.133 * DB saved on disk
2976:C 03 Mar 2025 08:03:14.134 * Fork CoW for RDB: current 0 MB, peak 0 MB, average 0 MB
514:M 03 Mar 2025 08:03:14.194 * Background saving terminated with success
514:M 03 Mar 2025 08:08:15.013 * 100 changes in 300 seconds. Saving...
514:M 03 Mar 2025 08:08:15.014 * Background saving started by pid 3114
3114:C 03 Mar 2025 08:08:15.058 * DB saved on disk
3114:C 03 Mar 2025 08:08:15.059 * Fork CoW for RDB: current 0 MB, peak 0 MB, average 0 MB
514:M 03 Mar 2025 08:08:15.114 * Background saving terminated with success
514:M 03 Mar 2025 08:13:16.094 * 100 changes in 300 seconds. Saving...
514:M 03 Mar 2025 08:13:16.095 * Background saving started by pid 3300
3300:C 03 Mar 2025 08:13:16.108 * DB saved on disk
3300:C 03 Mar 2025 08:13:16.109 * Fork CoW for RDB: current 0 MB, peak 0 MB, average 0 MB
514:M 03 Mar 2025 08:13:16.195 * Background saving terminated with success
514:M 03 Mar 2025 08:18:17.069 * 100 changes in 300 seconds. Saving...
514:M 03 Mar 2025 08:18:17.070 * Background saving started by pid 3407
3407:C 03 Mar 2025 08:18:17.091 * DB saved on disk
3407:C 03 Mar 2025 08:18:17.092 * Fork CoW for RDB: current 0 MB, peak 0 MB, average 0 MB
514:M 03 Mar 2025 08:18:17.170 * Background saving terminated with success
514:M 03 Mar 2025 08:23:18.045 * 100 changes in 300 seconds. Saving...
514:M 03 Mar 2025 08:23:18.046 * Background saving started by pid 3495
3495:C 03 Mar 2025 08:23:18.062 * DB saved on disk
3495:C 03 Mar 2025 08:23:18.063 * Fork CoW for RDB: current 0 MB, peak 0 MB, average 0 MB
514:M 03 Mar 2025 08:23:18.147 * Background saving terminated with success
514:M 03 Mar 2025 08:28:19.098 * 100 changes in 300 seconds. Saving...
514:M 03 Mar 2025 08:28:19.098 * Background saving started by pid 3618
3618:C 03 Mar 2025 08:28:19.149 * DB saved on disk
3618:C 03 Mar 2025 08:28:19.150 * Fork CoW for RDB: current 0 MB, peak 0 MB, average 0 MB
514:M 03 Mar 2025 08:28:19.199 * Background saving terminated with success
514:M 03 Mar 2025 08:33:20.045 * 100 changes in 300 seconds. Saving...
514:M 03 Mar 2025 08:33:20.046 * Background saving started by pid 3662
3662:C 03 Mar 2025 08:33:20.076 * DB saved on disk
3662:C 03 Mar 2025 08:33:20.076 * Fork CoW for RDB: current 0 MB, peak 0 MB, average 0 MB
514:M 03 Mar 2025 08:33:20.146 * Background saving terminated with success
514:M 03 Mar 2025 08:38:21.099 * 100 changes in 300 seconds. Saving...
514:M 03 Mar 2025 08:38:21.100 * Background saving started by pid 3690
3690:C 03 Mar 2025 08:38:21.177 * DB saved on disk
3690:C 03 Mar 2025 08:38:21.178 * Fork CoW for RDB: current 0 MB, peak 0 MB, average 0 MB
514:M 03 Mar 2025 08:38:21.200 * Background saving terminated with success
514:M 03 Mar 2025 08:43:22.046 * 100 changes in 300 seconds. Saving...
514:M 03 Mar 2025 08:43:22.047 * Background saving started by pid 3739
3739:C 03 Mar 2025 08:43:22.138 * DB saved on disk
3739:C 03 Mar 2025 08:43:22.139 * Fork CoW for RDB: current 0 MB, peak 0 MB, average 0 MB
514:M 03 Mar 2025 08:43:22.147 * Background saving terminated with success
514:M 03 Mar 2025 08:48:23.038 * 100 changes in 300 seconds. Saving...
514:M 03 Mar 2025 08:48:23.039 * Background saving started by pid 3817
3817:C 03 Mar 2025 08:48:23.051 * DB saved on disk
3817:C 03 Mar 2025 08:48:23.052 * Fork CoW for RDB: current 0 MB, peak 0 MB, average 0 MB
514:M 03 Mar 2025 08:48:23.140 * Background saving terminated with success
514:M 03 Mar 2025 08:53:24.100 * 100 changes in 300 seconds. Saving...
514:M 03 Mar 2025 08:53:24.100 * Background saving started by pid 3983
3983:C 03 Mar 2025 08:53:24.145 * DB saved on disk
3983:C 03 Mar 2025 08:53:24.146 * Fork CoW for RDB: current 0 MB, peak 0 MB, average 0 MB
514:M 03 Mar 2025 08:53:24.201 * Background saving terminated with success
514:M 03 Mar 2025 08:58:25.034 * 100 changes in 300 seconds. Saving...
514:M 03 Mar 2025 08:58:25.047 * Background saving started by pid 4020
4020:C 03 Mar 2025 08:58:25.118 * DB saved on disk
4020:C 03 Mar 2025 08:58:25.126 * Fork CoW for RDB: current 0 MB, peak 0 MB, average 0 MB
514:M 03 Mar 2025 08:58:25.147 * Background saving terminated with success
514:M 03 Mar 2025 09:03:26.054 * 100 changes in 300 seconds. Saving...
514:M 03 Mar 2025 09:03:26.055 * Background saving started by pid 4132
4132:C 03 Mar 2025 09:03:26.063 * DB saved on disk
4132:C 03 Mar 2025 09:03:26.064 * Fork CoW for RDB: current 0 MB, peak 0 MB, average 0 MB
514:M 03 Mar 2025 09:03:26.155 * Background saving terminated with success
514:M 03 Mar 2025 09:08:27.060 * 100 changes in 300 seconds. Saving...
514:M 03 Mar 2025 09:08:27.242 * Background saving started by pid 4338
4338:C 03 Mar 2025 09:08:27.628 * DB saved on disk
4338:C 03 Mar 2025 09:08:27.629 * Fork CoW for RDB: current 0 MB, peak 0 MB, average 0 MB
514:M 03 Mar 2025 09:08:27.705 * Background saving terminated with success
514:M 03 Mar 2025 09:13:28.095 * 100 changes in 300 seconds. Saving...
514:M 03 Mar 2025 09:13:28.096 * Background saving started by pid 4507
4507:C 03 Mar 2025 09:13:28.141 * DB saved on disk
4507:C 03 Mar 2025 09:13:28.143 * Fork CoW for RDB: current 0 MB, peak 0 MB, average 0 MB
514:M 03 Mar 2025 09:13:28.197 * Background saving terminated with success
514:M 03 Mar 2025 09:18:29.053 * 100 changes in 300 seconds. Saving...
514:M 03 Mar 2025 09:18:29.058 * Background saving started by pid 4633
4633:C 03 Mar 2025 09:18:29.081 * DB saved on disk
4633:C 03 Mar 2025 09:18:29.082 * Fork CoW for RDB: current 0 MB, peak 0 MB, average 0 MB
514:M 03 Mar 2025 09:18:29.159 * Background saving terminated with success
514:M 03 Mar 2025 09:23:30.963 * 100 changes in 300 seconds. Saving...
514:M 03 Mar 2025 09:23:30.964 * Background saving started by pid 4761
4761:C 03 Mar 2025 09:23:30.977 * DB saved on disk
4761:C 03 Mar 2025 09:23:30.980 * Fork CoW for RDB: current 0 MB, peak 0 MB, average 0 MB
514:M 03 Mar 2025 09:23:31.065 * Background saving terminated with success
514:M 03 Mar 2025 09:28:32.083 * 100 changes in 300 seconds. Saving...
514:M 03 Mar 2025 09:28:32.288 * Background saving started by pid 4835
4835:C 03 Mar 2025 09:28:32.397 * DB saved on disk
4835:C 03 Mar 2025 09:28:32.398 * Fork CoW for RDB: current 0 MB, peak 0 MB, average 0 MB
514:M 03 Mar 2025 09:28:32.501 * Background saving terminated with success
514:M 03 Mar 2025 09:33:34.492 * 100 changes in 300 seconds. Saving...
514:M 03 Mar 2025 09:33:34.494 * Background saving started by pid 5027
5027:C 03 Mar 2025 09:33:34.576 * DB saved on disk
5027:C 03 Mar 2025 09:33:34.578 * Fork CoW for RDB: current 0 MB, peak 0 MB, average 0 MB
514:M 03 Mar 2025 09:33:34.595 * Background saving terminated with success
514:M 03 Mar 2025 09:38:35.351 * 100 changes in 300 seconds. Saving...
514:M 03 Mar 2025 09:38:35.352 * Background saving started by pid 5171
5171:C 03 Mar 2025 09:38:35.366 * DB saved on disk
5171:C 03 Mar 2025 09:38:35.367 * Fork CoW for RDB: current 0 MB, peak 0 MB, average 0 MB
514:M 03 Mar 2025 09:38:35.453 * Background saving terminated with success
514:M 03 Mar 2025 09:43:36.090 * 100 changes in 300 seconds. Saving...
514:M 03 Mar 2025 09:43:36.091 * Background saving started by pid 5283
5283:C 03 Mar 2025 09:43:36.114 * DB saved on disk
5283:C 03 Mar 2025 09:43:36.115 * Fork CoW for RDB: current 0 MB, peak 0 MB, average 0 MB
514:M 03 Mar 2025 09:43:36.191 * Background saving terminated with success
514:M 03 Mar 2025 09:48:38.993 * 100 changes in 300 seconds. Saving...
514:M 03 Mar 2025 09:48:39.001 * Background saving started by pid 5442
5442:C 03 Mar 2025 09:48:39.044 * DB saved on disk
5442:C 03 Mar 2025 09:48:39.045 * Fork CoW for RDB: current 0 MB, peak 0 MB, average 0 MB
514:M 03 Mar 2025 09:48:39.101 * Background saving terminated with success
514:M 03 Mar 2025 09:53:40.083 * 100 changes in 300 seconds. Saving...
514:M 03 Mar 2025 09:53:40.130 * Background saving started by pid 5530
5530:C 03 Mar 2025 09:53:40.267 * DB saved on disk
5530:C 03 Mar 2025 09:53:40.268 * Fork CoW for RDB: current 0 MB, peak 0 MB, average 0 MB
514:M 03 Mar 2025 09:53:40.338 * Background saving terminated with success
514:M 03 Mar 2025 09:58:42.778 * 100 changes in 300 seconds. Saving...
514:M 03 Mar 2025 09:58:42.779 * Background saving started by pid 5695
5695:C 03 Mar 2025 09:58:42.844 * DB saved on disk
5695:C 03 Mar 2025 09:58:42.845 * Fork CoW for RDB: current 0 MB, peak 0 MB, average 0 MB
514:M 03 Mar 2025 09:58:42.888 * Background saving terminated with success
514:M 03 Mar 2025 10:58:05.781 * 100 changes in 300 seconds. Saving...
514:M 03 Mar 2025 10:58:05.951 * Background saving started by pid 5722
5722:C 03 Mar 2025 10:58:07.006 * DB saved on disk
5722:C 03 Mar 2025 10:58:07.006 * Fork CoW for RDB: current 0 MB, peak 0 MB, average 0 MB
514:M 03 Mar 2025 10:58:07.104 * Background saving terminated with success
523:C 03 Mar 2025 12:48:24.351 # oO0OoO0OoO0Oo Redis is starting oO0OoO0OoO0Oo
523:C 03 Mar 2025 12:48:24.351 # Redis version=7.0.15, bits=64, commit=00000000, modified=0, pid=523, just started
523:C 03 Mar 2025 12:48:24.351 # Configuration loaded
523:M 03 Mar 2025 12:48:24.352 * Increased maximum number of open files to 10032 (it was originally set to 1024).
523:M 03 Mar 2025 12:48:24.352 * monotonic clock: POSIX clock_gettime
523:M 03 Mar 2025 12:48:24.352 * Running mode=standalone, port=11000.
523:M 03 Mar 2025 12:48:24.352 # Server initialized
523:M 03 Mar 2025 12:48:24.352 # WARNING Memory overcommit must be enabled! Without it, a background save or replication may fail under low memory condition. Being disabled, it can can also cause failures without low memory condition, see https://github.com/jemalloc/jemalloc/issues/1328. To fix this issue add 'vm.overcommit_memory = 1' to /etc/sysctl.conf and then reboot or run the command 'sysctl vm.overcommit_memory=1' for this to take effect.
523:M 03 Mar 2025 12:48:24.354 * Loading RDB produced by version 7.0.15
523:M 03 Mar 2025 12:48:24.354 * RDB age 6619 seconds
523:M 03 Mar 2025 12:48:24.354 * RDB memory usage when created 1.64 Mb
523:M 03 Mar 2025 12:48:24.356 * Done loading RDB, keys loaded: 26, keys expired: 0.
523:M 03 Mar 2025 12:48:24.356 * DB loaded from disk: 0.003 seconds
523:M 03 Mar 2025 12:48:24.356 * Ready to accept connections
523:M 03 Mar 2025 12:53:25.064 * 100 changes in 300 seconds. Saving...
523:M 03 Mar 2025 12:53:25.067 * Background saving started by pid 924
924:C 03 Mar 2025 12:53:25.783 * DB saved on disk
924:C 03 Mar 2025 12:53:25.903 * Fork CoW for RDB: current 0 MB, peak 0 MB, average 0 MB
523:M 03 Mar 2025 12:53:25.909 * Background saving terminated with success
523:M 03 Mar 2025 12:58:26.019 * 100 changes in 300 seconds. Saving...
523:M 03 Mar 2025 12:58:26.142 * Background saving started by pid 1030
1030:C 03 Mar 2025 12:58:26.830 * DB saved on disk
1030:C 03 Mar 2025 12:58:26.831 * Fork CoW for RDB: current 0 MB, peak 0 MB, average 0 MB
523:M 03 Mar 2025 12:58:26.834 * Background saving terminated with success
523:M 03 Mar 2025 13:03:27.015 * 100 changes in 300 seconds. Saving...
523:M 03 Mar 2025 13:03:27.036 * Background saving started by pid 1108
1108:C 03 Mar 2025 13:03:27.593 * DB saved on disk
1108:C 03 Mar 2025 13:03:27.594 * Fork CoW for RDB: current 0 MB, peak 0 MB, average 0 MB
523:M 03 Mar 2025 13:03:27.640 * Background saving terminated with success
523:M 03 Mar 2025 13:08:28.303 * 100 changes in 300 seconds. Saving...
523:M 03 Mar 2025 13:08:28.307 * Background saving started by pid 1225
1225:C 03 Mar 2025 13:08:30.442 * DB saved on disk
1225:C 03 Mar 2025 13:08:30.444 * Fork CoW for RDB: current 0 MB, peak 0 MB, average 0 MB
523:M 03 Mar 2025 13:08:30.501 * Background saving terminated with success
523:M 03 Mar 2025 13:13:31.075 * 100 changes in 300 seconds. Saving...
523:M 03 Mar 2025 13:13:31.076 * Background saving started by pid 1358
1358:C 03 Mar 2025 13:13:31.087 * DB saved on disk
1358:C 03 Mar 2025 13:13:31.088 * Fork CoW for RDB: current 0 MB, peak 0 MB, average 0 MB
523:M 03 Mar 2025 13:13:31.176 * Background saving terminated with success
523:M 03 Mar 2025 13:18:32.035 * 100 changes in 300 seconds. Saving...
523:M 03 Mar 2025 13:18:32.078 * Background saving started by pid 1650
1650:C 03 Mar 2025 13:18:32.151 * DB saved on disk
1650:C 03 Mar 2025 13:18:32.152 * Fork CoW for RDB: current 0 MB, peak 0 MB, average 0 MB
523:M 03 Mar 2025 13:18:32.179 * Background saving terminated with success
523:M 03 Mar 2025 13:23:33.092 * 100 changes in 300 seconds. Saving...
523:M 03 Mar 2025 13:23:33.093 * Background saving started by pid 1928
1928:C 03 Mar 2025 13:23:33.106 * DB saved on disk
1928:C 03 Mar 2025 13:23:33.107 * Fork CoW for RDB: current 0 MB, peak 0 MB, average 0 MB
523:M 03 Mar 2025 13:23:33.194 * Background saving terminated with success
523:M 03 Mar 2025 13:28:34.081 * 100 changes in 300 seconds. Saving...
523:M 03 Mar 2025 13:28:34.081 * Background saving started by pid 2217
2217:C 03 Mar 2025 13:28:34.524 * DB saved on disk
2217:C 03 Mar 2025 13:28:34.525 * Fork CoW for RDB: current 0 MB, peak 0 MB, average 0 MB
523:M 03 Mar 2025 13:28:34.617 * Background saving terminated with success
523:M 03 Mar 2025 13:33:35.074 * 100 changes in 300 seconds. Saving...
523:M 03 Mar 2025 13:33:35.075 * Background saving started by pid 2338
2338:C 03 Mar 2025 13:33:35.088 * DB saved on disk
2338:C 03 Mar 2025 13:33:35.088 * Fork CoW for RDB: current 0 MB, peak 0 MB, average 0 MB
523:M 03 Mar 2025 13:33:35.175 * Background saving terminated with success
523:M 03 Mar 2025 13:38:36.065 * 100 changes in 300 seconds. Saving...
523:M 03 Mar 2025 13:38:36.067 * Background saving started by pid 2498
2498:C 03 Mar 2025 13:38:36.086 * DB saved on disk
2498:C 03 Mar 2025 13:38:36.086 * Fork CoW for RDB: current 0 MB, peak 0 MB, average 0 MB
523:M 03 Mar 2025 13:38:36.167 * Background saving terminated with success
523:M 03 Mar 2025 13:43:37.005 * 100 changes in 300 seconds. Saving...
523:M 03 Mar 2025 13:43:37.006 * Background saving started by pid 2518
2518:C 03 Mar 2025 13:43:37.017 * DB saved on disk
2518:C 03 Mar 2025 13:43:37.018 * Fork CoW for RDB: current 0 MB, peak 0 MB, average 0 MB
523:M 03 Mar 2025 13:43:37.106 * Background saving terminated with success
523:M 03 Mar 2025 13:48:38.093 * 100 changes in 300 seconds. Saving...
523:M 03 Mar 2025 13:48:38.094 * Background saving started by pid 2581
2581:C 03 Mar 2025 13:48:38.113 * DB saved on disk
2581:C 03 Mar 2025 13:48:38.114 * Fork CoW for RDB: current 0 MB, peak 0 MB, average 0 MB
523:M 03 Mar 2025 13:48:38.194 * Background saving terminated with success
523:M 03 Mar 2025 13:53:39.054 * 100 changes in 300 seconds. Saving...
523:M 03 Mar 2025 13:53:39.055 * Background saving started by pid 2713
2713:C 03 Mar 2025 13:53:39.104 * DB saved on disk
2713:C 03 Mar 2025 13:53:39.105 * Fork CoW for RDB: current 0 MB, peak 0 MB, average 0 MB
523:M 03 Mar 2025 13:53:39.156 * Background saving terminated with success
523:M 03 Mar 2025 13:59:09.215 * 100 changes in 300 seconds. Saving...
523:M 03 Mar 2025 13:59:09.853 * Background saving started by pid 2822
2822:C 03 Mar 2025 13:59:10.599 * DB saved on disk
2822:C 03 Mar 2025 13:59:10.600 * Fork CoW for RDB: current 0 MB, peak 0 MB, average 0 MB
523:M 03 Mar 2025 13:59:10.726 * Background saving terminated with success
554:C 20 Mar 2025 04:15:17.369 # oO0OoO0OoO0Oo Redis is starting oO0OoO0OoO0Oo
554:C 20 Mar 2025 04:15:17.369 # Redis version=7.0.15, bits=64, commit=00000000, modified=0, pid=554, just started
554:C 20 Mar 2025 04:15:17.369 # Configuration loaded
554:M 20 Mar 2025 04:15:17.370 * Increased maximum number of open files to 10032 (it was originally set to 1024).
554:M 20 Mar 2025 04:15:17.370 * monotonic clock: POSIX clock_gettime
554:M 20 Mar 2025 04:15:17.371 * Running mode=standalone, port=11000.
554:M 20 Mar 2025 04:15:17.371 # Server initialized
554:M 20 Mar 2025 04:15:17.371 # WARNING Memory overcommit must be enabled! Without it, a background save or replication may fail under low memory condition. Being disabled, it can can also cause failures without low memory condition, see https://github.com/jemalloc/jemalloc/issues/1328. To fix this issue add 'vm.overcommit_memory = 1' to /etc/sysctl.conf and then reboot or run the command 'sysctl vm.overcommit_memory=1' for this to take effect.
554:M 20 Mar 2025 04:15:17.376 * Loading RDB produced by version 7.0.15
554:M 20 Mar 2025 04:15:17.376 * RDB age 1433768 seconds
554:M 20 Mar 2025 04:15:17.376 * RDB memory usage when created 1.70 Mb
554:M 20 Mar 2025 04:15:17.578 * Done loading RDB, keys loaded: 24, keys expired: 12.
554:M 20 Mar 2025 04:15:17.578 * DB loaded from disk: 0.207 seconds
554:M 20 Mar 2025 04:15:17.578 * Ready to accept connections
554:M 20 Mar 2025 04:20:18.030 * 100 changes in 300 seconds. Saving...
554:M 20 Mar 2025 04:20:18.031 * Background saving started by pid 871
871:C 20 Mar 2025 04:20:18.211 * DB saved on disk
871:C 20 Mar 2025 04:20:18.212 * Fork CoW for RDB: current 0 MB, peak 0 MB, average 0 MB
554:M 20 Mar 2025 04:20:18.246 * Background saving terminated with success
554:M 20 Mar 2025 04:25:19.094 * 100 changes in 300 seconds. Saving...
554:M 20 Mar 2025 04:25:19.095 * Background saving started by pid 978
978:C 20 Mar 2025 04:25:19.124 * DB saved on disk
978:C 20 Mar 2025 04:25:19.125 * Fork CoW for RDB: current 0 MB, peak 0 MB, average 0 MB
554:M 20 Mar 2025 04:25:19.196 * Background saving terminated with success
554:M 20 Mar 2025 04:30:20.066 * 100 changes in 300 seconds. Saving...
554:M 20 Mar 2025 04:30:20.067 * Background saving started by pid 1018
1018:C 20 Mar 2025 04:30:20.125 * DB saved on disk
1018:C 20 Mar 2025 04:30:20.126 * Fork CoW for RDB: current 0 MB, peak 0 MB, average 0 MB
554:M 20 Mar 2025 04:30:20.167 * Background saving terminated with success
554:M 20 Mar 2025 04:35:21.080 * 100 changes in 300 seconds. Saving...
554:M 20 Mar 2025 04:35:21.081 * Background saving started by pid 1052
1052:C 20 Mar 2025 04:35:21.102 * DB saved on disk
1052:C 20 Mar 2025 04:35:21.102 * Fork CoW for RDB: current 0 MB, peak 0 MB, average 0 MB
554:M 20 Mar 2025 04:35:21.181 * Background saving terminated with success
554:M 20 Mar 2025 04:40:22.020 * 100 changes in 300 seconds. Saving...
554:M 20 Mar 2025 04:40:22.022 * Background saving started by pid 1075
1075:C 20 Mar 2025 04:40:22.043 * DB saved on disk
1075:C 20 Mar 2025 04:40:22.043 * Fork CoW for RDB: current 0 MB, peak 0 MB, average 0 MB
554:M 20 Mar 2025 04:40:22.124 * Background saving terminated with success
554:M 20 Mar 2025 04:45:23.003 * 100 changes in 300 seconds. Saving...
554:M 20 Mar 2025 04:45:23.004 * Background saving started by pid 1151
1151:C 20 Mar 2025 04:45:23.041 * DB saved on disk
1151:C 20 Mar 2025 04:45:23.042 * Fork CoW for RDB: current 0 MB, peak 0 MB, average 0 MB
554:M 20 Mar 2025 04:45:23.106 * Background saving terminated with success
554:M 20 Mar 2025 04:50:24.009 * 100 changes in 300 seconds. Saving...
554:M 20 Mar 2025 04:50:24.009 * Background saving started by pid 1174
1174:C 20 Mar 2025 04:50:24.024 * DB saved on disk
1174:C 20 Mar 2025 04:50:24.025 * Fork CoW for RDB: current 0 MB, peak 0 MB, average 0 MB
554:M 20 Mar 2025 04:50:24.110 * Background saving terminated with success
554:M 20 Mar 2025 04:55:25.039 * 100 changes in 300 seconds. Saving...
554:M 20 Mar 2025 04:55:25.042 * Background saving started by pid 1191
1191:C 20 Mar 2025 04:55:25.064 * DB saved on disk
1191:C 20 Mar 2025 04:55:25.065 * Fork CoW for RDB: current 0 MB, peak 0 MB, average 0 MB
554:M 20 Mar 2025 04:55:25.144 * Background saving terminated with success
554:M 20 Mar 2025 05:00:26.070 * 100 changes in 300 seconds. Saving...
554:M 20 Mar 2025 05:00:26.070 * Background saving started by pid 1265
1265:C 20 Mar 2025 05:00:26.088 * DB saved on disk
1265:C 20 Mar 2025 05:00:26.089 * Fork CoW for RDB: current 0 MB, peak 0 MB, average 0 MB
554:M 20 Mar 2025 05:00:26.171 * Background saving terminated with success
554:M 20 Mar 2025 05:05:27.049 * 100 changes in 300 seconds. Saving...
554:M 20 Mar 2025 05:05:27.051 * Background saving started by pid 1376
1376:C 20 Mar 2025 05:05:27.076 * DB saved on disk
1376:C 20 Mar 2025 05:05:27.077 * Fork CoW for RDB: current 0 MB, peak 0 MB, average 0 MB
554:M 20 Mar 2025 05:05:27.153 * Background saving terminated with success
554:M 20 Mar 2025 05:10:28.007 * 100 changes in 300 seconds. Saving...
554:M 20 Mar 2025 05:10:28.009 * Background saving started by pid 1755
1755:C 20 Mar 2025 05:10:28.021 * DB saved on disk
1755:C 20 Mar 2025 05:10:28.021 * Fork CoW for RDB: current 0 MB, peak 0 MB, average 0 MB
554:M 20 Mar 2025 05:10:28.110 * Background saving terminated with success
554:M 20 Mar 2025 05:15:29.076 * 100 changes in 300 seconds. Saving...
554:M 20 Mar 2025 05:15:29.078 * Background saving started by pid 1788
1788:C 20 Mar 2025 05:15:29.095 * DB saved on disk
1788:C 20 Mar 2025 05:15:29.096 * Fork CoW for RDB: current 0 MB, peak 0 MB, average 0 MB
554:M 20 Mar 2025 05:15:29.179 * Background saving terminated with success
554:M 20 Mar 2025 05:20:30.033 * 100 changes in 300 seconds. Saving...
554:M 20 Mar 2025 05:20:30.034 * Background saving started by pid 1815
1815:C 20 Mar 2025 05:20:30.054 * DB saved on disk
1815:C 20 Mar 2025 05:20:30.055 * Fork CoW for RDB: current 0 MB, peak 0 MB, average 0 MB
554:M 20 Mar 2025 05:20:30.135 * Background saving terminated with success
554:M 20 Mar 2025 05:25:31.024 * 100 changes in 300 seconds. Saving...
554:M 20 Mar 2025 05:25:31.027 * Background saving started by pid 1836
1836:C 20 Mar 2025 05:25:31.057 * DB saved on disk
1836:C 20 Mar 2025 05:25:31.058 * Fork CoW for RDB: current 0 MB, peak 0 MB, average 0 MB
554:M 20 Mar 2025 05:25:31.128 * Background saving terminated with success
554:M 20 Mar 2025 05:30:32.031 * 100 changes in 300 seconds. Saving...
554:M 20 Mar 2025 05:30:32.037 * Background saving started by pid 1853
1853:C 20 Mar 2025 05:30:32.111 * DB saved on disk
1853:C 20 Mar 2025 05:30:32.114 * Fork CoW for RDB: current 0 MB, peak 0 MB, average 0 MB
554:M 20 Mar 2025 05:30:32.139 * Background saving terminated with success
554:M 20 Mar 2025 05:35:33.014 * 100 changes in 300 seconds. Saving...
554:M 20 Mar 2025 05:35:33.015 * Background saving started by pid 1906
1906:C 20 Mar 2025 05:35:33.037 * DB saved on disk
1906:C 20 Mar 2025 05:35:33.038 * Fork CoW for RDB: current 0 MB, peak 0 MB, average 0 MB
554:M 20 Mar 2025 05:35:33.116 * Background saving terminated with success
554:M 20 Mar 2025 05:40:34.031 * 100 changes in 300 seconds. Saving...
554:M 20 Mar 2025 05:40:34.033 * Background saving started by pid 1923
1923:C 20 Mar 2025 05:40:34.060 * DB saved on disk
1923:C 20 Mar 2025 05:40:34.060 * Fork CoW for RDB: current 0 MB, peak 0 MB, average 0 MB
554:M 20 Mar 2025 05:40:34.134 * Background saving terminated with success
554:M 20 Mar 2025 05:45:35.019 * 100 changes in 300 seconds. Saving...
554:M 20 Mar 2025 05:45:35.020 * Background saving started by pid 1975
1975:C 20 Mar 2025 05:45:35.037 * DB saved on disk
1975:C 20 Mar 2025 05:45:35.038 * Fork CoW for RDB: current 0 MB, peak 0 MB, average 0 MB
554:M 20 Mar 2025 05:45:35.120 * Background saving terminated with success
554:M 20 Mar 2025 05:50:36.077 * 100 changes in 300 seconds. Saving...
554:M 20 Mar 2025 05:50:36.078 * Background saving started by pid 1995
1995:C 20 Mar 2025 05:50:36.104 * DB saved on disk
1995:C 20 Mar 2025 05:50:36.105 * Fork CoW for RDB: current 0 MB, peak 0 MB, average 0 MB
554:M 20 Mar 2025 05:50:36.179 * Background saving terminated with success
554:M 20 Mar 2025 05:55:37.029 * 100 changes in 300 seconds. Saving...
554:M 20 Mar 2025 05:55:37.031 * Background saving started by pid 2022
2022:C 20 Mar 2025 05:55:37.048 * DB saved on disk
2022:C 20 Mar 2025 05:55:37.050 * Fork CoW for RDB: current 0 MB, peak 0 MB, average 0 MB
554:M 20 Mar 2025 05:55:37.132 * Background saving terminated with success
554:M 20 Mar 2025 06:00:38.048 * 100 changes in 300 seconds. Saving...
554:M 20 Mar 2025 06:00:38.050 * Background saving started by pid 2066
2066:C 20 Mar 2025 06:00:38.072 * DB saved on disk
2066:C 20 Mar 2025 06:00:38.073 * Fork CoW for RDB: current 0 MB, peak 0 MB, average 0 MB
554:M 20 Mar 2025 06:00:38.151 * Background saving terminated with success
554:M 20 Mar 2025 06:05:39.040 * 100 changes in 300 seconds. Saving...
554:M 20 Mar 2025 06:05:39.042 * Background saving started by pid 2096
2096:C 20 Mar 2025 06:05:39.065 * DB saved on disk
2096:C 20 Mar 2025 06:05:39.066 * Fork CoW for RDB: current 0 MB, peak 0 MB, average 0 MB
554:M 20 Mar 2025 06:05:39.143 * Background saving terminated with success
554:M 20 Mar 2025 06:10:40.078 * 100 changes in 300 seconds. Saving...
554:M 20 Mar 2025 06:10:40.079 * Background saving started by pid 2123
2123:C 20 Mar 2025 06:10:40.107 * DB saved on disk
2123:C 20 Mar 2025 06:10:40.108 * Fork CoW for RDB: current 0 MB, peak 0 MB, average 0 MB
554:M 20 Mar 2025 06:10:40.181 * Background saving terminated with success
554:M 20 Mar 2025 06:15:41.058 * 100 changes in 300 seconds. Saving...
554:M 20 Mar 2025 06:15:41.060 * Background saving started by pid 2546
2546:C 20 Mar 2025 06:15:41.086 * DB saved on disk
2546:C 20 Mar 2025 06:15:41.087 * Fork CoW for RDB: current 0 MB, peak 0 MB, average 0 MB
554:M 20 Mar 2025 06:15:41.161 * Background saving terminated with success
554:M 20 Mar 2025 06:20:42.086 * 100 changes in 300 seconds. Saving...
554:M 20 Mar 2025 06:20:42.087 * Background saving started by pid 2573
2573:C 20 Mar 2025 06:20:42.142 * DB saved on disk
2573:C 20 Mar 2025 06:20:42.143 * Fork CoW for RDB: current 0 MB, peak 0 MB, average 0 MB
554:M 20 Mar 2025 06:20:42.188 * Background saving terminated with success
554:M 20 Mar 2025 06:25:43.049 * 100 changes in 300 seconds. Saving...
554:M 20 Mar 2025 06:25:43.051 * Background saving started by pid 2596
2596:C 20 Mar 2025 06:25:43.090 * DB saved on disk
2596:C 20 Mar 2025 06:25:43.092 * Fork CoW for RDB: current 0 MB, peak 0 MB, average 0 MB
554:M 20 Mar 2025 06:25:43.152 * Background saving terminated with success
554:M 20 Mar 2025 06:30:44.060 * 100 changes in 300 seconds. Saving...
554:M 20 Mar 2025 06:30:44.062 * Background saving started by pid 2639
2639:C 20 Mar 2025 06:30:44.099 * DB saved on disk
2639:C 20 Mar 2025 06:30:44.101 * Fork CoW for RDB: current 0 MB, peak 0 MB, average 0 MB
554:M 20 Mar 2025 06:30:44.164 * Background saving terminated with success
554:M 20 Mar 2025 06:35:45.002 * 100 changes in 300 seconds. Saving...
554:M 20 Mar 2025 06:35:45.010 * Background saving started by pid 2662
2662:C 20 Mar 2025 06:35:45.057 * DB saved on disk
2662:C 20 Mar 2025 06:35:45.058 * Fork CoW for RDB: current 0 MB, peak 0 MB, average 0 MB
554:M 20 Mar 2025 06:35:45.111 * Background saving terminated with success
554:M 20 Mar 2025 06:40:46.070 * 100 changes in 300 seconds. Saving...
554:M 20 Mar 2025 06:40:46.072 * Background saving started by pid 2679
2679:C 20 Mar 2025 06:40:46.147 * DB saved on disk
2679:C 20 Mar 2025 06:40:46.149 * Fork CoW for RDB: current 0 MB, peak 0 MB, average 0 MB
554:M 20 Mar 2025 06:40:46.173 * Background saving terminated with success
554:M 20 Mar 2025 06:45:47.018 * 100 changes in 300 seconds. Saving...
554:M 20 Mar 2025 06:45:47.020 * Background saving started by pid 2701
2701:C 20 Mar 2025 06:45:47.049 * DB saved on disk
2701:C 20 Mar 2025 06:45:47.051 * Fork CoW for RDB: current 0 MB, peak 0 MB, average 0 MB
554:M 20 Mar 2025 06:45:47.121 * Background saving terminated with success
554:M 20 Mar 2025 06:50:48.063 * 100 changes in 300 seconds. Saving...
554:M 20 Mar 2025 06:50:48.064 * Background saving started by pid 2720
2720:C 20 Mar 2025 06:50:48.093 * DB saved on disk
2720:C 20 Mar 2025 06:50:48.096 * Fork CoW for RDB: current 0 MB, peak 0 MB, average 0 MB
554:M 20 Mar 2025 06:50:48.165 * Background saving terminated with success
554:M 20 Mar 2025 06:55:49.064 * 100 changes in 300 seconds. Saving...
554:M 20 Mar 2025 06:55:49.065 * Background saving started by pid 2733
2733:C 20 Mar 2025 06:55:49.135 * DB saved on disk
2733:C 20 Mar 2025 06:55:49.137 * Fork CoW for RDB: current 0 MB, peak 0 MB, average 0 MB
554:M 20 Mar 2025 06:55:49.167 * Background saving terminated with success
554:M 20 Mar 2025 07:00:50.044 * 100 changes in 300 seconds. Saving...
554:M 20 Mar 2025 07:00:50.045 * Background saving started by pid 2756
2756:C 20 Mar 2025 07:00:50.112 * DB saved on disk
2756:C 20 Mar 2025 07:00:50.114 * Fork CoW for RDB: current 0 MB, peak 0 MB, average 0 MB
554:M 20 Mar 2025 07:00:50.146 * Background saving terminated with success
554:M 20 Mar 2025 07:05:51.085 * 100 changes in 300 seconds. Saving...
554:M 20 Mar 2025 07:05:51.087 * Background saving started by pid 2769
2769:C 20 Mar 2025 07:05:51.125 * DB saved on disk
2769:C 20 Mar 2025 07:05:51.128 * Fork CoW for RDB: current 0 MB, peak 0 MB, average 0 MB
554:M 20 Mar 2025 07:05:51.188 * Background saving terminated with success
554:M 20 Mar 2025 07:10:52.092 * 100 changes in 300 seconds. Saving...
554:M 20 Mar 2025 07:10:52.093 * Background saving started by pid 2792
2792:C 20 Mar 2025 07:10:52.131 * DB saved on disk
2792:C 20 Mar 2025 07:10:52.132 * Fork CoW for RDB: current 0 MB, peak 0 MB, average 0 MB
554:M 20 Mar 2025 07:10:52.194 * Background saving terminated with success
554:M 20 Mar 2025 07:15:53.056 * 100 changes in 300 seconds. Saving...
554:M 20 Mar 2025 07:15:53.057 * Background saving started by pid 2811
2811:C 20 Mar 2025 07:15:53.132 * DB saved on disk
2811:C 20 Mar 2025 07:15:53.135 * Fork CoW for RDB: current 0 MB, peak 0 MB, average 0 MB
554:M 20 Mar 2025 07:15:53.158 * Background saving terminated with success
554:M 20 Mar 2025 07:20:54.016 * 100 changes in 300 seconds. Saving...
554:M 20 Mar 2025 07:20:54.018 * Background saving started by pid 2828
2828:C 20 Mar 2025 07:20:54.054 * DB saved on disk
2828:C 20 Mar 2025 07:20:54.056 * Fork CoW for RDB: current 0 MB, peak 0 MB, average 0 MB
554:M 20 Mar 2025 07:20:54.119 * Background saving terminated with success
554:M 20 Mar 2025 07:25:55.074 * 100 changes in 300 seconds. Saving...
554:M 20 Mar 2025 07:25:55.077 * Background saving started by pid 2841
2841:C 20 Mar 2025 07:25:55.147 * DB saved on disk
2841:C 20 Mar 2025 07:25:55.149 * Fork CoW for RDB: current 0 MB, peak 0 MB, average 0 MB
554:M 20 Mar 2025 07:25:55.179 * Background saving terminated with success
554:M 20 Mar 2025 07:30:56.062 * 100 changes in 300 seconds. Saving...
554:M 20 Mar 2025 07:30:56.063 * Background saving started by pid 2856
2856:C 20 Mar 2025 07:30:56.094 * DB saved on disk
2856:C 20 Mar 2025 07:30:56.095 * Fork CoW for RDB: current 0 MB, peak 0 MB, average 0 MB
554:M 20 Mar 2025 07:30:56.165 * Background saving terminated with success
554:M 20 Mar 2025 07:35:57.081 * 100 changes in 300 seconds. Saving...
554:M 20 Mar 2025 07:35:57.087 * Background saving started by pid 2903
2903:C 20 Mar 2025 07:35:57.140 * DB saved on disk
2903:C 20 Mar 2025 07:35:57.144 * Fork CoW for RDB: current 0 MB, peak 0 MB, average 0 MB
554:M 20 Mar 2025 07:35:57.189 * Background saving terminated with success
554:M 20 Mar 2025 07:40:58.089 * 100 changes in 300 seconds. Saving...
554:M 20 Mar 2025 07:40:58.091 * Background saving started by pid 2920
2920:C 20 Mar 2025 07:40:58.167 * DB saved on disk
2920:C 20 Mar 2025 07:40:58.169 * Fork CoW for RDB: current 0 MB, peak 0 MB, average 0 MB
554:M 20 Mar 2025 07:40:58.192 * Background saving terminated with success
554:M 20 Mar 2025 07:45:59.043 * 100 changes in 300 seconds. Saving...
554:M 20 Mar 2025 07:45:59.044 * Background saving started by pid 2942
2942:C 20 Mar 2025 07:45:59.061 * DB saved on disk
2942:C 20 Mar 2025 07:45:59.061 * Fork CoW for RDB: current 0 MB, peak 0 MB, average 0 MB
554:M 20 Mar 2025 07:45:59.145 * Background saving terminated with success
554:M 20 Mar 2025 07:51:00.097 * 100 changes in 300 seconds. Saving...
554:M 20 Mar 2025 07:51:00.099 * Background saving started by pid 2959
2959:C 20 Mar 2025 07:51:00.141 * DB saved on disk
2959:C 20 Mar 2025 07:51:00.144 * Fork CoW for RDB: current 0 MB, peak 0 MB, average 0 MB
554:M 20 Mar 2025 07:51:00.200 * Background saving terminated with success
554:M 20 Mar 2025 07:56:01.095 * 100 changes in 300 seconds. Saving...
554:M 20 Mar 2025 07:56:01.097 * Background saving started by pid 2972
2972:C 20 Mar 2025 07:56:01.129 * DB saved on disk
2972:C 20 Mar 2025 07:56:01.131 * Fork CoW for RDB: current 0 MB, peak 0 MB, average 0 MB
554:M 20 Mar 2025 07:56:01.198 * Background saving terminated with success
554:M 20 Mar 2025 08:01:02.087 * 100 changes in 300 seconds. Saving...
554:M 20 Mar 2025 08:01:02.088 * Background saving started by pid 2997
2997:C 20 Mar 2025 08:01:02.163 * DB saved on disk
2997:C 20 Mar 2025 08:01:02.164 * Fork CoW for RDB: current 0 MB, peak 0 MB, average 0 MB
554:M 20 Mar 2025 08:01:02.188 * Background saving terminated with success
554:M 20 Mar 2025 08:06:03.022 * 100 changes in 300 seconds. Saving...
554:M 20 Mar 2025 08:06:03.025 * Background saving started by pid 3010
3010:C 20 Mar 2025 08:06:03.061 * DB saved on disk
3010:C 20 Mar 2025 08:06:03.062 * Fork CoW for RDB: current 0 MB, peak 0 MB, average 0 MB
554:M 20 Mar 2025 08:06:03.126 * Background saving terminated with success
554:M 20 Mar 2025 08:11:04.073 * 100 changes in 300 seconds. Saving...
554:M 20 Mar 2025 08:11:04.073 * Background saving started by pid 3033
3033:C 20 Mar 2025 08:11:04.089 * DB saved on disk
3033:C 20 Mar 2025 08:11:04.089 * Fork CoW for RDB: current 0 MB, peak 0 MB, average 0 MB
554:M 20 Mar 2025 08:11:04.173 * Background saving terminated with success
554:M 20 Mar 2025 08:16:05.071 * 100 changes in 300 seconds. Saving...
554:M 20 Mar 2025 08:16:05.073 * Background saving started by pid 3050
3050:C 20 Mar 2025 08:16:05.150 * DB saved on disk
3050:C 20 Mar 2025 08:16:05.153 * Fork CoW for RDB: current 0 MB, peak 0 MB, average 0 MB
554:M 20 Mar 2025 08:16:05.175 * Background saving terminated with success
554:M 20 Mar 2025 08:21:06.069 * 100 changes in 300 seconds. Saving...
554:M 20 Mar 2025 08:21:06.071 * Background saving started by pid 3068
3068:C 20 Mar 2025 08:21:06.101 * DB saved on disk
3068:C 20 Mar 2025 08:21:06.103 * Fork CoW for RDB: current 0 MB, peak 0 MB, average 0 MB
554:M 20 Mar 2025 08:21:06.172 * Background saving terminated with success
554:M 20 Mar 2025 08:26:07.093 * 100 changes in 300 seconds. Saving...
554:M 20 Mar 2025 08:26:07.094 * Background saving started by pid 3081
3081:C 20 Mar 2025 08:26:07.127 * DB saved on disk
3081:C 20 Mar 2025 08:26:07.130 * Fork CoW for RDB: current 0 MB, peak 0 MB, average 0 MB
554:M 20 Mar 2025 08:26:07.195 * Background saving terminated with success
554:M 20 Mar 2025 08:31:08.072 * 100 changes in 300 seconds. Saving...
554:M 20 Mar 2025 08:31:08.074 * Background saving started by pid 3124
3124:C 20 Mar 2025 08:31:08.141 * DB saved on disk
3124:C 20 Mar 2025 08:31:08.142 * Fork CoW for RDB: current 0 MB, peak 0 MB, average 0 MB
554:M 20 Mar 2025 08:31:08.176 * Background saving terminated with success
554:M 20 Mar 2025 08:36:09.049 * 100 changes in 300 seconds. Saving...
554:M 20 Mar 2025 08:36:09.050 * Background saving started by pid 3140
3140:C 20 Mar 2025 08:36:09.089 * DB saved on disk
3140:C 20 Mar 2025 08:36:09.091 * Fork CoW for RDB: current 0 MB, peak 0 MB, average 0 MB
554:M 20 Mar 2025 08:36:09.154 * Background saving terminated with success
554:M 20 Mar 2025 08:41:10.065 * 100 changes in 300 seconds. Saving...
554:M 20 Mar 2025 08:41:10.067 * Background saving started by pid 3158
3158:C 20 Mar 2025 08:41:10.101 * DB saved on disk
3158:C 20 Mar 2025 08:41:10.103 * Fork CoW for RDB: current 0 MB, peak 0 MB, average 0 MB
554:M 20 Mar 2025 08:41:10.168 * Background saving terminated with success
554:M 20 Mar 2025 08:46:11.011 * 100 changes in 300 seconds. Saving...
554:M 20 Mar 2025 08:46:11.013 * Background saving started by pid 3184
3184:C 20 Mar 2025 08:46:11.052 * DB saved on disk
3184:C 20 Mar 2025 08:46:11.054 * Fork CoW for RDB: current 0 MB, peak 0 MB, average 0 MB
554:M 20 Mar 2025 08:46:11.114 * Background saving terminated with success
554:M 20 Mar 2025 11:41:48.776 * 1 changes in 3600 seconds. Saving...
554:M 20 Mar 2025 11:41:48.777 * Background saving started by pid 3205
3205:C 20 Mar 2025 11:41:49.309 * DB saved on disk
3205:C 20 Mar 2025 11:41:49.310 * Fork CoW for RDB: current 1 MB, peak 1 MB, average 1 MB
554:M 20 Mar 2025 11:41:49.417 * Background saving terminated with success
514:C 21 Mar 2025 11:13:38.130 # oO0OoO0OoO0Oo Redis is starting oO0OoO0OoO0Oo
514:C 21 Mar 2025 11:13:38.130 # Redis version=7.0.15, bits=64, commit=00000000, modified=0, pid=514, just started
514:C 21 Mar 2025 11:13:38.130 # Configuration loaded
514:M 21 Mar 2025 11:13:38.131 * Increased maximum number of open files to 10032 (it was originally set to 1024).
514:M 21 Mar 2025 11:13:38.131 * monotonic clock: POSIX clock_gettime
514:M 21 Mar 2025 11:13:38.132 * Running mode=standalone, port=11000.
514:M 21 Mar 2025 11:13:38.132 # Server initialized
514:M 21 Mar 2025 11:13:38.132 # WARNING Memory overcommit must be enabled! Without it, a background save or replication may fail under low memory condition. Being disabled, it can can also cause failures without low memory condition, see https://github.com/jemalloc/jemalloc/issues/1328. To fix this issue add 'vm.overcommit_memory = 1' to /etc/sysctl.conf and then reboot or run the command 'sysctl vm.overcommit_memory=1' for this to take effect.
514:M 21 Mar 2025 11:13:38.176 * Loading RDB produced by version 7.0.15
514:M 21 Mar 2025 11:13:38.176 * RDB age 84710 seconds
514:M 21 Mar 2025 11:13:38.176 * RDB memory usage when created 1.65 Mb
514:M 21 Mar 2025 11:13:38.180 * Done loading RDB, keys loaded: 20, keys expired: 0.
514:M 21 Mar 2025 11:13:38.180 * DB loaded from disk: 0.047 seconds
514:M 21 Mar 2025 11:13:38.180 * Ready to accept connections
514:M 21 Mar 2025 11:18:39.010 * 100 changes in 300 seconds. Saving...
514:M 21 Mar 2025 11:18:39.010 * Background saving started by pid 1103
1103:C 21 Mar 2025 11:18:39.022 * DB saved on disk
1103:C 21 Mar 2025 11:18:39.023 * Fork CoW for RDB: current 0 MB, peak 0 MB, average 0 MB
514:M 21 Mar 2025 11:18:39.111 * Background saving terminated with success
514:M 21 Mar 2025 11:23:40.021 * 100 changes in 300 seconds. Saving...
514:M 21 Mar 2025 11:23:40.022 * Background saving started by pid 1495
1495:C 21 Mar 2025 11:23:40.070 * DB saved on disk
1495:C 21 Mar 2025 11:23:40.071 * Fork CoW for RDB: current 0 MB, peak 0 MB, average 0 MB
514:M 21 Mar 2025 11:23:40.130 * Background saving terminated with success
514:M 21 Mar 2025 11:28:41.042 * 100 changes in 300 seconds. Saving...
514:M 21 Mar 2025 11:28:41.043 * Background saving started by pid 2040
2040:C 21 Mar 2025 11:28:41.057 * DB saved on disk
2040:C 21 Mar 2025 11:28:41.058 * Fork CoW for RDB: current 0 MB, peak 0 MB, average 0 MB
514:M 21 Mar 2025 11:28:41.144 * Background saving terminated with success
514:M 21 Mar 2025 11:33:42.089 * 100 changes in 300 seconds. Saving...
514:M 21 Mar 2025 11:33:42.091 * Background saving started by pid 2089
2089:C 21 Mar 2025 11:33:42.104 * DB saved on disk
2089:C 21 Mar 2025 11:33:42.105 * Fork CoW for RDB: current 0 MB, peak 0 MB, average 0 MB
514:M 21 Mar 2025 11:33:42.192 * Background saving terminated with success
514:M 21 Mar 2025 11:38:43.029 * 100 changes in 300 seconds. Saving...
514:M 21 Mar 2025 11:38:43.030 * Background saving started by pid 2318
2318:C 21 Mar 2025 11:38:43.050 * DB saved on disk
2318:C 21 Mar 2025 11:38:43.052 * Fork CoW for RDB: current 0 MB, peak 0 MB, average 0 MB
514:M 21 Mar 2025 11:38:43.130 * Background saving terminated with success
514:M 21 Mar 2025 11:43:44.035 * 100 changes in 300 seconds. Saving...
514:M 21 Mar 2025 11:43:44.037 * Background saving started by pid 2546
2546:C 21 Mar 2025 11:43:44.052 * DB saved on disk
2546:C 21 Mar 2025 11:43:44.053 * Fork CoW for RDB: current 0 MB, peak 0 MB, average 0 MB
514:M 21 Mar 2025 11:43:44.138 * Background saving terminated with success
514:M 21 Mar 2025 11:48:45.071 * 100 changes in 300 seconds. Saving...
514:M 21 Mar 2025 11:48:45.073 * Background saving started by pid 2772
2772:C 21 Mar 2025 11:48:45.089 * DB saved on disk
2772:C 21 Mar 2025 11:48:45.090 * Fork CoW for RDB: current 0 MB, peak 0 MB, average 0 MB
514:M 21 Mar 2025 11:48:45.174 * Background saving terminated with success
514:M 21 Mar 2025 11:53:46.762 * 100 changes in 300 seconds. Saving...
514:M 21 Mar 2025 11:53:46.764 * Background saving started by pid 2789
2789:C 21 Mar 2025 11:53:46.778 * DB saved on disk
2789:C 21 Mar 2025 11:53:46.779 * Fork CoW for RDB: current 0 MB, peak 0 MB, average 0 MB
514:M 21 Mar 2025 11:53:46.864 * Background saving terminated with success
514:M 21 Mar 2025 11:58:47.035 * 100 changes in 300 seconds. Saving...
514:M 21 Mar 2025 11:58:47.037 * Background saving started by pid 2809
2809:C 21 Mar 2025 11:58:47.050 * DB saved on disk
2809:C 21 Mar 2025 11:58:47.051 * Fork CoW for RDB: current 0 MB, peak 0 MB, average 0 MB
514:M 21 Mar 2025 11:58:47.137 * Background saving terminated with success
514:M 21 Mar 2025 12:03:48.082 * 100 changes in 300 seconds. Saving...
514:M 21 Mar 2025 12:03:48.085 * Background saving started by pid 2860
2860:C 21 Mar 2025 12:03:48.102 * DB saved on disk
2860:C 21 Mar 2025 12:03:48.103 * Fork CoW for RDB: current 0 MB, peak 0 MB, average 0 MB
514:M 21 Mar 2025 12:03:48.186 * Background saving terminated with success
514:M 21 Mar 2025 12:08:49.071 * 100 changes in 300 seconds. Saving...
514:M 21 Mar 2025 12:08:49.072 * Background saving started by pid 2904
2904:C 21 Mar 2025 12:08:49.090 * DB saved on disk
2904:C 21 Mar 2025 12:08:49.092 * Fork CoW for RDB: current 0 MB, peak 0 MB, average 0 MB
514:M 21 Mar 2025 12:08:49.173 * Background saving terminated with success
514:M 21 Mar 2025 12:13:50.026 * 100 changes in 300 seconds. Saving...
514:M 21 Mar 2025 12:13:50.027 * Background saving started by pid 2917
2917:C 21 Mar 2025 12:13:50.037 * DB saved on disk
2917:C 21 Mar 2025 12:13:50.037 * Fork CoW for RDB: current 0 MB, peak 0 MB, average 0 MB
514:M 21 Mar 2025 12:13:50.128 * Background saving terminated with success
514:M 21 Mar 2025 12:18:51.054 * 100 changes in 300 seconds. Saving...
514:M 21 Mar 2025 12:18:51.055 * Background saving started by pid 2945
2945:C 21 Mar 2025 12:18:51.068 * DB saved on disk
2945:C 21 Mar 2025 12:18:51.068 * Fork CoW for RDB: current 0 MB, peak 0 MB, average 0 MB
514:M 21 Mar 2025 12:18:51.156 * Background saving terminated with success
514:M 21 Mar 2025 12:23:52.003 * 100 changes in 300 seconds. Saving...
514:M 21 Mar 2025 12:23:52.011 * Background saving started by pid 2960
2960:C 21 Mar 2025 12:23:52.031 * DB saved on disk
2960:C 21 Mar 2025 12:23:52.032 * Fork CoW for RDB: current 0 MB, peak 0 MB, average 0 MB
514:M 21 Mar 2025 12:23:52.112 * Background saving terminated with success
514:M 21 Mar 2025 12:28:53.055 * 100 changes in 300 seconds. Saving...
514:M 21 Mar 2025 12:28:53.058 * Background saving started by pid 2973
2973:C 21 Mar 2025 12:28:53.073 * DB saved on disk
2973:C 21 Mar 2025 12:28:53.074 * Fork CoW for RDB: current 0 MB, peak 0 MB, average 0 MB
514:M 21 Mar 2025 12:28:53.159 * Background saving terminated with success
514:M 21 Mar 2025 12:33:54.046 * 100 changes in 300 seconds. Saving...
514:M 21 Mar 2025 12:33:54.071 * Background saving started by pid 3008
3008:C 21 Mar 2025 12:33:54.194 * DB saved on disk
3008:C 21 Mar 2025 12:33:54.195 * Fork CoW for RDB: current 0 MB, peak 0 MB, average 0 MB
514:M 21 Mar 2025 12:33:54.280 * Background saving terminated with success
514:M 21 Mar 2025 12:38:55.010 * 100 changes in 300 seconds. Saving...
514:M 21 Mar 2025 12:38:55.011 * Background saving started by pid 3031
3031:C 21 Mar 2025 12:38:55.145 * DB saved on disk
3031:C 21 Mar 2025 12:38:55.151 * Fork CoW for RDB: current 0 MB, peak 0 MB, average 0 MB
514:M 21 Mar 2025 12:38:55.217 * Background saving terminated with success
514:M 21 Mar 2025 12:43:56.062 * 100 changes in 300 seconds. Saving...
514:M 21 Mar 2025 12:43:56.063 * Background saving started by pid 3050
3050:C 21 Mar 2025 12:43:56.806 * DB saved on disk
3050:C 21 Mar 2025 12:43:56.807 * Fork CoW for RDB: current 0 MB, peak 0 MB, average 0 MB
514:M 21 Mar 2025 12:43:56.865 * Background saving terminated with success
514:M 21 Mar 2025 12:48:57.048 * 100 changes in 300 seconds. Saving...
514:M 21 Mar 2025 12:48:57.049 * Background saving started by pid 3071
3071:C 21 Mar 2025 12:48:57.063 * DB saved on disk
3071:C 21 Mar 2025 12:48:57.064 * Fork CoW for RDB: current 0 MB, peak 0 MB, average 0 MB
514:M 21 Mar 2025 12:48:57.150 * Background saving terminated with success
514:M 21 Mar 2025 12:53:58.070 * 100 changes in 300 seconds. Saving...
514:M 21 Mar 2025 12:53:58.071 * Background saving started by pid 3087
3087:C 21 Mar 2025 12:53:58.100 * DB saved on disk
3087:C 21 Mar 2025 12:53:58.102 * Fork CoW for RDB: current 0 MB, peak 0 MB, average 0 MB
514:M 21 Mar 2025 12:53:58.173 * Background saving terminated with success
514:M 21 Mar 2025 12:58:59.083 * 100 changes in 300 seconds. Saving...
514:M 21 Mar 2025 12:58:59.084 * Background saving started by pid 3110
3110:C 21 Mar 2025 12:58:59.094 * DB saved on disk
3110:C 21 Mar 2025 12:58:59.095 * Fork CoW for RDB: current 0 MB, peak 0 MB, average 0 MB
514:M 21 Mar 2025 12:58:59.184 * Background saving terminated with success
571:C 22 Mar 2025 03:40:30.533 # oO0OoO0OoO0Oo Redis is starting oO0OoO0OoO0Oo
571:C 22 Mar 2025 03:40:30.533 # Redis version=7.0.15, bits=64, commit=00000000, modified=0, pid=571, just started
571:C 22 Mar 2025 03:40:30.533 # Configuration loaded
571:M 22 Mar 2025 03:40:30.548 * Increased maximum number of open files to 10032 (it was originally set to 1024).
571:M 22 Mar 2025 03:40:30.548 * monotonic clock: POSIX clock_gettime
571:M 22 Mar 2025 03:40:30.549 * Running mode=standalone, port=11000.
571:M 22 Mar 2025 03:40:30.549 # Server initialized
571:M 22 Mar 2025 03:40:30.549 # WARNING Memory overcommit must be enabled! Without it, a background save or replication may fail under low memory condition. Being disabled, it can can also cause failures without low memory condition, see https://github.com/jemalloc/jemalloc/issues/1328. To fix this issue add 'vm.overcommit_memory = 1' to /etc/sysctl.conf and then reboot or run the command 'sysctl vm.overcommit_memory=1' for this to take effect.
571:M 22 Mar 2025 03:40:30.578 * Loading RDB produced by version 7.0.15
571:M 22 Mar 2025 03:40:30.578 * RDB age 52891 seconds
571:M 22 Mar 2025 03:40:30.578 * RDB memory usage when created 1.66 Mb
571:M 22 Mar 2025 03:40:30.580 * Done loading RDB, keys loaded: 19, keys expired: 17.
571:M 22 Mar 2025 03:40:30.580 * DB loaded from disk: 0.030 seconds
571:M 22 Mar 2025 03:40:30.580 * Ready to accept connections
571:M 22 Mar 2025 03:45:31.013 * 100 changes in 300 seconds. Saving...
571:M 22 Mar 2025 03:45:31.024 * Background saving started by pid 808
808:C 22 Mar 2025 03:45:31.059 * DB saved on disk
808:C 22 Mar 2025 03:45:31.060 * Fork CoW for RDB: current 0 MB, peak 0 MB, average 0 MB
571:M 22 Mar 2025 03:45:31.124 * Background saving terminated with success
571:M 22 Mar 2025 03:50:32.021 * 100 changes in 300 seconds. Saving...
571:M 22 Mar 2025 03:50:32.022 * Background saving started by pid 821
821:C 22 Mar 2025 03:50:32.113 * DB saved on disk
821:C 22 Mar 2025 03:50:32.114 * Fork CoW for RDB: current 0 MB, peak 0 MB, average 0 MB
571:M 22 Mar 2025 03:50:32.122 * Background saving terminated with success
571:M 22 Mar 2025 03:55:33.110 * 100 changes in 300 seconds. Saving...
571:M 22 Mar 2025 03:55:33.110 * Background saving started by pid 848
848:C 22 Mar 2025 03:55:34.011 * DB saved on disk
848:C 22 Mar 2025 03:55:34.012 * Fork CoW for RDB: current 0 MB, peak 0 MB, average 0 MB
571:M 22 Mar 2025 03:55:34.017 * Background saving terminated with success
571:M 22 Mar 2025 04:00:35.050 * 100 changes in 300 seconds. Saving...
571:M 22 Mar 2025 04:00:35.052 * Background saving started by pid 867
867:C 22 Mar 2025 04:00:35.067 * DB saved on disk
867:C 22 Mar 2025 04:00:35.068 * Fork CoW for RDB: current 0 MB, peak 0 MB, average 0 MB
571:M 22 Mar 2025 04:00:35.153 * Background saving terminated with success
571:M 22 Mar 2025 04:05:36.000 * 100 changes in 300 seconds. Saving...
571:M 22 Mar 2025 04:05:36.001 * Background saving started by pid 926
926:C 22 Mar 2025 04:05:36.029 * DB saved on disk
926:C 22 Mar 2025 04:05:36.030 * Fork CoW for RDB: current 0 MB, peak 0 MB, average 0 MB
571:M 22 Mar 2025 04:05:36.102 * Background saving terminated with success
571:M 22 Mar 2025 04:10:37.055 * 100 changes in 300 seconds. Saving...
571:M 22 Mar 2025 04:10:37.056 * Background saving started by pid 951
951:C 22 Mar 2025 04:10:37.070 * DB saved on disk
951:C 22 Mar 2025 04:10:37.071 * Fork CoW for RDB: current 0 MB, peak 0 MB, average 0 MB
571:M 22 Mar 2025 04:10:37.156 * Background saving terminated with success
571:M 22 Mar 2025 04:15:38.014 * 100 changes in 300 seconds. Saving...
571:M 22 Mar 2025 04:15:38.016 * Background saving started by pid 1062
1062:C 22 Mar 2025 04:15:38.038 * DB saved on disk
1062:C 22 Mar 2025 04:15:38.040 * Fork CoW for RDB: current 0 MB, peak 0 MB, average 0 MB
571:M 22 Mar 2025 04:15:38.117 * Background saving terminated with success
571:M 22 Mar 2025 04:20:39.002 * 100 changes in 300 seconds. Saving...
571:M 22 Mar 2025 04:20:39.002 * Background saving started by pid 1145
1145:C 22 Mar 2025 04:20:39.013 * DB saved on disk
1145:C 22 Mar 2025 04:20:39.014 * Fork CoW for RDB: current 0 MB, peak 0 MB, average 0 MB
571:M 22 Mar 2025 04:20:39.103 * Background saving terminated with success
571:M 22 Mar 2025 04:25:40.063 * 100 changes in 300 seconds. Saving...
571:M 22 Mar 2025 04:25:40.063 * Background saving started by pid 1264
1264:C 22 Mar 2025 04:25:40.074 * DB saved on disk
1264:C 22 Mar 2025 04:25:40.075 * Fork CoW for RDB: current 0 MB, peak 0 MB, average 0 MB
571:M 22 Mar 2025 04:25:40.164 * Background saving terminated with success
571:M 22 Mar 2025 04:30:41.028 * 100 changes in 300 seconds. Saving...
571:M 22 Mar 2025 04:30:41.031 * Background saving started by pid 1317
1317:C 22 Mar 2025 04:30:41.054 * DB saved on disk
1317:C 22 Mar 2025 04:30:41.055 * Fork CoW for RDB: current 0 MB, peak 0 MB, average 0 MB
571:M 22 Mar 2025 04:30:41.132 * Background saving terminated with success
571:M 22 Mar 2025 04:35:43.826 * 100 changes in 300 seconds. Saving...
571:M 22 Mar 2025 04:35:43.828 * Background saving started by pid 1403
1403:C 22 Mar 2025 04:35:43.848 * DB saved on disk
1403:C 22 Mar 2025 04:35:43.850 * Fork CoW for RDB: current 0 MB, peak 0 MB, average 0 MB
571:M 22 Mar 2025 04:35:43.929 * Background saving terminated with success
571:M 22 Mar 2025 04:40:44.026 * 100 changes in 300 seconds. Saving...
571:M 22 Mar 2025 04:40:44.042 * Background saving started by pid 1482
1482:C 22 Mar 2025 04:40:44.089 * DB saved on disk
1482:C 22 Mar 2025 04:40:44.090 * Fork CoW for RDB: current 0 MB, peak 0 MB, average 0 MB
571:M 22 Mar 2025 04:40:44.143 * Background saving terminated with success
571:M 22 Mar 2025 04:45:45.014 * 100 changes in 300 seconds. Saving...
571:M 22 Mar 2025 04:45:45.015 * Background saving started by pid 1602
1602:C 22 Mar 2025 04:45:45.038 * DB saved on disk
1602:C 22 Mar 2025 04:45:45.040 * Fork CoW for RDB: current 0 MB, peak 0 MB, average 0 MB
571:M 22 Mar 2025 04:45:45.116 * Background saving terminated with success
571:M 22 Mar 2025 04:50:46.042 * 100 changes in 300 seconds. Saving...
571:M 22 Mar 2025 04:50:46.044 * Background saving started by pid 1662
1662:C 22 Mar 2025 04:50:46.084 * DB saved on disk
1662:C 22 Mar 2025 04:50:46.085 * Fork CoW for RDB: current 0 MB, peak 0 MB, average 0 MB
571:M 22 Mar 2025 04:50:46.146 * Background saving terminated with success
571:M 22 Mar 2025 04:55:47.038 * 100 changes in 300 seconds. Saving...
571:M 22 Mar 2025 04:55:47.039 * Background saving started by pid 1685
1685:C 22 Mar 2025 04:55:47.065 * DB saved on disk
1685:C 22 Mar 2025 04:55:47.066 * Fork CoW for RDB: current 0 MB, peak 0 MB, average 0 MB
571:M 22 Mar 2025 04:55:47.139 * Background saving terminated with success
571:M 22 Mar 2025 05:00:48.060 * 100 changes in 300 seconds. Saving...
571:M 22 Mar 2025 05:00:48.061 * Background saving started by pid 1699
1699:C 22 Mar 2025 05:00:48.084 * DB saved on disk
1699:C 22 Mar 2025 05:00:48.087 * Fork CoW for RDB: current 0 MB, peak 0 MB, average 0 MB
571:M 22 Mar 2025 05:00:48.162 * Background saving terminated with success
571:M 22 Mar 2025 05:05:49.078 * 100 changes in 300 seconds. Saving...
571:M 22 Mar 2025 05:05:49.080 * Background saving started by pid 1722
1722:C 22 Mar 2025 05:05:49.103 * DB saved on disk
1722:C 22 Mar 2025 05:05:49.105 * Fork CoW for RDB: current 0 MB, peak 0 MB, average 0 MB
571:M 22 Mar 2025 05:05:49.181 * Background saving terminated with success
571:M 22 Mar 2025 05:10:50.017 * 100 changes in 300 seconds. Saving...
571:M 22 Mar 2025 05:10:50.019 * Background saving started by pid 1765
1765:C 22 Mar 2025 05:10:50.042 * DB saved on disk
1765:C 22 Mar 2025 05:10:50.044 * Fork CoW for RDB: current 0 MB, peak 0 MB, average 0 MB
571:M 22 Mar 2025 05:10:50.121 * Background saving terminated with success
571:M 22 Mar 2025 05:15:51.083 * 100 changes in 300 seconds. Saving...
571:M 22 Mar 2025 05:15:51.085 * Background saving started by pid 1842
1842:C 22 Mar 2025 05:15:51.109 * DB saved on disk
1842:C 22 Mar 2025 05:15:51.112 * Fork CoW for RDB: current 0 MB, peak 0 MB, average 0 MB
571:M 22 Mar 2025 05:15:51.186 * Background saving terminated with success
571:M 22 Mar 2025 05:20:52.054 * 100 changes in 300 seconds. Saving...
571:M 22 Mar 2025 05:20:52.056 * Background saving started by pid 1863
1863:C 22 Mar 2025 05:20:52.078 * DB saved on disk
1863:C 22 Mar 2025 05:20:52.079 * Fork CoW for RDB: current 0 MB, peak 0 MB, average 0 MB
571:M 22 Mar 2025 05:20:52.157 * Background saving terminated with success
571:M 22 Mar 2025 05:25:53.079 * 100 changes in 300 seconds. Saving...
571:M 22 Mar 2025 05:25:53.082 * Background saving started by pid 1880
1880:C 22 Mar 2025 05:25:53.097 * DB saved on disk
1880:C 22 Mar 2025 05:25:53.099 * Fork CoW for RDB: current 0 MB, peak 0 MB, average 0 MB
571:M 22 Mar 2025 05:25:53.184 * Background saving terminated with success
571:M 22 Mar 2025 05:30:54.099 * 100 changes in 300 seconds. Saving...
571:M 22 Mar 2025 05:30:54.100 * Background saving started by pid 1900
1900:C 22 Mar 2025 05:30:54.143 * DB saved on disk
1900:C 22 Mar 2025 05:30:54.143 * Fork CoW for RDB: current 0 MB, peak 0 MB, average 0 MB
571:M 22 Mar 2025 05:30:54.200 * Background saving terminated with success
571:M 22 Mar 2025 05:35:55.092 * 100 changes in 300 seconds. Saving...
571:M 22 Mar 2025 05:35:55.093 * Background saving started by pid 1940
1940:C 22 Mar 2025 05:35:55.114 * DB saved on disk
1940:C 22 Mar 2025 05:35:55.115 * Fork CoW for RDB: current 0 MB, peak 0 MB, average 0 MB
571:M 22 Mar 2025 05:35:55.194 * Background saving terminated with success
571:M 22 Mar 2025 05:40:56.022 * 100 changes in 300 seconds. Saving...
571:M 22 Mar 2025 05:40:56.027 * Background saving started by pid 1959
1959:C 22 Mar 2025 05:40:56.054 * DB saved on disk
1959:C 22 Mar 2025 05:40:56.054 * Fork CoW for RDB: current 0 MB, peak 0 MB, average 0 MB
571:M 22 Mar 2025 05:40:56.129 * Background saving terminated with success
571:M 22 Mar 2025 05:45:57.075 * 100 changes in 300 seconds. Saving...
571:M 22 Mar 2025 05:45:57.076 * Background saving started by pid 1981
1981:C 22 Mar 2025 05:45:57.092 * DB saved on disk
1981:C 22 Mar 2025 05:45:57.092 * Fork CoW for RDB: current 0 MB, peak 0 MB, average 0 MB
571:M 22 Mar 2025 05:45:57.177 * Background saving terminated with success
571:M 22 Mar 2025 05:50:58.036 * 100 changes in 300 seconds. Saving...
571:M 22 Mar 2025 05:50:58.036 * Background saving started by pid 1999
1999:C 22 Mar 2025 05:50:58.072 * DB saved on disk
1999:C 22 Mar 2025 05:50:58.073 * Fork CoW for RDB: current 0 MB, peak 0 MB, average 0 MB
571:M 22 Mar 2025 05:50:58.137 * Background saving terminated with success
571:M 22 Mar 2025 05:55:59.046 * 100 changes in 300 seconds. Saving...
571:M 22 Mar 2025 05:55:59.048 * Background saving started by pid 2015
2015:C 22 Mar 2025 05:55:59.070 * DB saved on disk
2015:C 22 Mar 2025 05:55:59.072 * Fork CoW for RDB: current 0 MB, peak 0 MB, average 0 MB
571:M 22 Mar 2025 05:55:59.149 * Background saving terminated with success
571:M 22 Mar 2025 06:01:00.029 * 100 changes in 300 seconds. Saving...
571:M 22 Mar 2025 06:01:00.031 * Background saving started by pid 2067
2067:C 22 Mar 2025 06:01:00.082 * DB saved on disk
2067:C 22 Mar 2025 06:01:00.083 * Fork CoW for RDB: current 0 MB, peak 0 MB, average 0 MB
571:M 22 Mar 2025 06:01:00.131 * Background saving terminated with success
571:M 22 Mar 2025 06:06:01.002 * 100 changes in 300 seconds. Saving...
571:M 22 Mar 2025 06:06:01.004 * Background saving started by pid 2081
2081:C 22 Mar 2025 06:06:01.031 * DB saved on disk
2081:C 22 Mar 2025 06:06:01.033 * Fork CoW for RDB: current 0 MB, peak 0 MB, average 0 MB
571:M 22 Mar 2025 06:06:01.105 * Background saving terminated with success
571:M 22 Mar 2025 06:11:02.094 * 100 changes in 300 seconds. Saving...
571:M 22 Mar 2025 06:11:02.095 * Background saving started by pid 2107
2107:C 22 Mar 2025 06:11:02.114 * DB saved on disk
2107:C 22 Mar 2025 06:11:02.116 * Fork CoW for RDB: current 0 MB, peak 0 MB, average 0 MB
571:M 22 Mar 2025 06:11:02.196 * Background saving terminated with success
571:M 22 Mar 2025 06:16:03.051 * 100 changes in 300 seconds. Saving...
571:M 22 Mar 2025 06:16:03.052 * Background saving started by pid 2126
2126:C 22 Mar 2025 06:16:03.081 * DB saved on disk
2126:C 22 Mar 2025 06:16:03.081 * Fork CoW for RDB: current 0 MB, peak 0 MB, average 0 MB
571:M 22 Mar 2025 06:16:03.153 * Background saving terminated with success
571:M 22 Mar 2025 06:21:04.072 * 100 changes in 300 seconds. Saving...
571:M 22 Mar 2025 06:21:04.073 * Background saving started by pid 2145
2145:C 22 Mar 2025 06:21:04.086 * DB saved on disk
2145:C 22 Mar 2025 06:21:04.087 * Fork CoW for RDB: current 0 MB, peak 0 MB, average 0 MB
571:M 22 Mar 2025 06:21:07.261 * Background saving terminated with success
571:M 22 Mar 2025 06:26:08.090 * 100 changes in 300 seconds. Saving...
571:M 22 Mar 2025 06:26:08.099 * Background saving started by pid 2169
2169:C 22 Mar 2025 06:26:08.129 * DB saved on disk
2169:C 22 Mar 2025 06:26:08.130 * Fork CoW for RDB: current 0 MB, peak 0 MB, average 0 MB
571:M 22 Mar 2025 06:26:08.201 * Background saving terminated with success
571:M 22 Mar 2025 06:31:09.055 * 100 changes in 300 seconds. Saving...
571:M 22 Mar 2025 06:31:09.069 * Background saving started by pid 2213
2213:C 22 Mar 2025 06:31:09.097 * DB saved on disk
2213:C 22 Mar 2025 06:31:09.099 * Fork CoW for RDB: current 0 MB, peak 0 MB, average 0 MB
571:M 22 Mar 2025 06:31:09.170 * Background saving terminated with success
571:M 22 Mar 2025 06:36:10.018 * 100 changes in 300 seconds. Saving...
571:M 22 Mar 2025 06:36:10.021 * Background saving started by pid 2229
2229:C 22 Mar 2025 06:36:10.054 * DB saved on disk
2229:C 22 Mar 2025 06:36:10.056 * Fork CoW for RDB: current 0 MB, peak 0 MB, average 0 MB
571:M 22 Mar 2025 06:36:10.123 * Background saving terminated with success
571:M 22 Mar 2025 06:41:11.043 * 100 changes in 300 seconds. Saving...
571:M 22 Mar 2025 06:41:11.044 * Background saving started by pid 2249
2249:C 22 Mar 2025 06:41:11.052 * DB saved on disk
2249:C 22 Mar 2025 06:41:11.053 * Fork CoW for RDB: current 0 MB, peak 0 MB, average 0 MB
571:M 22 Mar 2025 06:41:11.144 * Background saving terminated with success
571:M 22 Mar 2025 08:12:11.959 * 1 changes in 3600 seconds. Saving...
571:M 22 Mar 2025 08:12:12.313 * Background saving started by pid 2269
2269:C 22 Mar 2025 08:12:13.018 * DB saved on disk
2269:C 22 Mar 2025 08:12:13.019 * Fork CoW for RDB: current 1 MB, peak 1 MB, average 0 MB
571:M 22 Mar 2025 08:12:13.108 * Background saving terminated with success
571:M 22 Mar 2025 08:17:14.059 * 100 changes in 300 seconds. Saving...
571:M 22 Mar 2025 08:17:14.060 * Background saving started by pid 2339
2339:C 22 Mar 2025 08:17:14.113 * DB saved on disk
2339:C 22 Mar 2025 08:17:14.115 * Fork CoW for RDB: current 0 MB, peak 0 MB, average 0 MB
571:M 22 Mar 2025 08:17:14.161 * Background saving terminated with success
571:M 22 Mar 2025 08:22:15.070 * 100 changes in 300 seconds. Saving...
571:M 22 Mar 2025 08:22:15.072 * Background saving started by pid 2360
2360:C 22 Mar 2025 08:22:15.110 * DB saved on disk
2360:C 22 Mar 2025 08:22:15.112 * Fork CoW for RDB: current 0 MB, peak 0 MB, average 0 MB
571:M 22 Mar 2025 08:22:15.172 * Background saving terminated with success
571:M 22 Mar 2025 08:27:16.086 * 100 changes in 300 seconds. Saving...
571:M 22 Mar 2025 08:27:16.087 * Background saving started by pid 2385
2385:C 22 Mar 2025 08:27:16.137 * DB saved on disk
2385:C 22 Mar 2025 08:27:16.139 * Fork CoW for RDB: current 0 MB, peak 0 MB, average 0 MB
571:M 22 Mar 2025 08:27:16.188 * Background saving terminated with success
571:M 22 Mar 2025 08:32:17.055 * 100 changes in 300 seconds. Saving...
571:M 22 Mar 2025 08:32:17.057 * Background saving started by pid 2424
2424:C 22 Mar 2025 08:32:17.072 * DB saved on disk
2424:C 22 Mar 2025 08:32:17.073 * Fork CoW for RDB: current 0 MB, peak 0 MB, average 0 MB
571:M 22 Mar 2025 08:32:17.158 * Background saving terminated with success
571:M 22 Mar 2025 08:37:20.212 * 100 changes in 300 seconds. Saving...
571:M 22 Mar 2025 08:37:20.214 * Background saving started by pid 2450
2450:C 22 Mar 2025 08:37:20.265 * DB saved on disk
2450:C 22 Mar 2025 08:37:20.266 * Fork CoW for RDB: current 0 MB, peak 0 MB, average 0 MB
571:M 22 Mar 2025 08:37:20.321 * Background saving terminated with success
571:M 22 Mar 2025 08:42:21.054 * 100 changes in 300 seconds. Saving...
571:M 22 Mar 2025 08:42:21.056 * Background saving started by pid 2469
2469:C 22 Mar 2025 08:42:21.082 * DB saved on disk
2469:C 22 Mar 2025 08:42:21.082 * Fork CoW for RDB: current 0 MB, peak 0 MB, average 0 MB
571:M 22 Mar 2025 08:42:21.157 * Background saving terminated with success
571:M 22 Mar 2025 08:47:22.014 * 100 changes in 300 seconds. Saving...
571:M 22 Mar 2025 08:47:22.015 * Background saving started by pid 2498
2498:C 22 Mar 2025 08:47:22.041 * DB saved on disk
2498:C 22 Mar 2025 08:47:22.043 * Fork CoW for RDB: current 0 MB, peak 0 MB, average 0 MB
571:M 22 Mar 2025 08:47:22.116 * Background saving terminated with success
571:M 22 Mar 2025 08:52:23.010 * 100 changes in 300 seconds. Saving...
571:M 22 Mar 2025 08:52:23.012 * Background saving started by pid 2516
2516:C 22 Mar 2025 08:52:23.048 * DB saved on disk
2516:C 22 Mar 2025 08:52:23.050 * Fork CoW for RDB: current 0 MB, peak 0 MB, average 0 MB
571:M 22 Mar 2025 08:52:23.113 * Background saving terminated with success
571:M 22 Mar 2025 08:57:24.071 * 100 changes in 300 seconds. Saving...
571:M 22 Mar 2025 08:57:24.072 * Background saving started by pid 2532
2532:C 22 Mar 2025 08:57:24.095 * DB saved on disk
2532:C 22 Mar 2025 08:57:24.098 * Fork CoW for RDB: current 0 MB, peak 0 MB, average 0 MB
571:M 22 Mar 2025 08:57:24.173 * Background saving terminated with success
571:M 22 Mar 2025 09:02:25.094 * 100 changes in 300 seconds. Saving...
571:M 22 Mar 2025 09:02:25.095 * Background saving started by pid 2565
2565:C 22 Mar 2025 09:02:25.112 * DB saved on disk
2565:C 22 Mar 2025 09:02:25.114 * Fork CoW for RDB: current 0 MB, peak 0 MB, average 0 MB
571:M 22 Mar 2025 09:02:25.196 * Background saving terminated with success
571:M 22 Mar 2025 09:07:26.022 * 100 changes in 300 seconds. Saving...
571:M 22 Mar 2025 09:07:26.025 * Background saving started by pid 2583
2583:C 22 Mar 2025 09:07:26.079 * DB saved on disk
2583:C 22 Mar 2025 09:07:26.081 * Fork CoW for RDB: current 0 MB, peak 0 MB, average 0 MB
571:M 22 Mar 2025 09:07:26.126 * Background saving terminated with success
571:M 22 Mar 2025 09:12:27.046 * 100 changes in 300 seconds. Saving...
571:M 22 Mar 2025 09:12:27.046 * Background saving started by pid 2604
2604:C 22 Mar 2025 09:12:27.057 * DB saved on disk
2604:C 22 Mar 2025 09:12:27.058 * Fork CoW for RDB: current 0 MB, peak 0 MB, average 0 MB
571:M 22 Mar 2025 09:12:27.147 * Background saving terminated with success
571:M 22 Mar 2025 09:17:28.087 * 100 changes in 300 seconds. Saving...
571:M 22 Mar 2025 09:17:28.088 * Background saving started by pid 2630
2630:C 22 Mar 2025 09:17:28.101 * DB saved on disk
2630:C 22 Mar 2025 09:17:28.102 * Fork CoW for RDB: current 0 MB, peak 0 MB, average 0 MB
571:M 22 Mar 2025 09:17:28.188 * Background saving terminated with success
571:M 22 Mar 2025 09:22:29.027 * 100 changes in 300 seconds. Saving...
571:M 22 Mar 2025 09:22:29.028 * Background saving started by pid 2651
2651:C 22 Mar 2025 09:22:29.040 * DB saved on disk
2651:C 22 Mar 2025 09:22:29.041 * Fork CoW for RDB: current 0 MB, peak 0 MB, average 0 MB
571:M 22 Mar 2025 09:22:29.128 * Background saving terminated with success
571:M 22 Mar 2025 09:27:30.081 * 100 changes in 300 seconds. Saving...
571:M 22 Mar 2025 09:27:30.081 * Background saving started by pid 2676
2676:C 22 Mar 2025 09:27:30.094 * DB saved on disk
2676:C 22 Mar 2025 09:27:30.094 * Fork CoW for RDB: current 0 MB, peak 0 MB, average 0 MB
571:M 22 Mar 2025 09:27:30.182 * Background saving terminated with success
571:M 22 Mar 2025 09:32:31.041 * 100 changes in 300 seconds. Saving...
571:M 22 Mar 2025 09:32:31.041 * Background saving started by pid 2716
2716:C 22 Mar 2025 09:32:31.084 * DB saved on disk
2716:C 22 Mar 2025 09:32:31.085 * Fork CoW for RDB: current 0 MB, peak 0 MB, average 0 MB
571:M 22 Mar 2025 09:32:31.142 * Background saving terminated with success
571:M 22 Mar 2025 09:37:32.023 * 100 changes in 300 seconds. Saving...
571:M 22 Mar 2025 09:37:32.024 * Background saving started by pid 2738
2738:C 22 Mar 2025 09:37:32.040 * DB saved on disk
2738:C 22 Mar 2025 09:37:32.040 * Fork CoW for RDB: current 0 MB, peak 0 MB, average 0 MB
571:M 22 Mar 2025 09:37:32.124 * Background saving terminated with success
571:M 22 Mar 2025 09:42:33.078 * 100 changes in 300 seconds. Saving...
571:M 22 Mar 2025 09:42:33.079 * Background saving started by pid 2761
2761:C 22 Mar 2025 09:42:33.091 * DB saved on disk
2761:C 22 Mar 2025 09:42:33.092 * Fork CoW for RDB: current 0 MB, peak 0 MB, average 0 MB
571:M 22 Mar 2025 09:42:33.180 * Background saving terminated with success
571:M 22 Mar 2025 09:47:34.029 * 100 changes in 300 seconds. Saving...
571:M 22 Mar 2025 09:47:34.030 * Background saving started by pid 2791
2791:C 22 Mar 2025 09:47:34.041 * DB saved on disk
2791:C 22 Mar 2025 09:47:34.042 * Fork CoW for RDB: current 0 MB, peak 0 MB, average 0 MB
571:M 22 Mar 2025 09:47:34.131 * Background saving terminated with success
571:M 22 Mar 2025 09:52:35.008 * 100 changes in 300 seconds. Saving...
571:M 22 Mar 2025 09:52:35.009 * Background saving started by pid 2812
2812:C 22 Mar 2025 09:52:35.020 * DB saved on disk
2812:C 22 Mar 2025 09:52:35.021 * Fork CoW for RDB: current 0 MB, peak 0 MB, average 0 MB
571:M 22 Mar 2025 09:52:35.109 * Background saving terminated with success
571:M 22 Mar 2025 09:57:36.024 * 100 changes in 300 seconds. Saving...
571:M 22 Mar 2025 09:57:36.024 * Background saving started by pid 2831
2831:C 22 Mar 2025 09:57:36.032 * DB saved on disk
2831:C 22 Mar 2025 09:57:36.033 * Fork CoW for RDB: current 0 MB, peak 0 MB, average 0 MB
571:M 22 Mar 2025 09:57:36.125 * Background saving terminated with success
571:M 22 Mar 2025 10:02:37.067 * 100 changes in 300 seconds. Saving...
571:M 22 Mar 2025 10:02:37.067 * Background saving started by pid 2866
2866:C 22 Mar 2025 10:02:37.079 * DB saved on disk
2866:C 22 Mar 2025 10:02:37.080 * Fork CoW for RDB: current 0 MB, peak 0 MB, average 0 MB
571:M 22 Mar 2025 10:02:37.168 * Background saving terminated with success
571:M 22 Mar 2025 10:07:38.007 * 100 changes in 300 seconds. Saving...
571:M 22 Mar 2025 10:07:38.008 * Background saving started by pid 2884
2884:C 22 Mar 2025 10:07:38.024 * DB saved on disk
2884:C 22 Mar 2025 10:07:38.025 * Fork CoW for RDB: current 0 MB, peak 0 MB, average 0 MB
571:M 22 Mar 2025 10:07:38.109 * Background saving terminated with success
571:M 22 Mar 2025 10:12:39.071 * 100 changes in 300 seconds. Saving...
571:M 22 Mar 2025 10:12:39.072 * Background saving started by pid 2904
2904:C 22 Mar 2025 10:12:39.088 * DB saved on disk
2904:C 22 Mar 2025 10:12:39.089 * Fork CoW for RDB: current 0 MB, peak 0 MB, average 0 MB
571:M 22 Mar 2025 10:12:39.172 * Background saving terminated with success
571:M 22 Mar 2025 10:17:40.113 * 100 changes in 300 seconds. Saving...
571:M 22 Mar 2025 10:17:40.113 * Background saving started by pid 2938
2938:C 22 Mar 2025 10:19:24.329 * DB saved on disk
2938:C 22 Mar 2025 10:19:24.330 * Fork CoW for RDB: current 0 MB, peak 0 MB, average 0 MB
571:M 22 Mar 2025 10:19:24.420 * Background saving terminated with success
571:M 22 Mar 2025 10:24:25.022 * 100 changes in 300 seconds. Saving...
571:M 22 Mar 2025 10:24:25.023 * Background saving started by pid 2970
2970:C 22 Mar 2025 10:24:25.039 * DB saved on disk
2970:C 22 Mar 2025 10:24:25.040 * Fork CoW for RDB: current 0 MB, peak 0 MB, average 0 MB
571:M 22 Mar 2025 10:24:25.124 * Background saving terminated with success
571:M 22 Mar 2025 10:29:26.068 * 100 changes in 300 seconds. Saving...
571:M 22 Mar 2025 10:29:26.079 * Background saving started by pid 2985
2985:C 22 Mar 2025 10:29:26.708 * DB saved on disk
2985:C 22 Mar 2025 10:29:26.710 * Fork CoW for RDB: current 0 MB, peak 0 MB, average 0 MB
571:M 22 Mar 2025 10:29:26.740 * Background saving terminated with success
571:M 22 Mar 2025 10:34:27.094 * 100 changes in 300 seconds. Saving...
571:M 22 Mar 2025 10:34:27.095 * Background saving started by pid 3025
3025:C 22 Mar 2025 10:34:27.106 * DB saved on disk
3025:C 22 Mar 2025 10:34:27.107 * Fork CoW for RDB: current 0 MB, peak 0 MB, average 0 MB
571:M 22 Mar 2025 10:34:27.196 * Background saving terminated with success
571:M 22 Mar 2025 10:39:28.049 * 100 changes in 300 seconds. Saving...
571:M 22 Mar 2025 10:39:28.050 * Background saving started by pid 3050
3050:C 22 Mar 2025 10:39:28.064 * DB saved on disk
3050:C 22 Mar 2025 10:39:28.065 * Fork CoW for RDB: current 0 MB, peak 0 MB, average 0 MB
571:M 22 Mar 2025 10:39:28.150 * Background saving terminated with success
571:M 22 Mar 2025 10:44:29.066 * 100 changes in 300 seconds. Saving...
571:M 22 Mar 2025 10:44:29.067 * Background saving started by pid 3067
3067:C 22 Mar 2025 10:44:29.078 * DB saved on disk
3067:C 22 Mar 2025 10:44:29.079 * Fork CoW for RDB: current 0 MB, peak 0 MB, average 0 MB
571:M 22 Mar 2025 10:44:29.168 * Background saving terminated with success
571:M 22 Mar 2025 10:49:30.058 * 100 changes in 300 seconds. Saving...
571:M 22 Mar 2025 10:49:30.058 * Background saving started by pid 3087
3087:C 22 Mar 2025 10:49:30.069 * DB saved on disk
3087:C 22 Mar 2025 10:49:30.070 * Fork CoW for RDB: current 0 MB, peak 0 MB, average 0 MB
571:M 22 Mar 2025 10:49:30.159 * Background saving terminated with success
571:M 22 Mar 2025 10:54:31.009 * 100 changes in 300 seconds. Saving...
571:M 22 Mar 2025 10:54:31.010 * Background saving started by pid 3112
3112:C 22 Mar 2025 10:54:31.034 * DB saved on disk
3112:C 22 Mar 2025 10:54:31.035 * Fork CoW for RDB: current 0 MB, peak 0 MB, average 0 MB
571:M 22 Mar 2025 10:54:31.110 * Background saving terminated with success
571:M 22 Mar 2025 10:59:32.026 * 100 changes in 300 seconds. Saving...
571:M 22 Mar 2025 10:59:32.026 * Background saving started by pid 3130
3130:C 22 Mar 2025 10:59:32.035 * DB saved on disk
3130:C 22 Mar 2025 10:59:32.036 * Fork CoW for RDB: current 0 MB, peak 0 MB, average 0 MB
571:M 22 Mar 2025 10:59:32.127 * Background saving terminated with success
571:M 22 Mar 2025 11:04:33.054 * 100 changes in 300 seconds. Saving...
571:M 22 Mar 2025 11:04:33.055 * Background saving started by pid 3157
3157:C 22 Mar 2025 11:04:33.065 * DB saved on disk
3157:C 22 Mar 2025 11:04:33.065 * Fork CoW for RDB: current 0 MB, peak 0 MB, average 0 MB
571:M 22 Mar 2025 11:04:33.155 * Background saving terminated with success
571:M 22 Mar 2025 11:09:34.046 * 100 changes in 300 seconds. Saving...
571:M 22 Mar 2025 11:09:34.054 * Background saving started by pid 3184
3184:C 22 Mar 2025 11:09:34.063 * DB saved on disk
3184:C 22 Mar 2025 11:09:34.064 * Fork CoW for RDB: current 0 MB, peak 0 MB, average 0 MB
571:M 22 Mar 2025 11:09:34.155 * Background saving terminated with success
571:M 22 Mar 2025 11:14:35.004 * 100 changes in 300 seconds. Saving...
571:M 22 Mar 2025 11:14:35.009 * Background saving started by pid 3211
3211:C 22 Mar 2025 11:14:35.021 * DB saved on disk
3211:C 22 Mar 2025 11:14:35.022 * Fork CoW for RDB: current 0 MB, peak 0 MB, average 0 MB
571:M 22 Mar 2025 11:14:35.109 * Background saving terminated with success
571:M 22 Mar 2025 11:19:36.024 * 100 changes in 300 seconds. Saving...
571:M 22 Mar 2025 11:19:36.025 * Background saving started by pid 3236
3236:C 22 Mar 2025 11:19:36.034 * DB saved on disk
3236:C 22 Mar 2025 11:19:36.035 * Fork CoW for RDB: current 0 MB, peak 0 MB, average 0 MB
571:M 22 Mar 2025 11:19:36.125 * Background saving terminated with success
571:M 22 Mar 2025 11:24:37.045 * 100 changes in 300 seconds. Saving...
571:M 22 Mar 2025 11:24:37.047 * Background saving started by pid 3255
3255:C 22 Mar 2025 11:24:37.062 * DB saved on disk
3255:C 22 Mar 2025 11:24:37.063 * Fork CoW for RDB: current 0 MB, peak 0 MB, average 0 MB
571:M 22 Mar 2025 11:24:37.147 * Background saving terminated with success
571:M 22 Mar 2025 11:29:38.081 * 100 changes in 300 seconds. Saving...
571:M 22 Mar 2025 11:29:38.082 * Background saving started by pid 3290
3290:C 22 Mar 2025 11:29:38.100 * DB saved on disk
3290:C 22 Mar 2025 11:29:38.101 * Fork CoW for RDB: current 0 MB, peak 0 MB, average 0 MB
571:M 22 Mar 2025 11:29:38.182 * Background saving terminated with success
571:M 22 Mar 2025 11:34:39.066 * 100 changes in 300 seconds. Saving...
571:M 22 Mar 2025 11:34:39.067 * Background saving started by pid 3327
3327:C 22 Mar 2025 11:34:39.077 * DB saved on disk
3327:C 22 Mar 2025 11:34:39.078 * Fork CoW for RDB: current 0 MB, peak 0 MB, average 0 MB
571:M 22 Mar 2025 11:34:39.167 * Background saving terminated with success
571:M 22 Mar 2025 11:39:40.057 * 100 changes in 300 seconds. Saving...
571:M 22 Mar 2025 11:39:40.058 * Background saving started by pid 3352
3352:C 22 Mar 2025 11:39:40.093 * DB saved on disk
3352:C 22 Mar 2025 11:39:40.094 * Fork CoW for RDB: current 0 MB, peak 0 MB, average 0 MB
571:M 22 Mar 2025 11:39:40.158 * Background saving terminated with success
571:M 22 Mar 2025 11:44:41.001 * 100 changes in 300 seconds. Saving...
571:M 22 Mar 2025 11:44:41.011 * Background saving started by pid 3369
3369:C 22 Mar 2025 11:44:41.025 * DB saved on disk
3369:C 22 Mar 2025 11:44:41.026 * Fork CoW for RDB: current 0 MB, peak 0 MB, average 0 MB
571:M 22 Mar 2025 11:44:41.112 * Background saving terminated with success
571:M 22 Mar 2025 11:49:42.079 * 100 changes in 300 seconds. Saving...
571:M 22 Mar 2025 11:49:42.080 * Background saving started by pid 3389
3389:C 22 Mar 2025 11:49:42.130 * DB saved on disk
3389:C 22 Mar 2025 11:49:42.131 * Fork CoW for RDB: current 0 MB, peak 0 MB, average 0 MB
571:M 22 Mar 2025 11:49:42.181 * Background saving terminated with success
571:M 22 Mar 2025 11:54:43.010 * 100 changes in 300 seconds. Saving...
571:M 22 Mar 2025 11:54:43.011 * Background saving started by pid 3411
3411:C 22 Mar 2025 11:54:43.021 * DB saved on disk
3411:C 22 Mar 2025 11:54:43.022 * Fork CoW for RDB: current 0 MB, peak 0 MB, average 0 MB
571:M 22 Mar 2025 11:54:43.112 * Background saving terminated with success
571:M 22 Mar 2025 11:59:44.070 * 100 changes in 300 seconds. Saving...
571:M 22 Mar 2025 11:59:44.072 * Background saving started by pid 3425
3425:C 22 Mar 2025 11:59:44.122 * DB saved on disk
3425:C 22 Mar 2025 11:59:44.124 * Fork CoW for RDB: current 0 MB, peak 0 MB, average 0 MB
571:M 22 Mar 2025 11:59:44.172 * Background saving terminated with success
571:M 22 Mar 2025 12:04:45.088 * 100 changes in 300 seconds. Saving...
571:M 22 Mar 2025 12:04:45.089 * Background saving started by pid 3477
3477:C 22 Mar 2025 12:04:45.105 * DB saved on disk
3477:C 22 Mar 2025 12:04:45.106 * Fork CoW for RDB: current 0 MB, peak 0 MB, average 0 MB
571:M 22 Mar 2025 12:04:45.190 * Background saving terminated with success
571:M 22 Mar 2025 12:09:46.049 * 100 changes in 300 seconds. Saving...
571:M 22 Mar 2025 12:09:46.050 * Background saving started by pid 3578
3578:C 22 Mar 2025 12:09:46.065 * DB saved on disk
3578:C 22 Mar 2025 12:09:46.066 * Fork CoW for RDB: current 0 MB, peak 0 MB, average 0 MB
571:M 22 Mar 2025 12:09:46.151 * Background saving terminated with success
571:M 22 Mar 2025 12:14:47.021 * 100 changes in 300 seconds. Saving...
571:M 22 Mar 2025 12:14:47.023 * Background saving started by pid 3604
3604:C 22 Mar 2025 12:14:47.046 * DB saved on disk
3604:C 22 Mar 2025 12:14:47.047 * Fork CoW for RDB: current 0 MB, peak 0 MB, average 0 MB
571:M 22 Mar 2025 12:14:47.124 * Background saving terminated with success
571:M 22 Mar 2025 12:19:48.074 * 100 changes in 300 seconds. Saving...
571:M 22 Mar 2025 12:19:48.075 * Background saving started by pid 3627
3627:C 22 Mar 2025 12:19:48.092 * DB saved on disk
3627:C 22 Mar 2025 12:19:48.093 * Fork CoW for RDB: current 0 MB, peak 0 MB, average 0 MB
571:M 22 Mar 2025 12:19:48.177 * Background saving terminated with success
571:M 22 Mar 2025 12:24:49.093 * 100 changes in 300 seconds. Saving...
571:M 22 Mar 2025 12:24:49.094 * Background saving started by pid 3642
3642:C 22 Mar 2025 12:24:49.109 * DB saved on disk
3642:C 22 Mar 2025 12:24:49.110 * Fork CoW for RDB: current 0 MB, peak 0 MB, average 0 MB
571:M 22 Mar 2025 12:24:49.195 * Background saving terminated with success
571:M 22 Mar 2025 12:29:50.064 * 100 changes in 300 seconds. Saving...
571:M 22 Mar 2025 12:29:50.065 * Background saving started by pid 3690
3690:C 22 Mar 2025 12:29:50.082 * DB saved on disk
3690:C 22 Mar 2025 12:29:50.083 * Fork CoW for RDB: current 0 MB, peak 0 MB, average 0 MB
571:M 22 Mar 2025 12:29:50.166 * Background saving terminated with success
571:M 22 Mar 2025 12:34:51.015 * 100 changes in 300 seconds. Saving...
571:M 22 Mar 2025 12:34:51.016 * Background saving started by pid 3737
3737:C 22 Mar 2025 12:34:51.034 * DB saved on disk
3737:C 22 Mar 2025 12:34:51.036 * Fork CoW for RDB: current 0 MB, peak 0 MB, average 0 MB
571:M 22 Mar 2025 12:34:51.117 * Background saving terminated with success
571:M 22 Mar 2025 12:39:52.077 * 100 changes in 300 seconds. Saving...
571:M 22 Mar 2025 12:39:52.078 * Background saving started by pid 3755
3755:C 22 Mar 2025 12:39:52.103 * DB saved on disk
3755:C 22 Mar 2025 12:39:52.103 * Fork CoW for RDB: current 0 MB, peak 0 MB, average 0 MB
571:M 22 Mar 2025 12:39:52.179 * Background saving terminated with success
571:M 22 Mar 2025 12:44:53.018 * 100 changes in 300 seconds. Saving...
571:M 22 Mar 2025 12:44:53.020 * Background saving started by pid 3774
3774:C 22 Mar 2025 12:44:53.032 * DB saved on disk
3774:C 22 Mar 2025 12:44:53.033 * Fork CoW for RDB: current 0 MB, peak 0 MB, average 0 MB
571:M 22 Mar 2025 12:44:53.120 * Background saving terminated with success
571:M 22 Mar 2025 12:49:54.070 * 100 changes in 300 seconds. Saving...
571:M 22 Mar 2025 12:49:54.075 * Background saving started by pid 3794
3794:C 22 Mar 2025 12:49:54.134 * DB saved on disk
3794:C 22 Mar 2025 12:49:54.136 * Fork CoW for RDB: current 0 MB, peak 0 MB, average 0 MB
571:M 22 Mar 2025 12:49:54.176 * Background saving terminated with success
571:M 22 Mar 2025 12:54:55.042 * 100 changes in 300 seconds. Saving...
571:M 22 Mar 2025 12:54:55.043 * Background saving started by pid 3817
3817:C 22 Mar 2025 12:54:55.063 * DB saved on disk
3817:C 22 Mar 2025 12:54:55.065 * Fork CoW for RDB: current 0 MB, peak 0 MB, average 0 MB
571:M 22 Mar 2025 12:54:55.144 * Background saving terminated with success
470:C 24 Mar 2025 04:24:20.380 # oO0OoO0OoO0Oo Redis is starting oO0OoO0OoO0Oo
470:C 24 Mar 2025 04:24:20.380 # Redis version=7.0.15, bits=64, commit=00000000, modified=0, pid=470, just started
470:C 24 Mar 2025 04:24:20.380 # Configuration loaded
470:M 24 Mar 2025 04:24:20.396 * Increased maximum number of open files to 10032 (it was originally set to 1024).
470:M 24 Mar 2025 04:24:20.396 * monotonic clock: POSIX clock_gettime
470:M 24 Mar 2025 04:24:20.399 * Running mode=standalone, port=11000.
470:M 24 Mar 2025 04:24:20.399 # Server initialized
470:M 24 Mar 2025 04:24:20.399 # WARNING Memory overcommit must be enabled! Without it, a background save or replication may fail under low memory condition. Being disabled, it can can also cause failures without low memory condition, see https://github.com/jemalloc/jemalloc/issues/1328. To fix this issue add 'vm.overcommit_memory = 1' to /etc/sysctl.conf and then reboot or run the command 'sysctl vm.overcommit_memory=1' for this to take effect.
470:M 24 Mar 2025 04:24:20.405 * Loading RDB produced by version 7.0.15
470:M 24 Mar 2025 04:24:20.405 * RDB age 142165 seconds
470:M 24 Mar 2025 04:24:20.405 * RDB memory usage when created 1.69 Mb
470:M 24 Mar 2025 04:24:20.409 * Done loading RDB, keys loaded: 20, keys expired: 26.
470:M 24 Mar 2025 04:24:20.409 * DB loaded from disk: 0.005 seconds
470:M 24 Mar 2025 04:24:20.409 * Ready to accept connections
470:M 24 Mar 2025 04:29:21.087 * 100 changes in 300 seconds. Saving...
470:M 24 Mar 2025 04:29:21.088 * Background saving started by pid 881
881:C 24 Mar 2025 04:29:21.109 * DB saved on disk
881:C 24 Mar 2025 04:29:21.110 * Fork CoW for RDB: current 0 MB, peak 0 MB, average 0 MB
470:M 24 Mar 2025 04:29:21.189 * Background saving terminated with success
470:M 24 Mar 2025 04:34:22.060 * 100 changes in 300 seconds. Saving...
470:M 24 Mar 2025 04:34:22.061 * Background saving started by pid 1121
1121:C 24 Mar 2025 04:34:22.090 * DB saved on disk
1121:C 24 Mar 2025 04:34:22.091 * Fork CoW for RDB: current 0 MB, peak 0 MB, average 0 MB
470:M 24 Mar 2025 04:34:22.162 * Background saving terminated with success
470:M 24 Mar 2025 04:39:23.036 * 100 changes in 300 seconds. Saving...
470:M 24 Mar 2025 04:39:23.038 * Background saving started by pid 1585
1585:C 24 Mar 2025 04:39:23.078 * DB saved on disk
1585:C 24 Mar 2025 04:39:23.080 * Fork CoW for RDB: current 0 MB, peak 0 MB, average 0 MB
470:M 24 Mar 2025 04:39:23.139 * Background saving terminated with success
470:M 24 Mar 2025 04:44:24.089 * 100 changes in 300 seconds. Saving...
470:M 24 Mar 2025 04:44:24.091 * Background saving started by pid 3904
3904:C 24 Mar 2025 04:44:24.114 * DB saved on disk
3904:C 24 Mar 2025 04:44:24.115 * Fork CoW for RDB: current 0 MB, peak 0 MB, average 0 MB
470:M 24 Mar 2025 04:44:24.192 * Background saving terminated with success
470:M 24 Mar 2025 04:49:25.013 * 100 changes in 300 seconds. Saving...
470:M 24 Mar 2025 04:49:25.014 * Background saving started by pid 4572
4572:C 24 Mar 2025 04:49:25.032 * DB saved on disk
4572:C 24 Mar 2025 04:49:25.033 * Fork CoW for RDB: current 0 MB, peak 0 MB, average 0 MB
470:M 24 Mar 2025 04:49:25.115 * Background saving terminated with success
470:M 24 Mar 2025 04:54:26.019 * 100 changes in 300 seconds. Saving...
470:M 24 Mar 2025 04:54:26.020 * Background saving started by pid 5136
5136:C 24 Mar 2025 04:54:26.044 * DB saved on disk
5136:C 24 Mar 2025 04:54:26.045 * Fork CoW for RDB: current 0 MB, peak 0 MB, average 0 MB
470:M 24 Mar 2025 04:54:26.121 * Background saving terminated with success
470:M 24 Mar 2025 04:59:27.075 * 100 changes in 300 seconds. Saving...
470:M 24 Mar 2025 04:59:27.076 * Background saving started by pid 5525
5525:C 24 Mar 2025 04:59:27.100 * DB saved on disk
5525:C 24 Mar 2025 04:59:27.100 * Fork CoW for RDB: current 0 MB, peak 0 MB, average 0 MB
470:M 24 Mar 2025 04:59:27.178 * Background saving terminated with success
470:M 24 Mar 2025 05:04:28.019 * 100 changes in 300 seconds. Saving...
470:M 24 Mar 2025 05:04:28.159 * Background saving started by pid 5801
5801:C 24 Mar 2025 05:04:28.312 * DB saved on disk
5801:C 24 Mar 2025 05:04:28.313 * Fork CoW for RDB: current 0 MB, peak 0 MB, average 0 MB
470:M 24 Mar 2025 05:04:28.394 * Background saving terminated with success
470:M 24 Mar 2025 05:09:29.035 * 100 changes in 300 seconds. Saving...
470:M 24 Mar 2025 05:09:29.037 * Background saving started by pid 6000
6000:C 24 Mar 2025 05:09:29.089 * DB saved on disk
6000:C 24 Mar 2025 05:09:29.090 * Fork CoW for RDB: current 0 MB, peak 0 MB, average 0 MB
470:M 24 Mar 2025 05:09:29.137 * Background saving terminated with success
470:M 24 Mar 2025 05:14:30.059 * 100 changes in 300 seconds. Saving...
470:M 24 Mar 2025 05:14:30.078 * Background saving started by pid 6211
6211:C 24 Mar 2025 05:14:30.274 * DB saved on disk
6211:C 24 Mar 2025 05:14:30.275 * Fork CoW for RDB: current 0 MB, peak 0 MB, average 0 MB
470:M 24 Mar 2025 05:14:30.280 * Background saving terminated with success
470:M 24 Mar 2025 05:19:31.020 * 100 changes in 300 seconds. Saving...
470:M 24 Mar 2025 05:19:31.021 * Background saving started by pid 6256
6256:C 24 Mar 2025 05:19:31.046 * DB saved on disk
6256:C 24 Mar 2025 05:19:31.048 * Fork CoW for RDB: current 0 MB, peak 0 MB, average 0 MB
470:M 24 Mar 2025 05:19:31.122 * Background saving terminated with success
470:M 24 Mar 2025 05:24:32.073 * 100 changes in 300 seconds. Saving...
470:M 24 Mar 2025 05:24:32.073 * Background saving started by pid 6291
6291:C 24 Mar 2025 05:24:32.089 * DB saved on disk
6291:C 24 Mar 2025 05:24:32.090 * Fork CoW for RDB: current 0 MB, peak 0 MB, average 0 MB
470:M 24 Mar 2025 05:24:32.174 * Background saving terminated with success
470:M 24 Mar 2025 05:29:33.043 * 100 changes in 300 seconds. Saving...
470:M 24 Mar 2025 05:29:33.043 * Background saving started by pid 6449
6449:C 24 Mar 2025 05:29:33.060 * DB saved on disk
6449:C 24 Mar 2025 05:29:33.062 * Fork CoW for RDB: current 0 MB, peak 0 MB, average 0 MB
470:M 24 Mar 2025 05:29:33.144 * Background saving terminated with success
470:signal-handler (1742794244) Received SIGTERM scheduling shutdown...
470:M 24 Mar 2025 05:30:44.263 # User requested shutdown...
470:M 24 Mar 2025 05:30:44.265 * Saving the final RDB snapshot before exiting.
470:M 24 Mar 2025 05:30:44.278 * DB saved on disk
470:M 24 Mar 2025 05:30:44.278 * Removing the pid file.
470:M 24 Mar 2025 05:30:44.279 # Redis is now ready to exit, bye bye...
6490:C 24 Mar 2025 05:30:47.013 # oO0OoO0OoO0Oo Redis is starting oO0OoO0OoO0Oo
6490:C 24 Mar 2025 05:30:47.013 # Redis version=7.0.15, bits=64, commit=00000000, modified=0, pid=6490, just started
6490:C 24 Mar 2025 05:30:47.013 # Configuration loaded
6490:M 24 Mar 2025 05:30:47.014 * Increased maximum number of open files to 10032 (it was originally set to 1024).
6490:M 24 Mar 2025 05:30:47.014 * monotonic clock: POSIX clock_gettime
6490:M 24 Mar 2025 05:30:47.022 * Running mode=standalone, port=11000.
6490:M 24 Mar 2025 05:30:47.022 # Server initialized
6490:M 24 Mar 2025 05:30:47.023 # WARNING Memory overcommit must be enabled! Without it, a background save or replication may fail under low memory condition. Being disabled, it can can also cause failures without low memory condition, see https://github.com/jemalloc/jemalloc/issues/1328. To fix this issue add 'vm.overcommit_memory = 1' to /etc/sysctl.conf and then reboot or run the command 'sysctl vm.overcommit_memory=1' for this to take effect.
6490:M 24 Mar 2025 05:30:47.035 * Loading RDB produced by version 7.0.15
6490:M 24 Mar 2025 05:30:47.035 * RDB age 3 seconds
6490:M 24 Mar 2025 05:30:47.035 * RDB memory usage when created 1.79 Mb
6490:M 24 Mar 2025 05:30:47.036 * Done loading RDB, keys loaded: 67, keys expired: 0.
6490:M 24 Mar 2025 05:30:47.037 * DB loaded from disk: 0.011 seconds
6490:M 24 Mar 2025 05:30:47.037 * Ready to accept connections
6490:M 24 Mar 2025 05:35:48.049 * 100 changes in 300 seconds. Saving...
6490:M 24 Mar 2025 05:35:48.049 * Background saving started by pid 6586
6586:C 24 Mar 2025 05:35:48.126 * DB saved on disk
6586:C 24 Mar 2025 05:35:48.129 * Fork CoW for RDB: current 0 MB, peak 0 MB, average 0 MB
6490:M 24 Mar 2025 05:35:48.151 * Background saving terminated with success
6490:M 24 Mar 2025 05:40:49.046 * 100 changes in 300 seconds. Saving...
6490:M 24 Mar 2025 05:40:49.047 * Background saving started by pid 6654
6654:C 24 Mar 2025 05:40:49.064 * DB saved on disk
6654:C 24 Mar 2025 05:40:49.065 * Fork CoW for RDB: current 0 MB, peak 0 MB, average 0 MB
6490:M 24 Mar 2025 05:40:49.148 * Background saving terminated with success
6490:M 24 Mar 2025 05:45:50.094 * 100 changes in 300 seconds. Saving...
6490:M 24 Mar 2025 05:45:50.097 * Background saving started by pid 6683
6683:C 24 Mar 2025 05:45:50.130 * DB saved on disk
6683:C 24 Mar 2025 05:45:50.131 * Fork CoW for RDB: current 0 MB, peak 0 MB, average 0 MB
6490:M 24 Mar 2025 05:45:50.198 * Background saving terminated with success
6490:M 24 Mar 2025 05:50:51.090 * 100 changes in 300 seconds. Saving...
6490:M 24 Mar 2025 05:50:51.092 * Background saving started by pid 6708
6708:C 24 Mar 2025 05:50:51.116 * DB saved on disk
6708:C 24 Mar 2025 05:50:51.119 * Fork CoW for RDB: current 0 MB, peak 0 MB, average 0 MB
6490:M 24 Mar 2025 05:50:51.193 * Background saving terminated with success
6490:M 24 Mar 2025 05:55:52.063 * 100 changes in 300 seconds. Saving...
6490:M 24 Mar 2025 05:55:52.066 * Background saving started by pid 6740
6740:C 24 Mar 2025 05:55:52.133 * DB saved on disk
6740:C 24 Mar 2025 05:55:52.135 * Fork CoW for RDB: current 0 MB, peak 0 MB, average 0 MB
6490:M 24 Mar 2025 05:55:52.167 * Background saving terminated with success
6490:M 24 Mar 2025 06:00:53.074 * 100 changes in 300 seconds. Saving...
6490:M 24 Mar 2025 06:00:53.076 * Background saving started by pid 6809
6809:C 24 Mar 2025 06:00:53.102 * DB saved on disk
6809:C 24 Mar 2025 06:00:53.104 * Fork CoW for RDB: current 0 MB, peak 0 MB, average 0 MB
6490:M 24 Mar 2025 06:00:53.177 * Background saving terminated with success
6490:M 24 Mar 2025 06:05:54.064 * 100 changes in 300 seconds. Saving...
6490:M 24 Mar 2025 06:05:54.066 * Background saving started by pid 6947
6947:C 24 Mar 2025 06:05:54.089 * DB saved on disk
6947:C 24 Mar 2025 06:05:54.090 * Fork CoW for RDB: current 0 MB, peak 0 MB, average 0 MB
6490:M 24 Mar 2025 06:05:54.167 * Background saving terminated with success
6490:M 24 Mar 2025 06:10:55.043 * 100 changes in 300 seconds. Saving...
6490:M 24 Mar 2025 06:10:55.045 * Background saving started by pid 6970
6970:C 24 Mar 2025 06:10:55.067 * DB saved on disk
6970:C 24 Mar 2025 06:10:55.068 * Fork CoW for RDB: current 0 MB, peak 0 MB, average 0 MB
6490:M 24 Mar 2025 06:10:55.147 * Background saving terminated with success
6490:M 24 Mar 2025 06:15:56.090 * 100 changes in 300 seconds. Saving...
6490:M 24 Mar 2025 06:15:56.091 * Background saving started by pid 6985
6985:C 24 Mar 2025 06:15:56.115 * DB saved on disk
6985:C 24 Mar 2025 06:15:56.117 * Fork CoW for RDB: current 0 MB, peak 0 MB, average 0 MB
6490:M 24 Mar 2025 06:15:56.192 * Background saving terminated with success
427:C 24 Mar 2025 06:33:54.330 # oO0OoO0OoO0Oo Redis is starting oO0OoO0OoO0Oo
427:C 24 Mar 2025 06:33:54.330 # Redis version=7.0.15, bits=64, commit=00000000, modified=0, pid=427, just started
427:C 24 Mar 2025 06:33:54.330 # Configuration loaded
427:M 24 Mar 2025 06:33:54.331 * Increased maximum number of open files to 10032 (it was originally set to 1024).
427:M 24 Mar 2025 06:33:54.331 * monotonic clock: POSIX clock_gettime
427:M 24 Mar 2025 06:33:54.342 * Running mode=standalone, port=11000.
427:M 24 Mar 2025 06:33:54.342 # Server initialized
427:M 24 Mar 2025 06:33:54.342 # WARNING Memory overcommit must be enabled! Without it, a background save or replication may fail under low memory condition. Being disabled, it can can also cause failures without low memory condition, see https://github.com/jemalloc/jemalloc/issues/1328. To fix this issue add 'vm.overcommit_memory = 1' to /etc/sysctl.conf and then reboot or run the command 'sysctl vm.overcommit_memory=1' for this to take effect.
427:M 24 Mar 2025 06:33:54.356 * Loading RDB produced by version 7.0.15
427:M 24 Mar 2025 06:33:54.356 * RDB age 1078 seconds
427:M 24 Mar 2025 06:33:54.356 * RDB memory usage when created 1.61 Mb
427:M 24 Mar 2025 06:33:54.358 * Done loading RDB, keys loaded: 19, keys expired: 14.
427:M 24 Mar 2025 06:33:54.358 * DB loaded from disk: 0.007 seconds
427:M 24 Mar 2025 06:33:54.358 * Ready to accept connections
427:M 24 Mar 2025 06:38:55.088 * 100 changes in 300 seconds. Saving...
427:M 24 Mar 2025 06:38:55.089 * Background saving started by pid 642
642:C 24 Mar 2025 06:38:55.147 * DB saved on disk
642:C 24 Mar 2025 06:38:55.148 * Fork CoW for RDB: current 0 MB, peak 0 MB, average 0 MB
427:M 24 Mar 2025 06:38:55.189 * Background saving terminated with success
427:M 24 Mar 2025 06:43:56.011 * 100 changes in 300 seconds. Saving...
427:M 24 Mar 2025 06:43:56.012 * Background saving started by pid 658
658:C 24 Mar 2025 06:43:56.063 * DB saved on disk
658:C 24 Mar 2025 06:43:56.063 * Fork CoW for RDB: current 0 MB, peak 0 MB, average 0 MB
427:M 24 Mar 2025 06:43:56.113 * Background saving terminated with success
427:M 24 Mar 2025 06:48:57.079 * 100 changes in 300 seconds. Saving...
427:M 24 Mar 2025 06:48:57.080 * Background saving started by pid 679
679:C 24 Mar 2025 06:48:57.106 * DB saved on disk
679:C 24 Mar 2025 06:48:57.108 * Fork CoW for RDB: current 0 MB, peak 0 MB, average 0 MB
427:M 24 Mar 2025 06:48:57.180 * Background saving terminated with success
427:M 24 Mar 2025 06:53:58.009 * 100 changes in 300 seconds. Saving...
427:M 24 Mar 2025 06:53:58.011 * Background saving started by pid 697
697:C 24 Mar 2025 06:53:58.073 * DB saved on disk
697:C 24 Mar 2025 06:53:58.075 * Fork CoW for RDB: current 0 MB, peak 0 MB, average 0 MB
427:M 24 Mar 2025 06:53:58.112 * Background saving terminated with success
427:M 24 Mar 2025 08:06:54.581 * 1 changes in 3600 seconds. Saving...
427:M 24 Mar 2025 08:06:54.582 * Background saving started by pid 712
712:C 24 Mar 2025 08:06:54.919 * DB saved on disk
712:C 24 Mar 2025 08:06:54.920 * Fork CoW for RDB: current 1 MB, peak 1 MB, average 0 MB
427:M 24 Mar 2025 08:06:54.985 * Background saving terminated with success
427:M 24 Mar 2025 08:11:55.060 * 100 changes in 300 seconds. Saving...
427:M 24 Mar 2025 08:11:55.061 * Background saving started by pid 765
765:C 24 Mar 2025 08:11:55.207 * DB saved on disk
765:C 24 Mar 2025 08:11:55.208 * Fork CoW for RDB: current 0 MB, peak 0 MB, average 0 MB
427:M 24 Mar 2025 08:11:55.263 * Background saving terminated with success
427:M 24 Mar 2025 08:16:56.045 * 100 changes in 300 seconds. Saving...
427:M 24 Mar 2025 08:16:56.047 * Background saving started by pid 814
814:C 24 Mar 2025 08:16:56.086 * DB saved on disk
814:C 24 Mar 2025 08:16:56.089 * Fork CoW for RDB: current 0 MB, peak 0 MB, average 0 MB
427:M 24 Mar 2025 08:16:56.148 * Background saving terminated with success
427:M 24 Mar 2025 08:21:57.091 * 100 changes in 300 seconds. Saving...
427:M 24 Mar 2025 08:21:57.093 * Background saving started by pid 835
835:C 24 Mar 2025 08:21:57.134 * DB saved on disk
835:C 24 Mar 2025 08:21:57.137 * Fork CoW for RDB: current 0 MB, peak 0 MB, average 0 MB
427:M 24 Mar 2025 08:21:57.194 * Background saving terminated with success
427:M 24 Mar 2025 08:26:58.018 * 100 changes in 300 seconds. Saving...
427:M 24 Mar 2025 08:26:58.019 * Background saving started by pid 857
857:C 24 Mar 2025 08:26:58.045 * DB saved on disk
857:C 24 Mar 2025 08:26:58.047 * Fork CoW for RDB: current 0 MB, peak 0 MB, average 0 MB
427:M 24 Mar 2025 08:26:58.120 * Background saving terminated with success
427:M 24 Mar 2025 08:31:59.084 * 100 changes in 300 seconds. Saving...
427:M 24 Mar 2025 08:31:59.100 * Background saving started by pid 894
894:C 24 Mar 2025 08:31:59.136 * DB saved on disk
894:C 24 Mar 2025 08:31:59.138 * Fork CoW for RDB: current 0 MB, peak 0 MB, average 0 MB
427:M 24 Mar 2025 08:31:59.201 * Background saving terminated with success
427:M 24 Mar 2025 08:37:00.034 * 100 changes in 300 seconds. Saving...
427:M 24 Mar 2025 08:37:00.036 * Background saving started by pid 911
911:C 24 Mar 2025 08:37:00.052 * DB saved on disk
911:C 24 Mar 2025 08:37:00.053 * Fork CoW for RDB: current 0 MB, peak 0 MB, average 0 MB
427:M 24 Mar 2025 08:37:00.137 * Background saving terminated with success
427:M 24 Mar 2025 08:42:01.100 * 100 changes in 300 seconds. Saving...
427:M 24 Mar 2025 08:42:01.102 * Background saving started by pid 929
929:C 24 Mar 2025 08:42:01.127 * DB saved on disk
929:C 24 Mar 2025 08:42:01.130 * Fork CoW for RDB: current 0 MB, peak 0 MB, average 0 MB
427:M 24 Mar 2025 08:42:01.203 * Background saving terminated with success
427:M 24 Mar 2025 08:47:02.015 * 100 changes in 300 seconds. Saving...
427:M 24 Mar 2025 08:47:02.016 * Background saving started by pid 946
946:C 24 Mar 2025 08:47:02.032 * DB saved on disk
946:C 24 Mar 2025 08:47:02.032 * Fork CoW for RDB: current 0 MB, peak 0 MB, average 0 MB
427:M 24 Mar 2025 08:47:02.116 * Background saving terminated with success
427:M 24 Mar 2025 08:52:03.101 * 100 changes in 300 seconds. Saving...
427:M 24 Mar 2025 08:52:03.131 * Background saving started by pid 970
970:C 24 Mar 2025 08:52:03.277 * DB saved on disk
970:C 24 Mar 2025 08:52:03.278 * Fork CoW for RDB: current 0 MB, peak 0 MB, average 0 MB
427:M 24 Mar 2025 08:52:03.332 * Background saving terminated with success
427:M 24 Mar 2025 08:57:04.022 * 100 changes in 300 seconds. Saving...
427:M 24 Mar 2025 08:57:04.024 * Background saving started by pid 989
989:C 24 Mar 2025 08:57:04.046 * DB saved on disk
989:C 24 Mar 2025 08:57:04.048 * Fork CoW for RDB: current 0 MB, peak 0 MB, average 0 MB
427:M 24 Mar 2025 08:57:04.124 * Background saving terminated with success
427:M 24 Mar 2025 09:02:05.475 * 100 changes in 300 seconds. Saving...
427:M 24 Mar 2025 09:02:05.477 * Background saving started by pid 1016
1016:C 24 Mar 2025 09:02:05.500 * DB saved on disk
1016:C 24 Mar 2025 09:02:05.501 * Fork CoW for RDB: current 0 MB, peak 0 MB, average 0 MB
427:M 24 Mar 2025 09:02:05.578 * Background saving terminated with success
427:M 24 Mar 2025 09:07:06.013 * 100 changes in 300 seconds. Saving...
427:M 24 Mar 2025 09:07:06.015 * Background saving started by pid 1039
1039:C 24 Mar 2025 09:07:06.042 * DB saved on disk
1039:C 24 Mar 2025 09:07:06.043 * Fork CoW for RDB: current 0 MB, peak 0 MB, average 0 MB
427:M 24 Mar 2025 09:07:06.115 * Background saving terminated with success
427:M 24 Mar 2025 09:12:07.031 * 100 changes in 300 seconds. Saving...
427:M 24 Mar 2025 09:12:07.032 * Background saving started by pid 1065
1065:C 24 Mar 2025 09:12:07.048 * DB saved on disk
1065:C 24 Mar 2025 09:12:07.048 * Fork CoW for RDB: current 0 MB, peak 0 MB, average 0 MB
427:M 24 Mar 2025 09:12:07.132 * Background saving terminated with success
427:M 24 Mar 2025 09:17:08.095 * 100 changes in 300 seconds. Saving...
427:M 24 Mar 2025 09:17:08.097 * Background saving started by pid 1090
1090:C 24 Mar 2025 09:17:08.177 * DB saved on disk
1090:C 24 Mar 2025 09:17:08.178 * Fork CoW for RDB: current 0 MB, peak 0 MB, average 0 MB
427:M 24 Mar 2025 09:17:08.197 * Background saving terminated with success
427:M 24 Mar 2025 09:22:09.063 * 100 changes in 300 seconds. Saving...
427:M 24 Mar 2025 09:22:09.066 * Background saving started by pid 1108
1108:C 24 Mar 2025 09:22:09.086 * DB saved on disk
1108:C 24 Mar 2025 09:22:09.086 * Fork CoW for RDB: current 0 MB, peak 0 MB, average 0 MB
427:M 24 Mar 2025 09:22:09.167 * Background saving terminated with success
427:M 24 Mar 2025 09:27:10.007 * 100 changes in 300 seconds. Saving...
427:M 24 Mar 2025 09:27:10.008 * Background saving started by pid 1136
1136:C 24 Mar 2025 09:27:10.025 * DB saved on disk
1136:C 24 Mar 2025 09:27:10.026 * Fork CoW for RDB: current 0 MB, peak 0 MB, average 0 MB
427:M 24 Mar 2025 09:27:10.109 * Background saving terminated with success
427:M 24 Mar 2025 09:32:11.026 * 100 changes in 300 seconds. Saving...
427:M 24 Mar 2025 09:32:11.027 * Background saving started by pid 1176
1176:C 24 Mar 2025 09:32:11.057 * DB saved on disk
1176:C 24 Mar 2025 09:32:11.057 * Fork CoW for RDB: current 0 MB, peak 0 MB, average 0 MB
427:M 24 Mar 2025 09:32:11.127 * Background saving terminated with success
427:M 24 Mar 2025 10:59:57.524 * 1 changes in 3600 seconds. Saving...
427:M 24 Mar 2025 10:59:57.525 * Background saving started by pid 1198
1198:C 24 Mar 2025 10:59:58.024 * DB saved on disk
1198:C 24 Mar 2025 10:59:58.024 * Fork CoW for RDB: current 1 MB, peak 1 MB, average 0 MB
427:M 24 Mar 2025 10:59:58.142 * Background saving terminated with success
427:M 24 Mar 2025 11:23:37.532 * 100 changes in 300 seconds. Saving...
427:M 24 Mar 2025 11:23:37.710 * Background saving started by pid 1243
1243:C 24 Mar 2025 11:23:38.533 * DB saved on disk
1243:C 24 Mar 2025 11:23:38.534 * Fork CoW for RDB: current 0 MB, peak 0 MB, average 0 MB
427:M 24 Mar 2025 11:23:38.549 * Background saving terminated with success
445:C 25 Mar 2025 04:00:12.212 # oO0OoO0OoO0Oo Redis is starting oO0OoO0OoO0Oo
445:C 25 Mar 2025 04:00:12.212 # Redis version=7.0.15, bits=64, commit=00000000, modified=0, pid=445, just started
445:C 25 Mar 2025 04:00:12.212 # Configuration loaded
445:M 25 Mar 2025 04:00:12.212 * Increased maximum number of open files to 10032 (it was originally set to 1024).
445:M 25 Mar 2025 04:00:12.212 * monotonic clock: POSIX clock_gettime
445:M 25 Mar 2025 04:00:12.221 * Running mode=standalone, port=11000.
445:M 25 Mar 2025 04:00:12.221 # Server initialized
445:M 25 Mar 2025 04:00:12.221 # WARNING Memory overcommit must be enabled! Without it, a background save or replication may fail under low memory condition. Being disabled, it can can also cause failures without low memory condition, see https://github.com/jemalloc/jemalloc/issues/1328. To fix this issue add 'vm.overcommit_memory = 1' to /etc/sysctl.conf and then reboot or run the command 'sysctl vm.overcommit_memory=1' for this to take effect.
445:M 25 Mar 2025 04:00:12.226 * Loading RDB produced by version 7.0.15
445:M 25 Mar 2025 04:00:12.227 * RDB age 59795 seconds
445:M 25 Mar 2025 04:00:12.227 * RDB memory usage when created 1.67 Mb
445:M 25 Mar 2025 04:00:12.237 * Done loading RDB, keys loaded: 23, keys expired: 0.
445:M 25 Mar 2025 04:00:12.237 * DB loaded from disk: 0.016 seconds
445:M 25 Mar 2025 04:00:12.237 * Ready to accept connections
445:M 25 Mar 2025 04:05:13.090 * 100 changes in 300 seconds. Saving...
445:M 25 Mar 2025 04:05:13.100 * Background saving started by pid 826
826:C 25 Mar 2025 04:05:13.123 * DB saved on disk
826:C 25 Mar 2025 04:05:13.124 * Fork CoW for RDB: current 0 MB, peak 0 MB, average 0 MB
445:M 25 Mar 2025 04:05:13.202 * Background saving terminated with success
445:M 25 Mar 2025 04:10:14.085 * 100 changes in 300 seconds. Saving...
445:M 25 Mar 2025 04:10:14.086 * Background saving started by pid 1851
1851:C 25 Mar 2025 04:10:14.102 * DB saved on disk
1851:C 25 Mar 2025 04:10:14.103 * Fork CoW for RDB: current 0 MB, peak 0 MB, average 0 MB
445:M 25 Mar 2025 04:10:14.186 * Background saving terminated with success
445:M 25 Mar 2025 04:15:15.089 * 100 changes in 300 seconds. Saving...
445:M 25 Mar 2025 04:15:15.090 * Background saving started by pid 1952
1952:C 25 Mar 2025 04:15:15.149 * DB saved on disk
1952:C 25 Mar 2025 04:15:15.152 * Fork CoW for RDB: current 0 MB, peak 0 MB, average 0 MB
445:M 25 Mar 2025 04:15:15.191 * Background saving terminated with success
445:M 25 Mar 2025 04:20:16.047 * 100 changes in 300 seconds. Saving...
445:M 25 Mar 2025 04:20:16.048 * Background saving started by pid 2424
2424:C 25 Mar 2025 04:20:16.071 * DB saved on disk
2424:C 25 Mar 2025 04:20:16.073 * Fork CoW for RDB: current 0 MB, peak 0 MB, average 0 MB
445:M 25 Mar 2025 04:20:16.149 * Background saving terminated with success
445:M 25 Mar 2025 04:25:17.026 * 100 changes in 300 seconds. Saving...
445:M 25 Mar 2025 04:25:17.027 * Background saving started by pid 2690
2690:C 25 Mar 2025 04:25:17.051 * DB saved on disk
2690:C 25 Mar 2025 04:25:17.053 * Fork CoW for RDB: current 0 MB, peak 0 MB, average 0 MB
445:M 25 Mar 2025 04:25:17.128 * Background saving terminated with success
445:M 25 Mar 2025 04:30:18.033 * 100 changes in 300 seconds. Saving...
445:M 25 Mar 2025 04:30:18.035 * Background saving started by pid 2735
2735:C 25 Mar 2025 04:30:18.063 * DB saved on disk
2735:C 25 Mar 2025 04:30:18.065 * Fork CoW for RDB: current 0 MB, peak 0 MB, average 0 MB
445:M 25 Mar 2025 04:30:18.136 * Background saving terminated with success
445:M 25 Mar 2025 04:35:19.000 * 100 changes in 300 seconds. Saving...
445:M 25 Mar 2025 04:35:19.004 * Background saving started by pid 2787
2787:C 25 Mar 2025 04:35:19.018 * DB saved on disk
2787:C 25 Mar 2025 04:35:19.019 * Fork CoW for RDB: current 0 MB, peak 0 MB, average 0 MB
445:M 25 Mar 2025 04:35:19.106 * Background saving terminated with success
445:M 25 Mar 2025 04:40:20.053 * 100 changes in 300 seconds. Saving...
445:M 25 Mar 2025 04:40:20.059 * Background saving started by pid 2856
2856:C 25 Mar 2025 04:40:20.091 * DB saved on disk
2856:C 25 Mar 2025 04:40:20.092 * Fork CoW for RDB: current 0 MB, peak 0 MB, average 0 MB
445:M 25 Mar 2025 04:40:20.161 * Background saving terminated with success
445:M 25 Mar 2025 04:45:21.000 * 100 changes in 300 seconds. Saving...
445:M 25 Mar 2025 04:45:21.002 * Background saving started by pid 3430
3430:C 25 Mar 2025 04:45:21.033 * DB saved on disk
3430:C 25 Mar 2025 04:45:21.036 * Fork CoW for RDB: current 0 MB, peak 0 MB, average 0 MB
445:M 25 Mar 2025 04:45:21.103 * Background saving terminated with success
445:M 25 Mar 2025 04:50:22.047 * 100 changes in 300 seconds. Saving...
445:M 25 Mar 2025 04:50:22.049 * Background saving started by pid 3754
3754:C 25 Mar 2025 04:50:22.071 * DB saved on disk
3754:C 25 Mar 2025 04:50:22.073 * Fork CoW for RDB: current 0 MB, peak 0 MB, average 0 MB
445:M 25 Mar 2025 04:50:22.151 * Background saving terminated with success
445:M 25 Mar 2025 04:55:23.001 * 100 changes in 300 seconds. Saving...
445:M 25 Mar 2025 04:55:23.003 * Background saving started by pid 3868
3868:C 25 Mar 2025 04:55:23.026 * DB saved on disk
3868:C 25 Mar 2025 04:55:23.029 * Fork CoW for RDB: current 0 MB, peak 0 MB, average 0 MB
445:M 25 Mar 2025 04:55:23.104 * Background saving terminated with success
445:M 25 Mar 2025 05:00:24.078 * 100 changes in 300 seconds. Saving...
445:M 25 Mar 2025 05:00:24.078 * Background saving started by pid 4783
4783:C 25 Mar 2025 05:00:24.088 * DB saved on disk
4783:C 25 Mar 2025 05:00:24.089 * Fork CoW for RDB: current 0 MB, peak 0 MB, average 0 MB
445:M 25 Mar 2025 05:00:24.179 * Background saving terminated with success
624:C 26 Mar 2025 03:43:23.145 # oO0OoO0OoO0Oo Redis is starting oO0OoO0OoO0Oo
624:C 26 Mar 2025 03:43:23.145 # Redis version=7.0.15, bits=64, commit=00000000, modified=0, pid=624, just started
624:C 26 Mar 2025 03:43:23.145 # Configuration loaded
624:M 26 Mar 2025 03:43:23.146 * Increased maximum number of open files to 10032 (it was originally set to 1024).
624:M 26 Mar 2025 03:43:23.146 * monotonic clock: POSIX clock_gettime
624:M 26 Mar 2025 03:43:23.163 * Running mode=standalone, port=11000.
624:M 26 Mar 2025 03:43:23.163 # Server initialized
624:M 26 Mar 2025 03:43:23.163 # WARNING Memory overcommit must be enabled! Without it, a background save or replication may fail under low memory condition. Being disabled, it can can also cause failures without low memory condition, see https://github.com/jemalloc/jemalloc/issues/1328. To fix this issue add 'vm.overcommit_memory = 1' to /etc/sysctl.conf and then reboot or run the command 'sysctl vm.overcommit_memory=1' for this to take effect.
624:M 26 Mar 2025 03:43:23.197 * Loading RDB produced by version 7.0.15
624:M 26 Mar 2025 03:43:23.197 * RDB age 81779 seconds
624:M 26 Mar 2025 03:43:23.197 * RDB memory usage when created 1.68 Mb
624:M 26 Mar 2025 03:43:23.220 * Done loading RDB, keys loaded: 19, keys expired: 14.
624:M 26 Mar 2025 03:43:23.220 * DB loaded from disk: 0.033 seconds
624:M 26 Mar 2025 03:43:23.220 * Ready to accept connections
624:M 26 Mar 2025 03:48:24.051 * 100 changes in 300 seconds. Saving...
624:M 26 Mar 2025 03:48:24.062 * Background saving started by pid 1196
1196:C 26 Mar 2025 03:48:24.077 * DB saved on disk
1196:C 26 Mar 2025 03:48:24.078 * Fork CoW for RDB: current 0 MB, peak 0 MB, average 0 MB
624:M 26 Mar 2025 03:48:24.163 * Background saving terminated with success
624:M 26 Mar 2025 03:53:25.042 * 100 changes in 300 seconds. Saving...
624:M 26 Mar 2025 03:53:25.048 * Background saving started by pid 1298
1298:C 26 Mar 2025 03:53:25.070 * DB saved on disk
1298:C 26 Mar 2025 03:53:25.070 * Fork CoW for RDB: current 0 MB, peak 0 MB, average 0 MB
624:M 26 Mar 2025 03:53:25.149 * Background saving terminated with success
624:M 26 Mar 2025 03:58:26.083 * 100 changes in 300 seconds. Saving...
624:M 26 Mar 2025 03:58:26.088 * Background saving started by pid 1506
1506:C 26 Mar 2025 03:58:26.107 * DB saved on disk
1506:C 26 Mar 2025 03:58:26.109 * Fork CoW for RDB: current 0 MB, peak 0 MB, average 0 MB
624:M 26 Mar 2025 03:58:26.189 * Background saving terminated with success
624:M 26 Mar 2025 04:03:27.077 * 100 changes in 300 seconds. Saving...
624:M 26 Mar 2025 04:03:27.077 * Background saving started by pid 1755
1755:C 26 Mar 2025 04:03:27.090 * DB saved on disk
1755:C 26 Mar 2025 04:03:27.091 * Fork CoW for RDB: current 0 MB, peak 0 MB, average 0 MB
624:M 26 Mar 2025 04:03:27.178 * Background saving terminated with success
624:M 26 Mar 2025 04:08:28.038 * 100 changes in 300 seconds. Saving...
624:M 26 Mar 2025 04:08:28.039 * Background saving started by pid 1832
1832:C 26 Mar 2025 04:08:28.050 * DB saved on disk
1832:C 26 Mar 2025 04:08:28.051 * Fork CoW for RDB: current 0 MB, peak 0 MB, average 0 MB
624:M 26 Mar 2025 04:08:28.140 * Background saving terminated with success
624:M 26 Mar 2025 04:13:29.039 * 100 changes in 300 seconds. Saving...
624:M 26 Mar 2025 04:13:29.041 * Background saving started by pid 1966
1966:C 26 Mar 2025 04:13:29.063 * DB saved on disk
1966:C 26 Mar 2025 04:13:29.066 * Fork CoW for RDB: current 0 MB, peak 0 MB, average 0 MB
624:M 26 Mar 2025 04:13:29.141 * Background saving terminated with success
624:M 26 Mar 2025 04:18:30.041 * 100 changes in 300 seconds. Saving...
624:M 26 Mar 2025 04:18:30.042 * Background saving started by pid 2148
2148:C 26 Mar 2025 04:18:30.052 * DB saved on disk
2148:C 26 Mar 2025 04:18:30.053 * Fork CoW for RDB: current 0 MB, peak 0 MB, average 0 MB
624:M 26 Mar 2025 04:18:30.143 * Background saving terminated with success
624:M 26 Mar 2025 04:23:32.233 * 100 changes in 300 seconds. Saving...
624:M 26 Mar 2025 04:23:32.235 * Background saving started by pid 2495
2495:C 26 Mar 2025 04:23:32.295 * DB saved on disk
2495:C 26 Mar 2025 04:23:32.298 * Fork CoW for RDB: current 0 MB, peak 0 MB, average 0 MB
624:M 26 Mar 2025 04:23:32.336 * Background saving terminated with success
624:M 26 Mar 2025 04:28:33.000 * 100 changes in 300 seconds. Saving...
624:M 26 Mar 2025 04:28:33.001 * Background saving started by pid 2686
2686:C 26 Mar 2025 04:28:33.013 * DB saved on disk
2686:C 26 Mar 2025 04:28:33.013 * Fork CoW for RDB: current 0 MB, peak 0 MB, average 0 MB
624:M 26 Mar 2025 04:28:33.102 * Background saving terminated with success
624:M 26 Mar 2025 04:33:34.097 * 100 changes in 300 seconds. Saving...
624:M 26 Mar 2025 04:33:34.097 * Background saving started by pid 3071
3071:C 26 Mar 2025 04:33:34.109 * DB saved on disk
3071:C 26 Mar 2025 04:33:34.110 * Fork CoW for RDB: current 0 MB, peak 0 MB, average 0 MB
624:M 26 Mar 2025 04:33:34.198 * Background saving terminated with success
624:M 26 Mar 2025 04:38:37.223 * 100 changes in 300 seconds. Saving...
624:M 26 Mar 2025 04:38:37.224 * Background saving started by pid 3411
3411:C 26 Mar 2025 04:38:37.252 * DB saved on disk
3411:C 26 Mar 2025 04:38:37.254 * Fork CoW for RDB: current 0 MB, peak 0 MB, average 0 MB
624:M 26 Mar 2025 04:38:37.325 * Background saving terminated with success
624:M 26 Mar 2025 04:43:38.100 * 100 changes in 300 seconds. Saving...
624:M 26 Mar 2025 04:43:38.104 * Background saving started by pid 3666
3666:C 26 Mar 2025 04:43:38.153 * DB saved on disk
3666:C 26 Mar 2025 04:43:38.154 * Fork CoW for RDB: current 0 MB, peak 0 MB, average 0 MB
624:M 26 Mar 2025 04:43:38.206 * Background saving terminated with success
624:signal-handler (1742964445) Received SIGTERM scheduling shutdown...
624:M 26 Mar 2025 04:47:25.295 # User requested shutdown...
624:M 26 Mar 2025 04:47:25.296 * Saving the final RDB snapshot before exiting.
624:M 26 Mar 2025 04:47:25.388 * DB saved on disk
624:M 26 Mar 2025 04:47:25.388 * Removing the pid file.
624:M 26 Mar 2025 04:47:25.389 # Redis is now ready to exit, bye bye...
3913:C 26 Mar 2025 04:47:26.752 # oO0OoO0OoO0Oo Redis is starting oO0OoO0OoO0Oo
3913:C 26 Mar 2025 04:47:26.752 # Redis version=7.0.15, bits=64, commit=00000000, modified=0, pid=3913, just started
3913:C 26 Mar 2025 04:47:26.752 # Configuration loaded
3913:M 26 Mar 2025 04:47:26.773 * Increased maximum number of open files to 10032 (it was originally set to 1024).
3913:M 26 Mar 2025 04:47:26.793 * monotonic clock: POSIX clock_gettime
3913:M 26 Mar 2025 04:47:26.796 * Running mode=standalone, port=11000.
3913:M 26 Mar 2025 04:47:26.797 # Server initialized
3913:M 26 Mar 2025 04:47:26.797 # WARNING Memory overcommit must be enabled! Without it, a background save or replication may fail under low memory condition. Being disabled, it can can also cause failures without low memory condition, see https://github.com/jemalloc/jemalloc/issues/1328. To fix this issue add 'vm.overcommit_memory = 1' to /etc/sysctl.conf and then reboot or run the command 'sysctl vm.overcommit_memory=1' for this to take effect.
3913:M 26 Mar 2025 04:47:26.799 * Loading RDB produced by version 7.0.15
3913:M 26 Mar 2025 04:47:26.799 * RDB age 1 seconds
3913:M 26 Mar 2025 04:47:26.799 * RDB memory usage when created 1.76 Mb
3913:M 26 Mar 2025 04:47:26.801 * Done loading RDB, keys loaded: 40, keys expired: 0.
3913:M 26 Mar 2025 04:47:26.801 * DB loaded from disk: 0.003 seconds
3913:M 26 Mar 2025 04:47:26.802 * Ready to accept connections
3913:M 26 Mar 2025 04:52:27.099 * 100 changes in 300 seconds. Saving...
3913:M 26 Mar 2025 04:52:27.099 * Background saving started by pid 4144
4144:C 26 Mar 2025 04:52:27.111 * DB saved on disk
4144:C 26 Mar 2025 04:52:27.112 * Fork CoW for RDB: current 0 MB, peak 0 MB, average 0 MB
3913:M 26 Mar 2025 04:52:27.200 * Background saving terminated with success
3913:M 26 Mar 2025 04:57:28.084 * 100 changes in 300 seconds. Saving...
3913:M 26 Mar 2025 04:57:28.086 * Background saving started by pid 4332
4332:C 26 Mar 2025 04:57:28.104 * DB saved on disk
4332:C 26 Mar 2025 04:57:28.106 * Fork CoW for RDB: current 0 MB, peak 0 MB, average 0 MB
3913:M 26 Mar 2025 04:57:28.187 * Background saving terminated with success
3913:M 26 Mar 2025 05:02:29.080 * 100 changes in 300 seconds. Saving...
3913:M 26 Mar 2025 05:02:29.271 * Background saving started by pid 4457
4457:C 26 Mar 2025 05:02:29.298 * DB saved on disk
4457:C 26 Mar 2025 05:02:29.309 * Fork CoW for RDB: current 0 MB, peak 0 MB, average 0 MB
3913:M 26 Mar 2025 05:02:29.372 * Background saving terminated with success
3913:M 26 Mar 2025 05:07:30.052 * 100 changes in 300 seconds. Saving...
3913:M 26 Mar 2025 05:07:30.054 * Background saving started by pid 4484
4484:C 26 Mar 2025 05:07:30.080 * DB saved on disk
4484:C 26 Mar 2025 05:07:30.083 * Fork CoW for RDB: current 0 MB, peak 0 MB, average 0 MB
3913:M 26 Mar 2025 05:07:30.155 * Background saving terminated with success
3913:M 26 Mar 2025 05:12:31.005 * 100 changes in 300 seconds. Saving...
3913:M 26 Mar 2025 05:12:31.007 * Background saving started by pid 4519
4519:C 26 Mar 2025 05:12:31.021 * DB saved on disk
4519:C 26 Mar 2025 05:12:31.022 * Fork CoW for RDB: current 0 MB, peak 0 MB, average 0 MB
3913:M 26 Mar 2025 05:12:31.108 * Background saving terminated with success
3913:M 26 Mar 2025 05:17:32.039 * 100 changes in 300 seconds. Saving...
3913:M 26 Mar 2025 05:17:32.072 * Background saving started by pid 4573
4573:C 26 Mar 2025 05:17:32.123 * DB saved on disk
4573:C 26 Mar 2025 05:17:32.124 * Fork CoW for RDB: current 0 MB, peak 0 MB, average 0 MB
3913:M 26 Mar 2025 05:17:32.178 * Background saving terminated with success
3913:M 26 Mar 2025 05:22:33.055 * 100 changes in 300 seconds. Saving...
3913:M 26 Mar 2025 05:22:33.057 * Background saving started by pid 4604
4604:C 26 Mar 2025 05:22:33.081 * DB saved on disk
4604:C 26 Mar 2025 05:22:33.083 * Fork CoW for RDB: current 0 MB, peak 0 MB, average 0 MB
3913:M 26 Mar 2025 05:22:33.158 * Background saving terminated with success
