Exception in thread Thread-1:
Traceback (most recent call last):
  File "/usr/lib/python3.10/threading.py", line 1016, in _bootstrap_inner
Exception in thread Thread-1:
Traceback (most recent call last):
  File "/usr/lib/python3.10/threading.py", line 1016, in _bootstrap_inner
Traceback (most recent call last):
  File "/home/frapee-pugal/my-frappe-site/env/lib/python3.10/site-packages/redis/connection.py", line 427, in read_from_socket
    bufflen = recv_into(self._sock, self._buffer)
  File "/home/frapee-pugal/my-frappe-site/env/lib/python3.10/site-packages/redis/_compat.py", line 75, in recv_into
    self.run()
  File "/home/frapee-pugal/my-frappe-site/env/lib/python3.10/site-packages/redis/client.py", line 3718, in run
    pubsub.get_message(ignore_subscribe_messages=True,
  File "/home/frapee-pugal/my-frappe-site/env/lib/python3.10/site-packages/redis/client.py", line 3617, in get_message
    response = self.parse_response(block=False, timeout=timeout)
  File "/home/frapee-pugal/my-frappe-site/env/lib/python3.10/site-packages/redis/client.py", line 3503, in parse_response
Traceback (most recent call last):
  File "/home/frapee-pugal/my-frappe-site/env/lib/python3.10/site-packages/redis/connection.py", line 427, in read_from_socket
    if not block and not conn.can_read(timeout=timeout):
  File "/home/frapee-pugal/my-frappe-site/env/lib/python3.10/site-packages/redis/connection.py", line 734, in can_read
    return self._parser.can_read(timeout)
  File "/home/frapee-pugal/my-frappe-site/env/lib/python3.10/site-packages/redis/connection.py", line 416, in can_read
    return self.read_from_socket(timeout=timeout,
  File "/home/frapee-pugal/my-frappe-site/env/lib/python3.10/site-packages/redis/connection.py", line 429, in read_from_socket
    raise ConnectionError(SERVER_CLOSED_CONNECTION_ERROR)
redis.exceptions.ConnectionError: Connection closed by server.
    return sock.recv_into(*args, **kwargs)
ConnectionResetError: [Errno 104] Connection reset by peer

During handling of the above exception, another exception occurred:

Traceback (most recent call last):
  File "/usr/lib/python3.10/runpy.py", line 196, in _run_module_as_main
    return _run_code(code, main_globals, None,
  File "/usr/lib/python3.10/runpy.py", line 86, in _run_code
    exec(code, run_globals)
  File "/home/frapee-pugal/my-frappe-site/apps/frappe/frappe/utils/bench_helper.py", line 109, in <module>
    main()
  File "/home/frapee-pugal/my-frappe-site/apps/frappe/frappe/utils/bench_helper.py", line 18, in main
    click.Group(commands=commands)(prog_name="bench")
  File "/home/frapee-pugal/my-frappe-site/env/lib/python3.10/site-packages/click/core.py", line 829, in __call__
    return self.main(*args, **kwargs)
  File "/home/frapee-pugal/my-frappe-site/env/lib/python3.10/site-packages/click/core.py", line 782, in main
    rv = self.invoke(ctx)
  File "/home/frapee-pugal/my-frappe-site/env/lib/python3.10/site-packages/click/core.py", line 1259, in invoke
    return _process_result(sub_ctx.command.invoke(sub_ctx))
  File "/home/frapee-pugal/my-frappe-site/env/lib/python3.10/site-packages/click/core.py", line 1259, in invoke
    return _process_result(sub_ctx.command.invoke(sub_ctx))
  File "/home/frapee-pugal/my-frappe-site/env/lib/python3.10/site-packages/click/core.py", line 1066, in invoke
    return ctx.invoke(self.callback, **ctx.params)
  File "/home/frapee-pugal/my-frappe-site/env/lib/python3.10/site-packages/click/core.py", line 610, in invoke
    return callback(*args, **kwargs)
  File "/home/frapee-pugal/my-frappe-site/apps/frappe/frappe/commands/scheduler.py", line 200, in start_worker
    self.run()
  File "/home/frapee-pugal/my-frappe-site/env/lib/python3.10/site-packages/redis/client.py", line 3718, in run
    pubsub.get_message(ignore_subscribe_messages=True,
  File "/home/frapee-pugal/my-frappe-site/env/lib/python3.10/site-packages/redis/client.py", line 3617, in get_message
    response = self.parse_response(block=False, timeout=timeout)
  File "/home/frapee-pugal/my-frappe-site/env/lib/python3.10/site-packages/redis/client.py", line 3503, in parse_response
    start_worker(
  File "/home/frapee-pugal/my-frappe-site/apps/frappe/frappe/utils/background_jobs.py", line 266, in start_worker
    worker.work(
  File "/home/frapee-pugal/my-frappe-site/env/lib/python3.10/site-packages/rq/worker.py", line 434, in work
    if not block and not conn.can_read(timeout=timeout):
    self.teardown()
  File "/home/frapee-pugal/my-frappe-site/env/lib/python3.10/site-packages/rq/worker.py", line 988, in teardown
  File "/home/frapee-pugal/my-frappe-site/env/lib/python3.10/site-packages/redis/connection.py", line 734, in can_read
    return self._parser.can_read(timeout)
  File "/home/frapee-pugal/my-frappe-site/env/lib/python3.10/site-packages/redis/connection.py", line 416, in can_read
    return self.read_from_socket(timeout=timeout,
  File "/home/frapee-pugal/my-frappe-site/env/lib/python3.10/site-packages/redis/connection.py", line 429, in read_from_socket
    raise ConnectionError(SERVER_CLOSED_CONNECTION_ERROR)
    self.register_death()
  File "/home/frapee-pugal/my-frappe-site/env/lib/python3.10/site-packages/rq/worker.py", line 774, in register_death
    p.execute()
redis.exceptions.ConnectionError: Connection closed by server.
    bufflen = recv_into(self._sock, self._buffer)
  File "/home/frapee-pugal/my-frappe-site/env/lib/python3.10/site-packages/redis/_compat.py", line 75, in recv_into
    return sock.recv_into(*args, **kwargs)
ConnectionResetError: [Errno 104] Connection reset by peer

During handling of the above exception, another exception occurred:

Traceback (most recent call last):
  File "/usr/lib/python3.10/runpy.py", line 196, in _run_module_as_main
    return _run_code(code, main_globals, None,
  File "/usr/lib/python3.10/runpy.py", line 86, in _run_code
    exec(code, run_globals)
  File "/home/frapee-pugal/my-frappe-site/apps/frappe/frappe/utils/bench_helper.py", line 109, in <module>
    main()
  File "/home/frapee-pugal/my-frappe-site/apps/frappe/frappe/utils/bench_helper.py", line 18, in main
    click.Group(commands=commands)(prog_name="bench")
  File "/home/frapee-pugal/my-frappe-site/env/lib/python3.10/site-packages/click/core.py", line 829, in __call__
    return self.main(*args, **kwargs)
  File "/home/frapee-pugal/my-frappe-site/env/lib/python3.10/site-packages/click/core.py", line 782, in main
    rv = self.invoke(ctx)
  File "/home/frapee-pugal/my-frappe-site/env/lib/python3.10/site-packages/click/core.py", line 1259, in invoke
    return _process_result(sub_ctx.command.invoke(sub_ctx))
  File "/home/frapee-pugal/my-frappe-site/env/lib/python3.10/site-packages/click/core.py", line 1259, in invoke
    return _process_result(sub_ctx.command.invoke(sub_ctx))
  File "/home/frapee-pugal/my-frappe-site/env/lib/python3.10/site-packages/click/core.py", line 1066, in invoke
    return ctx.invoke(self.callback, **ctx.params)
  File "/home/frapee-pugal/my-frappe-site/env/lib/python3.10/site-packages/click/core.py", line 610, in invoke
    return callback(*args, **kwargs)
  File "/home/frapee-pugal/my-frappe-site/apps/frappe/frappe/commands/scheduler.py", line 200, in start_worker
    start_worker(
  File "/home/frapee-pugal/my-frappe-site/apps/frappe/frappe/utils/background_jobs.py", line 266, in start_worker
    worker.work(
  File "/home/frapee-pugal/my-frappe-site/env/lib/python3.10/site-packages/rq/worker.py", line 434, in work
    self.teardown()
  File "/home/frapee-pugal/my-frappe-site/env/lib/python3.10/site-packages/rq/worker.py", line 988, in teardown
    self.register_death()
  File "/home/frapee-pugal/my-frappe-site/env/lib/python3.10/site-packages/rq/worker.py", line 774, in register_death
    p.execute()
  File "/home/frapee-pugal/my-frappe-site/env/lib/python3.10/site-packages/redis/client.py", line 4019, in execute
    return execute(conn, stack, raise_on_error)
  File "/home/frapee-pugal/my-frappe-site/env/lib/python3.10/site-packages/redis/client.py", line 3894, in _execute_transaction
    self.parse_response(connection, '_')
  File "/home/frapee-pugal/my-frappe-site/env/lib/python3.10/site-packages/redis/client.py", line 3977, in parse_response
    result = Redis.parse_response(
  File "/home/frapee-pugal/my-frappe-site/env/lib/python3.10/site-packages/redis/client.py", line 915, in parse_response
    response = connection.read_response()
  File "/home/frapee-pugal/my-frappe-site/env/lib/python3.10/site-packages/redis/connection.py", line 739, in read_response
    response = self._parser.read_response()
  File "/home/frapee-pugal/my-frappe-site/env/lib/python3.10/site-packages/redis/connection.py", line 470, in read_response
    self.read_from_socket()
  File "/home/frapee-pugal/my-frappe-site/env/lib/python3.10/site-packages/redis/connection.py", line 452, in read_from_socket
    raise ConnectionError("Error while reading from socket: %s" %
redis.exceptions.ConnectionError: Error while reading from socket: (104, 'Connection reset by peer')
  File "/home/frapee-pugal/my-frappe-site/env/lib/python3.10/site-packages/redis/client.py", line 4019, in execute
    return execute(conn, stack, raise_on_error)
  File "/home/frapee-pugal/my-frappe-site/env/lib/python3.10/site-packages/redis/client.py", line 3894, in _execute_transaction
    self.parse_response(connection, '_')
  File "/home/frapee-pugal/my-frappe-site/env/lib/python3.10/site-packages/redis/client.py", line 3977, in parse_response
    result = Redis.parse_response(
  File "/home/frapee-pugal/my-frappe-site/env/lib/python3.10/site-packages/redis/client.py", line 915, in parse_response
    response = connection.read_response()
  File "/home/frapee-pugal/my-frappe-site/env/lib/python3.10/site-packages/redis/connection.py", line 739, in read_response
    response = self._parser.read_response()
  File "/home/frapee-pugal/my-frappe-site/env/lib/python3.10/site-packages/redis/connection.py", line 470, in read_response
    self.read_from_socket()
  File "/home/frapee-pugal/my-frappe-site/env/lib/python3.10/site-packages/redis/connection.py", line 452, in read_from_socket
    raise ConnectionError("Error while reading from socket: %s" %
redis.exceptions.ConnectionError: Error while reading from socket: (104, 'Connection reset by peer')
Exception in thread Thread-1:
Traceback (most recent call last):
  File "/usr/lib/python3.10/threading.py", line 1016, in _bootstrap_inner
    self.run()
  File "/home/frapee-pugal/my-frappe-site/env/lib/python3.10/site-packages/redis/client.py", line 3718, in run
Traceback (most recent call last):
  File "/home/frapee-pugal/my-frappe-site/env/lib/python3.10/site-packages/redis/connection.py", line 427, in read_from_socket
    bufflen = recv_into(self._sock, self._buffer)
Exception in thread Thread-1:
Traceback (most recent call last):
  File "/usr/lib/python3.10/threading.py", line 1016, in _bootstrap_inner
    self.run()
  File "/home/frapee-pugal/my-frappe-site/env/lib/python3.10/site-packages/redis/_compat.py", line 75, in recv_into
    return sock.recv_into(*args, **kwargs)
  File "/home/frapee-pugal/my-frappe-site/env/lib/python3.10/site-packages/redis/client.py", line 3718, in run
    pubsub.get_message(ignore_subscribe_messages=True,
ConnectionResetError: [Errno 104] Connection reset by peer

During handling of the above exception, another exception occurred:

Traceback (most recent call last):
  File "/usr/lib/python3.10/runpy.py", line 196, in _run_module_as_main
    return _run_code(code, main_globals, None,
  File "/usr/lib/python3.10/runpy.py", line 86, in _run_code
    exec(code, run_globals)
  File "/home/frapee-pugal/my-frappe-site/apps/frappe/frappe/utils/bench_helper.py", line 109, in <module>
    main()
  File "/home/frapee-pugal/my-frappe-site/env/lib/python3.10/site-packages/redis/client.py", line 3617, in get_message
    response = self.parse_response(block=False, timeout=timeout)
  File "/home/frapee-pugal/my-frappe-site/apps/frappe/frappe/utils/bench_helper.py", line 18, in main
    click.Group(commands=commands)(prog_name="bench")
  File "/home/frapee-pugal/my-frappe-site/env/lib/python3.10/site-packages/click/core.py", line 829, in __call__
    return self.main(*args, **kwargs)
  File "/home/frapee-pugal/my-frappe-site/env/lib/python3.10/site-packages/click/core.py", line 782, in main
    rv = self.invoke(ctx)
  File "/home/frapee-pugal/my-frappe-site/env/lib/python3.10/site-packages/redis/client.py", line 3503, in parse_response
    if not block and not conn.can_read(timeout=timeout):
  File "/home/frapee-pugal/my-frappe-site/env/lib/python3.10/site-packages/click/core.py", line 1259, in invoke
    return _process_result(sub_ctx.command.invoke(sub_ctx))
  File "/home/frapee-pugal/my-frappe-site/env/lib/python3.10/site-packages/click/core.py", line 1259, in invoke
    return _process_result(sub_ctx.command.invoke(sub_ctx))
  File "/home/frapee-pugal/my-frappe-site/env/lib/python3.10/site-packages/redis/connection.py", line 734, in can_read
    return self._parser.can_read(timeout)
  File "/home/frapee-pugal/my-frappe-site/env/lib/python3.10/site-packages/click/core.py", line 1066, in invoke
    return ctx.invoke(self.callback, **ctx.params)
  File "/home/frapee-pugal/my-frappe-site/env/lib/python3.10/site-packages/redis/connection.py", line 416, in can_read
    return self.read_from_socket(timeout=timeout,
  File "/home/frapee-pugal/my-frappe-site/env/lib/python3.10/site-packages/redis/connection.py", line 429, in read_from_socket
    raise ConnectionError(SERVER_CLOSED_CONNECTION_ERROR)
  File "/home/frapee-pugal/my-frappe-site/env/lib/python3.10/site-packages/click/core.py", line 610, in invoke
    return callback(*args, **kwargs)
redis.exceptions.ConnectionError: Connection closed by server.
Traceback (most recent call last):
  File "/home/frapee-pugal/my-frappe-site/env/lib/python3.10/site-packages/redis/connection.py", line 559, in connect
    sock = self._connect()
  File "/home/frapee-pugal/my-frappe-site/env/lib/python3.10/site-packages/redis/connection.py", line 615, in _connect
    raise err
  File "/home/frapee-pugal/my-frappe-site/env/lib/python3.10/site-packages/redis/connection.py", line 603, in _connect
    sock.connect(socket_address)
ConnectionRefusedError: [Errno 111] Connection refused

During handling of the above exception, another exception occurred:

Traceback (most recent call last):
  File "/usr/lib/python3.10/runpy.py", line 196, in _run_module_as_main
    return _run_code(code, main_globals, None,
  File "/usr/lib/python3.10/runpy.py", line 86, in _run_code
    exec(code, run_globals)
  File "/home/frapee-pugal/my-frappe-site/apps/frappe/frappe/utils/bench_helper.py", line 109, in <module>
    main()
  File "/home/frapee-pugal/my-frappe-site/apps/frappe/frappe/utils/bench_helper.py", line 18, in main
    click.Group(commands=commands)(prog_name="bench")
  File "/home/frapee-pugal/my-frappe-site/env/lib/python3.10/site-packages/click/core.py", line 829, in __call__
    return self.main(*args, **kwargs)
  File "/home/frapee-pugal/my-frappe-site/env/lib/python3.10/site-packages/click/core.py", line 782, in main
    rv = self.invoke(ctx)
  File "/home/frapee-pugal/my-frappe-site/env/lib/python3.10/site-packages/click/core.py", line 1259, in invoke
    return _process_result(sub_ctx.command.invoke(sub_ctx))
  File "/home/frapee-pugal/my-frappe-site/env/lib/python3.10/site-packages/click/core.py", line 1259, in invoke
    return _process_result(sub_ctx.command.invoke(sub_ctx))
  File "/home/frapee-pugal/my-frappe-site/env/lib/python3.10/site-packages/click/core.py", line 1066, in invoke
    return ctx.invoke(self.callback, **ctx.params)
  File "/home/frapee-pugal/my-frappe-site/env/lib/python3.10/site-packages/click/core.py", line 610, in invoke
    return callback(*args, **kwargs)
  File "/home/frapee-pugal/my-frappe-site/apps/frappe/frappe/commands/scheduler.py", line 200, in start_worker
    start_worker(
  File "/home/frapee-pugal/my-frappe-site/apps/frappe/frappe/utils/background_jobs.py", line 266, in start_worker
    worker.work(
  File "/home/frapee-pugal/my-frappe-site/env/lib/python3.10/site-packages/rq/worker.py", line 434, in work
    self.teardown()
  File "/home/frapee-pugal/my-frappe-site/env/lib/python3.10/site-packages/rq/worker.py", line 988, in teardown
    self.register_death()
  File "/home/frapee-pugal/my-frappe-site/env/lib/python3.10/site-packages/rq/worker.py", line 774, in register_death
    p.execute()
  File "/home/frapee-pugal/my-frappe-site/env/lib/python3.10/site-packages/redis/client.py", line 4012, in execute
    conn = self.connection_pool.get_connection('MULTI',
  File "/home/frapee-pugal/my-frappe-site/env/lib/python3.10/site-packages/redis/connection.py", line 1192, in get_connection
    connection.connect()
  File "/home/frapee-pugal/my-frappe-site/env/lib/python3.10/site-packages/redis/connection.py", line 563, in connect
    raise ConnectionError(self._error_message(e))
redis.exceptions.ConnectionError: Error 111 connecting to 127.0.0.1:11000. Connection refused.
  File "/home/frapee-pugal/my-frappe-site/apps/frappe/frappe/commands/scheduler.py", line 200, in start_worker
    start_worker(
  File "/home/frapee-pugal/my-frappe-site/apps/frappe/frappe/utils/background_jobs.py", line 266, in start_worker
    worker.work(
  File "/home/frapee-pugal/my-frappe-site/env/lib/python3.10/site-packages/rq/worker.py", line 434, in work
    self.teardown()
  File "/home/frapee-pugal/my-frappe-site/env/lib/python3.10/site-packages/rq/worker.py", line 988, in teardown
    self.register_death()
  File "/home/frapee-pugal/my-frappe-site/env/lib/python3.10/site-packages/rq/worker.py", line 774, in register_death
    p.execute()
  File "/home/frapee-pugal/my-frappe-site/env/lib/python3.10/site-packages/redis/client.py", line 4019, in execute
    return execute(conn, stack, raise_on_error)
  File "/home/frapee-pugal/my-frappe-site/env/lib/python3.10/site-packages/redis/client.py", line 3894, in _execute_transaction
    self.parse_response(connection, '_')
  File "/home/frapee-pugal/my-frappe-site/env/lib/python3.10/site-packages/redis/client.py", line 3977, in parse_response
    result = Redis.parse_response(
  File "/home/frapee-pugal/my-frappe-site/env/lib/python3.10/site-packages/redis/client.py", line 915, in parse_response
    response = connection.read_response()
  File "/home/frapee-pugal/my-frappe-site/env/lib/python3.10/site-packages/redis/connection.py", line 739, in read_response
    response = self._parser.read_response()
  File "/home/frapee-pugal/my-frappe-site/env/lib/python3.10/site-packages/redis/connection.py", line 470, in read_response
    self.read_from_socket()
  File "/home/frapee-pugal/my-frappe-site/env/lib/python3.10/site-packages/redis/connection.py", line 452, in read_from_socket
    raise ConnectionError("Error while reading from socket: %s" %
redis.exceptions.ConnectionError: Error while reading from socket: (104, 'Connection reset by peer')
Exception in thread Thread-1:
Exception in thread Thread-1:
Traceback (most recent call last):
  File "/usr/lib/python3.10/threading.py", line 1016, in _bootstrap_inner
Traceback (most recent call last):
  File "/usr/lib/python3.10/threading.py", line 1016, in _bootstrap_inner
    self.run()
  File "/home/frapee-pugal/my-frappe-site/env/lib/python3.10/site-packages/redis/client.py", line 3718, in run
2025-02-16 11:01:14,651 Could not connect to Redis instance: Connection closed by server. Retrying in 1 seconds...
    pubsub.get_message(ignore_subscribe_messages=True,
  File "/home/frapee-pugal/my-frappe-site/env/lib/python3.10/site-packages/redis/client.py", line 3617, in get_message
    response = self.parse_response(block=False, timeout=timeout)
  File "/home/frapee-pugal/my-frappe-site/env/lib/python3.10/site-packages/redis/client.py", line 3503, in parse_response
    self.run()
  File "/home/frapee-pugal/my-frappe-site/env/lib/python3.10/site-packages/redis/client.py", line 3718, in run
    if not block and not conn.can_read(timeout=timeout):
  File "/home/frapee-pugal/my-frappe-site/env/lib/python3.10/site-packages/redis/connection.py", line 734, in can_read
    pubsub.get_message(ignore_subscribe_messages=True,
  File "/home/frapee-pugal/my-frappe-site/env/lib/python3.10/site-packages/redis/client.py", line 3617, in get_message
    return self._parser.can_read(timeout)
  File "/home/frapee-pugal/my-frappe-site/env/lib/python3.10/site-packages/redis/connection.py", line 416, in can_read
2025-02-16 11:01:14,681 Could not connect to Redis instance: Connection closed by server. Retrying in 1 seconds...
    response = self.parse_response(block=False, timeout=timeout)
  File "/home/frapee-pugal/my-frappe-site/env/lib/python3.10/site-packages/redis/client.py", line 3503, in parse_response
    if not block and not conn.can_read(timeout=timeout):
  File "/home/frapee-pugal/my-frappe-site/env/lib/python3.10/site-packages/redis/connection.py", line 734, in can_read
    return self._parser.can_read(timeout)
  File "/home/frapee-pugal/my-frappe-site/env/lib/python3.10/site-packages/redis/connection.py", line 416, in can_read
    return self.read_from_socket(timeout=timeout,
  File "/home/frapee-pugal/my-frappe-site/env/lib/python3.10/site-packages/redis/connection.py", line 429, in read_from_socket
    return self.read_from_socket(timeout=timeout,
  File "/home/frapee-pugal/my-frappe-site/env/lib/python3.10/site-packages/redis/connection.py", line 429, in read_from_socket
    raise ConnectionError(SERVER_CLOSED_CONNECTION_ERROR)
redis.exceptions.ConnectionError: Connection closed by server.
    raise ConnectionError(SERVER_CLOSED_CONNECTION_ERROR)
redis.exceptions.ConnectionError: Connection closed by server.
Traceback (most recent call last):
  File "/home/frapee-pugal/my-frappe-site/env/lib/python3.10/site-packages/redis/connection.py", line 559, in connect
    sock = self._connect()
  File "/home/frapee-pugal/my-frappe-site/env/lib/python3.10/site-packages/redis/connection.py", line 615, in _connect
    raise err
  File "/home/frapee-pugal/my-frappe-site/env/lib/python3.10/site-packages/redis/connection.py", line 603, in _connect
    sock.connect(socket_address)
ConnectionRefusedError: [Errno 111] Connection refused

During handling of the above exception, another exception occurred:

Traceback (most recent call last):
  File "/usr/lib/python3.10/runpy.py", line 196, in _run_module_as_main
    return _run_code(code, main_globals, None,
  File "/usr/lib/python3.10/runpy.py", line 86, in _run_code
    exec(code, run_globals)
  File "/home/frapee-pugal/my-frappe-site/apps/frappe/frappe/utils/bench_helper.py", line 109, in <module>
    main()
  File "/home/frapee-pugal/my-frappe-site/apps/frappe/frappe/utils/bench_helper.py", line 18, in main
    click.Group(commands=commands)(prog_name="bench")
  File "/home/frapee-pugal/my-frappe-site/env/lib/python3.10/site-packages/click/core.py", line 829, in __call__
    return self.main(*args, **kwargs)
  File "/home/frapee-pugal/my-frappe-site/env/lib/python3.10/site-packages/click/core.py", line 782, in main
    rv = self.invoke(ctx)
  File "/home/frapee-pugal/my-frappe-site/env/lib/python3.10/site-packages/click/core.py", line 1259, in invoke
    return _process_result(sub_ctx.command.invoke(sub_ctx))
  File "/home/frapee-pugal/my-frappe-site/env/lib/python3.10/site-packages/click/core.py", line 1259, in invoke
    return _process_result(sub_ctx.command.invoke(sub_ctx))
  File "/home/frapee-pugal/my-frappe-site/env/lib/python3.10/site-packages/click/core.py", line 1066, in invoke
    return ctx.invoke(self.callback, **ctx.params)
  File "/home/frapee-pugal/my-frappe-site/env/lib/python3.10/site-packages/click/core.py", line 610, in invoke
    return callback(*args, **kwargs)
  File "/home/frapee-pugal/my-frappe-site/apps/frappe/frappe/commands/scheduler.py", line 200, in start_worker
    start_worker(
  File "/home/frapee-pugal/my-frappe-site/apps/frappe/frappe/utils/background_jobs.py", line 266, in start_worker
    worker.work(
  File "/home/frapee-pugal/my-frappe-site/env/lib/python3.10/site-packages/rq/worker.py", line 434, in work
    self.teardown()
  File "/home/frapee-pugal/my-frappe-site/env/lib/python3.10/site-packages/rq/worker.py", line 988, in teardown
    self.register_death()
  File "/home/frapee-pugal/my-frappe-site/env/lib/python3.10/site-packages/rq/worker.py", line 774, in register_death
    p.execute()
  File "/home/frapee-pugal/my-frappe-site/env/lib/python3.10/site-packages/redis/client.py", line 4012, in execute
    conn = self.connection_pool.get_connection('MULTI',
  File "/home/frapee-pugal/my-frappe-site/env/lib/python3.10/site-packages/redis/connection.py", line 1192, in get_connection
    connection.connect()
  File "/home/frapee-pugal/my-frappe-site/env/lib/python3.10/site-packages/redis/connection.py", line 563, in connect
    raise ConnectionError(self._error_message(e))
redis.exceptions.ConnectionError: Error 111 connecting to 127.0.0.1:11000. Connection refused.
2025-02-16 11:22:29,749 Could not connect to Redis instance: Connection closed by server. Retrying in 1 seconds...
Exception in thread Thread-1:
Traceback (most recent call last):
  File "/usr/lib/python3.10/threading.py", line 1016, in _bootstrap_inner
2025-02-16 11:22:29,756 Could not connect to Redis instance: Connection closed by server. Retrying in 1 seconds...
Exception in thread Thread-1:
Traceback (most recent call last):
  File "/usr/lib/python3.10/threading.py", line 1016, in _bootstrap_inner
    self.run()
  File "/home/frapee-pugal/my-frappe-site/env/lib/python3.10/site-packages/redis/client.py", line 3718, in run
    pubsub.get_message(ignore_subscribe_messages=True,
  File "/home/frapee-pugal/my-frappe-site/env/lib/python3.10/site-packages/redis/client.py", line 3617, in get_message
    response = self.parse_response(block=False, timeout=timeout)
  File "/home/frapee-pugal/my-frappe-site/env/lib/python3.10/site-packages/redis/client.py", line 3503, in parse_response
    if not block and not conn.can_read(timeout=timeout):
  File "/home/frapee-pugal/my-frappe-site/env/lib/python3.10/site-packages/redis/connection.py", line 734, in can_read
    return self._parser.can_read(timeout)
  File "/home/frapee-pugal/my-frappe-site/env/lib/python3.10/site-packages/redis/connection.py", line 416, in can_read
    return self.read_from_socket(timeout=timeout,
  File "/home/frapee-pugal/my-frappe-site/env/lib/python3.10/site-packages/redis/connection.py", line 429, in read_from_socket
    raise ConnectionError(SERVER_CLOSED_CONNECTION_ERROR)
redis.exceptions.ConnectionError: Connection closed by server.
    self.run()
  File "/home/frapee-pugal/my-frappe-site/env/lib/python3.10/site-packages/redis/client.py", line 3718, in run
    pubsub.get_message(ignore_subscribe_messages=True,
  File "/home/frapee-pugal/my-frappe-site/env/lib/python3.10/site-packages/redis/client.py", line 3617, in get_message
    response = self.parse_response(block=False, timeout=timeout)
  File "/home/frapee-pugal/my-frappe-site/env/lib/python3.10/site-packages/redis/client.py", line 3503, in parse_response
    if not block and not conn.can_read(timeout=timeout):
  File "/home/frapee-pugal/my-frappe-site/env/lib/python3.10/site-packages/redis/connection.py", line 734, in can_read
Traceback (most recent call last):
    return self._parser.can_read(timeout)
  File "/home/frapee-pugal/my-frappe-site/env/lib/python3.10/site-packages/redis/connection.py", line 416, in can_read
    return self.read_from_socket(timeout=timeout,
  File "/home/frapee-pugal/my-frappe-site/env/lib/python3.10/site-packages/redis/connection.py", line 559, in connect
    sock = self._connect()
  File "/home/frapee-pugal/my-frappe-site/env/lib/python3.10/site-packages/redis/connection.py", line 429, in read_from_socket
    raise ConnectionError(SERVER_CLOSED_CONNECTION_ERROR)
redis.exceptions.ConnectionError: Connection closed by server.
  File "/home/frapee-pugal/my-frappe-site/env/lib/python3.10/site-packages/redis/connection.py", line 615, in _connect
Traceback (most recent call last):
  File "/home/frapee-pugal/my-frappe-site/env/lib/python3.10/site-packages/redis/connection.py", line 559, in connect
    sock = self._connect()
  File "/home/frapee-pugal/my-frappe-site/env/lib/python3.10/site-packages/redis/connection.py", line 615, in _connect
    raise err
  File "/home/frapee-pugal/my-frappe-site/env/lib/python3.10/site-packages/redis/connection.py", line 603, in _connect
    sock.connect(socket_address)
ConnectionRefusedError: [Errno 111] Connection refused

During handling of the above exception, another exception occurred:

Traceback (most recent call last):
  File "/usr/lib/python3.10/runpy.py", line 196, in _run_module_as_main
    return _run_code(code, main_globals, None,
  File "/usr/lib/python3.10/runpy.py", line 86, in _run_code
    exec(code, run_globals)
  File "/home/frapee-pugal/my-frappe-site/apps/frappe/frappe/utils/bench_helper.py", line 109, in <module>
    main()
  File "/home/frapee-pugal/my-frappe-site/apps/frappe/frappe/utils/bench_helper.py", line 18, in main
    click.Group(commands=commands)(prog_name="bench")
  File "/home/frapee-pugal/my-frappe-site/env/lib/python3.10/site-packages/click/core.py", line 829, in __call__
    return self.main(*args, **kwargs)
  File "/home/frapee-pugal/my-frappe-site/env/lib/python3.10/site-packages/click/core.py", line 782, in main
    rv = self.invoke(ctx)
  File "/home/frapee-pugal/my-frappe-site/env/lib/python3.10/site-packages/click/core.py", line 1259, in invoke
    return _process_result(sub_ctx.command.invoke(sub_ctx))
  File "/home/frapee-pugal/my-frappe-site/env/lib/python3.10/site-packages/click/core.py", line 1259, in invoke
    raise err
  File "/home/frapee-pugal/my-frappe-site/env/lib/python3.10/site-packages/redis/connection.py", line 603, in _connect
    sock.connect(socket_address)
ConnectionRefusedError: [Errno 111] Connection refused

During handling of the above exception, another exception occurred:

Traceback (most recent call last):
  File "/usr/lib/python3.10/runpy.py", line 196, in _run_module_as_main
    return _run_code(code, main_globals, None,
  File "/usr/lib/python3.10/runpy.py", line 86, in _run_code
    exec(code, run_globals)
  File "/home/frapee-pugal/my-frappe-site/apps/frappe/frappe/utils/bench_helper.py", line 109, in <module>
    main()
  File "/home/frapee-pugal/my-frappe-site/apps/frappe/frappe/utils/bench_helper.py", line 18, in main
    click.Group(commands=commands)(prog_name="bench")
  File "/home/frapee-pugal/my-frappe-site/env/lib/python3.10/site-packages/click/core.py", line 829, in __call__
    return self.main(*args, **kwargs)
  File "/home/frapee-pugal/my-frappe-site/env/lib/python3.10/site-packages/click/core.py", line 782, in main
    rv = self.invoke(ctx)
  File "/home/frapee-pugal/my-frappe-site/env/lib/python3.10/site-packages/click/core.py", line 1259, in invoke
    return _process_result(sub_ctx.command.invoke(sub_ctx))
  File "/home/frapee-pugal/my-frappe-site/env/lib/python3.10/site-packages/click/core.py", line 1259, in invoke
    return _process_result(sub_ctx.command.invoke(sub_ctx))
  File "/home/frapee-pugal/my-frappe-site/env/lib/python3.10/site-packages/click/core.py", line 1066, in invoke
    return ctx.invoke(self.callback, **ctx.params)
  File "/home/frapee-pugal/my-frappe-site/env/lib/python3.10/site-packages/click/core.py", line 610, in invoke
    return callback(*args, **kwargs)
  File "/home/frapee-pugal/my-frappe-site/apps/frappe/frappe/commands/scheduler.py", line 200, in start_worker
    start_worker(
  File "/home/frapee-pugal/my-frappe-site/apps/frappe/frappe/utils/background_jobs.py", line 266, in start_worker
    worker.work(
  File "/home/frapee-pugal/my-frappe-site/env/lib/python3.10/site-packages/rq/worker.py", line 434, in work
    self.teardown()
  File "/home/frapee-pugal/my-frappe-site/env/lib/python3.10/site-packages/rq/worker.py", line 988, in teardown
    self.register_death()
  File "/home/frapee-pugal/my-frappe-site/env/lib/python3.10/site-packages/rq/worker.py", line 774, in register_death
    p.execute()
  File "/home/frapee-pugal/my-frappe-site/env/lib/python3.10/site-packages/redis/client.py", line 4012, in execute
    conn = self.connection_pool.get_connection('MULTI',
  File "/home/frapee-pugal/my-frappe-site/env/lib/python3.10/site-packages/redis/connection.py", line 1192, in get_connection
    connection.connect()
  File "/home/frapee-pugal/my-frappe-site/env/lib/python3.10/site-packages/redis/connection.py", line 563, in connect
    raise ConnectionError(self._error_message(e))
redis.exceptions.ConnectionError: Error 111 connecting to 127.0.0.1:11000. Connection refused.
    return _process_result(sub_ctx.command.invoke(sub_ctx))
  File "/home/frapee-pugal/my-frappe-site/env/lib/python3.10/site-packages/click/core.py", line 1066, in invoke
    return ctx.invoke(self.callback, **ctx.params)
  File "/home/frapee-pugal/my-frappe-site/env/lib/python3.10/site-packages/click/core.py", line 610, in invoke
    return callback(*args, **kwargs)
  File "/home/frapee-pugal/my-frappe-site/apps/frappe/frappe/commands/scheduler.py", line 200, in start_worker
    start_worker(
  File "/home/frapee-pugal/my-frappe-site/apps/frappe/frappe/utils/background_jobs.py", line 266, in start_worker
    worker.work(
  File "/home/frapee-pugal/my-frappe-site/env/lib/python3.10/site-packages/rq/worker.py", line 434, in work
    self.teardown()
  File "/home/frapee-pugal/my-frappe-site/env/lib/python3.10/site-packages/rq/worker.py", line 988, in teardown
    self.register_death()
  File "/home/frapee-pugal/my-frappe-site/env/lib/python3.10/site-packages/rq/worker.py", line 774, in register_death
    p.execute()
  File "/home/frapee-pugal/my-frappe-site/env/lib/python3.10/site-packages/redis/client.py", line 4012, in execute
    conn = self.connection_pool.get_connection('MULTI',
  File "/home/frapee-pugal/my-frappe-site/env/lib/python3.10/site-packages/redis/connection.py", line 1192, in get_connection
    connection.connect()
  File "/home/frapee-pugal/my-frappe-site/env/lib/python3.10/site-packages/redis/connection.py", line 563, in connect
    raise ConnectionError(self._error_message(e))
redis.exceptions.ConnectionError: Error 111 connecting to 127.0.0.1:11000. Connection refused.
Exception in thread Thread-1:
Traceback (most recent call last):
  File "/usr/lib/python3.10/threading.py", line 1016, in _bootstrap_inner
Exception in thread Thread-1:
Traceback (most recent call last):
  File "/usr/lib/python3.10/threading.py", line 1016, in _bootstrap_inner
    self.run()
  File "/home/frapee-pugal/my-frappe-site/env/lib/python3.10/site-packages/redis/client.py", line 3718, in run
    self.run()
  File "/home/frapee-pugal/my-frappe-site/env/lib/python3.10/site-packages/redis/client.py", line 3718, in run
    pubsub.get_message(ignore_subscribe_messages=True,
  File "/home/frapee-pugal/my-frappe-site/env/lib/python3.10/site-packages/redis/client.py", line 3617, in get_message
    response = self.parse_response(block=False, timeout=timeout)
    pubsub.get_message(ignore_subscribe_messages=True,
  File "/home/frapee-pugal/my-frappe-site/env/lib/python3.10/site-packages/redis/client.py", line 3617, in get_message
    response = self.parse_response(block=False, timeout=timeout)
  File "/home/frapee-pugal/my-frappe-site/env/lib/python3.10/site-packages/redis/client.py", line 3503, in parse_response
  File "/home/frapee-pugal/my-frappe-site/env/lib/python3.10/site-packages/redis/client.py", line 3503, in parse_response
    if not block and not conn.can_read(timeout=timeout):
  File "/home/frapee-pugal/my-frappe-site/env/lib/python3.10/site-packages/redis/connection.py", line 734, in can_read
    return self._parser.can_read(timeout)
  File "/home/frapee-pugal/my-frappe-site/env/lib/python3.10/site-packages/redis/connection.py", line 416, in can_read
    return self.read_from_socket(timeout=timeout,
  File "/home/frapee-pugal/my-frappe-site/env/lib/python3.10/site-packages/redis/connection.py", line 429, in read_from_socket
    raise ConnectionError(SERVER_CLOSED_CONNECTION_ERROR)
redis.exceptions.ConnectionError: Connection closed by server.
    if not block and not conn.can_read(timeout=timeout):
  File "/home/frapee-pugal/my-frappe-site/env/lib/python3.10/site-packages/redis/connection.py", line 734, in can_read
    return self._parser.can_read(timeout)
  File "/home/frapee-pugal/my-frappe-site/env/lib/python3.10/site-packages/redis/connection.py", line 416, in can_read
    return self.read_from_socket(timeout=timeout,
  File "/home/frapee-pugal/my-frappe-site/env/lib/python3.10/site-packages/redis/connection.py", line 429, in read_from_socket
    raise ConnectionError(SERVER_CLOSED_CONNECTION_ERROR)
redis.exceptions.ConnectionError: Connection closed by server.
Traceback (most recent call last):
Traceback (most recent call last):
  File "/home/frapee-pugal/my-frappe-site/env/lib/python3.10/site-packages/redis/connection.py", line 559, in connect
    sock = self._connect()
  File "/home/frapee-pugal/my-frappe-site/env/lib/python3.10/site-packages/redis/connection.py", line 615, in _connect
    raise err
  File "/home/frapee-pugal/my-frappe-site/env/lib/python3.10/site-packages/redis/connection.py", line 603, in _connect
    sock.connect(socket_address)
ConnectionRefusedError: [Errno 111] Connection refused

During handling of the above exception, another exception occurred:

Traceback (most recent call last):
  File "/usr/lib/python3.10/runpy.py", line 196, in _run_module_as_main
    return _run_code(code, main_globals, None,
  File "/usr/lib/python3.10/runpy.py", line 86, in _run_code
    exec(code, run_globals)
  File "/home/frapee-pugal/my-frappe-site/apps/frappe/frappe/utils/bench_helper.py", line 109, in <module>
    main()
  File "/home/frapee-pugal/my-frappe-site/apps/frappe/frappe/utils/bench_helper.py", line 18, in main
    click.Group(commands=commands)(prog_name="bench")
  File "/home/frapee-pugal/my-frappe-site/env/lib/python3.10/site-packages/click/core.py", line 829, in __call__
    return self.main(*args, **kwargs)
  File "/home/frapee-pugal/my-frappe-site/env/lib/python3.10/site-packages/click/core.py", line 782, in main
    rv = self.invoke(ctx)
  File "/home/frapee-pugal/my-frappe-site/env/lib/python3.10/site-packages/click/core.py", line 1259, in invoke
    return _process_result(sub_ctx.command.invoke(sub_ctx))
  File "/home/frapee-pugal/my-frappe-site/env/lib/python3.10/site-packages/click/core.py", line 1259, in invoke
    return _process_result(sub_ctx.command.invoke(sub_ctx))
  File "/home/frapee-pugal/my-frappe-site/env/lib/python3.10/site-packages/click/core.py", line 1066, in invoke
    return ctx.invoke(self.callback, **ctx.params)
  File "/home/frapee-pugal/my-frappe-site/env/lib/python3.10/site-packages/click/core.py", line 610, in invoke
    return callback(*args, **kwargs)
  File "/home/frapee-pugal/my-frappe-site/apps/frappe/frappe/commands/scheduler.py", line 200, in start_worker
    start_worker(
  File "/home/frapee-pugal/my-frappe-site/apps/frappe/frappe/utils/background_jobs.py", line 266, in start_worker
  File "/home/frapee-pugal/my-frappe-site/env/lib/python3.10/site-packages/redis/connection.py", line 559, in connect
    sock = self._connect()
  File "/home/frapee-pugal/my-frappe-site/env/lib/python3.10/site-packages/redis/connection.py", line 615, in _connect
    raise err
  File "/home/frapee-pugal/my-frappe-site/env/lib/python3.10/site-packages/redis/connection.py", line 603, in _connect
    sock.connect(socket_address)
ConnectionRefusedError: [Errno 111] Connection refused

During handling of the above exception, another exception occurred:

Traceback (most recent call last):
  File "/usr/lib/python3.10/runpy.py", line 196, in _run_module_as_main
    return _run_code(code, main_globals, None,
  File "/usr/lib/python3.10/runpy.py", line 86, in _run_code
    exec(code, run_globals)
  File "/home/frapee-pugal/my-frappe-site/apps/frappe/frappe/utils/bench_helper.py", line 109, in <module>
    main()
  File "/home/frapee-pugal/my-frappe-site/apps/frappe/frappe/utils/bench_helper.py", line 18, in main
    click.Group(commands=commands)(prog_name="bench")
  File "/home/frapee-pugal/my-frappe-site/env/lib/python3.10/site-packages/click/core.py", line 829, in __call__
    return self.main(*args, **kwargs)
  File "/home/frapee-pugal/my-frappe-site/env/lib/python3.10/site-packages/click/core.py", line 782, in main
    rv = self.invoke(ctx)
  File "/home/frapee-pugal/my-frappe-site/env/lib/python3.10/site-packages/click/core.py", line 1259, in invoke
    return _process_result(sub_ctx.command.invoke(sub_ctx))
  File "/home/frapee-pugal/my-frappe-site/env/lib/python3.10/site-packages/click/core.py", line 1259, in invoke
    return _process_result(sub_ctx.command.invoke(sub_ctx))
  File "/home/frapee-pugal/my-frappe-site/env/lib/python3.10/site-packages/click/core.py", line 1066, in invoke
    return ctx.invoke(self.callback, **ctx.params)
  File "/home/frapee-pugal/my-frappe-site/env/lib/python3.10/site-packages/click/core.py", line 610, in invoke
    return callback(*args, **kwargs)
  File "/home/frapee-pugal/my-frappe-site/apps/frappe/frappe/commands/scheduler.py", line 200, in start_worker
    start_worker(
  File "/home/frapee-pugal/my-frappe-site/apps/frappe/frappe/utils/background_jobs.py", line 266, in start_worker
    worker.work(
  File "/home/frapee-pugal/my-frappe-site/env/lib/python3.10/site-packages/rq/worker.py", line 434, in work
    worker.work(
  File "/home/frapee-pugal/my-frappe-site/env/lib/python3.10/site-packages/rq/worker.py", line 434, in work
    self.teardown()
  File "/home/frapee-pugal/my-frappe-site/env/lib/python3.10/site-packages/rq/worker.py", line 988, in teardown
    self.register_death()
  File "/home/frapee-pugal/my-frappe-site/env/lib/python3.10/site-packages/rq/worker.py", line 774, in register_death
    p.execute()
  File "/home/frapee-pugal/my-frappe-site/env/lib/python3.10/site-packages/redis/client.py", line 4012, in execute
    conn = self.connection_pool.get_connection('MULTI',
  File "/home/frapee-pugal/my-frappe-site/env/lib/python3.10/site-packages/redis/connection.py", line 1192, in get_connection
    connection.connect()
  File "/home/frapee-pugal/my-frappe-site/env/lib/python3.10/site-packages/redis/connection.py", line 563, in connect
    raise ConnectionError(self._error_message(e))
redis.exceptions.ConnectionError: Error 111 connecting to 127.0.0.1:11000. Connection refused.
    self.teardown()
  File "/home/frapee-pugal/my-frappe-site/env/lib/python3.10/site-packages/rq/worker.py", line 988, in teardown
    self.register_death()
  File "/home/frapee-pugal/my-frappe-site/env/lib/python3.10/site-packages/rq/worker.py", line 774, in register_death
    p.execute()
  File "/home/frapee-pugal/my-frappe-site/env/lib/python3.10/site-packages/redis/client.py", line 4012, in execute
    conn = self.connection_pool.get_connection('MULTI',
  File "/home/frapee-pugal/my-frappe-site/env/lib/python3.10/site-packages/redis/connection.py", line 1192, in get_connection
    connection.connect()
  File "/home/frapee-pugal/my-frappe-site/env/lib/python3.10/site-packages/redis/connection.py", line 563, in connect
    raise ConnectionError(self._error_message(e))
redis.exceptions.ConnectionError: Error 111 connecting to 127.0.0.1:11000. Connection refused.
Exception in thread Thread-1:
Traceback (most recent call last):
  File "/usr/lib/python3.10/threading.py", line 1016, in _bootstrap_inner
Traceback (most recent call last):
  File "/home/frapee-pugal/my-frappe-site/env/lib/python3.10/site-packages/redis/connection.py", line 559, in connect
    self.run()
  File "/home/frapee-pugal/my-frappe-site/env/lib/python3.10/site-packages/redis/client.py", line 3718, in run
    sock = self._connect()
  File "/home/frapee-pugal/my-frappe-site/env/lib/python3.10/site-packages/redis/connection.py", line 615, in _connect
    raise err
  File "/home/frapee-pugal/my-frappe-site/env/lib/python3.10/site-packages/redis/connection.py", line 603, in _connect
    sock.connect(socket_address)
ConnectionRefusedError: [Errno 111] Connection refused

During handling of the above exception, another exception occurred:

Traceback (most recent call last):
  File "/usr/lib/python3.10/runpy.py", line 196, in _run_module_as_main
    pubsub.get_message(ignore_subscribe_messages=True,
  File "/home/frapee-pugal/my-frappe-site/env/lib/python3.10/site-packages/redis/client.py", line 3617, in get_message
    response = self.parse_response(block=False, timeout=timeout)
  File "/home/frapee-pugal/my-frappe-site/env/lib/python3.10/site-packages/redis/client.py", line 3503, in parse_response
    if not block and not conn.can_read(timeout=timeout):
  File "/home/frapee-pugal/my-frappe-site/env/lib/python3.10/site-packages/redis/connection.py", line 734, in can_read
    return self._parser.can_read(timeout)
  File "/home/frapee-pugal/my-frappe-site/env/lib/python3.10/site-packages/redis/connection.py", line 416, in can_read
    return self.read_from_socket(timeout=timeout,
  File "/home/frapee-pugal/my-frappe-site/env/lib/python3.10/site-packages/redis/connection.py", line 429, in read_from_socket
    raise ConnectionError(SERVER_CLOSED_CONNECTION_ERROR)
redis.exceptions.ConnectionError: Connection closed by server.
    return _run_code(code, main_globals, None,
  File "/usr/lib/python3.10/runpy.py", line 86, in _run_code
    exec(code, run_globals)
  File "/home/frapee-pugal/my-frappe-site/apps/frappe/frappe/utils/bench_helper.py", line 109, in <module>
    main()
  File "/home/frapee-pugal/my-frappe-site/apps/frappe/frappe/utils/bench_helper.py", line 18, in main
    click.Group(commands=commands)(prog_name="bench")
  File "/home/frapee-pugal/my-frappe-site/env/lib/python3.10/site-packages/click/core.py", line 829, in __call__
    return self.main(*args, **kwargs)
  File "/home/frapee-pugal/my-frappe-site/env/lib/python3.10/site-packages/click/core.py", line 782, in main
    rv = self.invoke(ctx)
  File "/home/frapee-pugal/my-frappe-site/env/lib/python3.10/site-packages/click/core.py", line 1259, in invoke
    return _process_result(sub_ctx.command.invoke(sub_ctx))
  File "/home/frapee-pugal/my-frappe-site/env/lib/python3.10/site-packages/click/core.py", line 1259, in invoke
    return _process_result(sub_ctx.command.invoke(sub_ctx))
  File "/home/frapee-pugal/my-frappe-site/env/lib/python3.10/site-packages/click/core.py", line 1066, in invoke
    return ctx.invoke(self.callback, **ctx.params)
  File "/home/frapee-pugal/my-frappe-site/env/lib/python3.10/site-packages/click/core.py", line 610, in invoke
    return callback(*args, **kwargs)
  File "/home/frapee-pugal/my-frappe-site/apps/frappe/frappe/commands/scheduler.py", line 200, in start_worker
    start_worker(
  File "/home/frapee-pugal/my-frappe-site/apps/frappe/frappe/utils/background_jobs.py", line 266, in start_worker
    worker.work(
  File "/home/frapee-pugal/my-frappe-site/env/lib/python3.10/site-packages/rq/worker.py", line 434, in work
    self.teardown()
  File "/home/frapee-pugal/my-frappe-site/env/lib/python3.10/site-packages/rq/worker.py", line 988, in teardown
    self.register_death()
  File "/home/frapee-pugal/my-frappe-site/env/lib/python3.10/site-packages/rq/worker.py", line 774, in register_death
    p.execute()
  File "/home/frapee-pugal/my-frappe-site/env/lib/python3.10/site-packages/redis/client.py", line 4012, in execute
    conn = self.connection_pool.get_connection('MULTI',
  File "/home/frapee-pugal/my-frappe-site/env/lib/python3.10/site-packages/redis/connection.py", line 1192, in get_connection
    connection.connect()
  File "/home/frapee-pugal/my-frappe-site/env/lib/python3.10/site-packages/redis/connection.py", line 563, in connect
    raise ConnectionError(self._error_message(e))
redis.exceptions.ConnectionError: Error 111 connecting to 127.0.0.1:11000. Connection refused.
2025-02-17 07:03:29,535 [Job d83f9c60-47b9-4343-8eda-d901afbf2756]: exception raised while executing (frappe.utils.background_jobs.execute_job)
Traceback (most recent call last):
  File "/home/frapee-pugal/my-frappe-site/apps/frappe/frappe/model/base_document.py", line 524, in db_insert
    frappe.db.sql(
  File "/home/frapee-pugal/my-frappe-site/apps/frappe/frappe/database/database.py", line 244, in sql
    self._cursor.execute(query, values)
  File "/home/frapee-pugal/my-frappe-site/env/lib/python3.10/site-packages/pymysql/cursors.py", line 153, in execute
    result = self._query(query)
  File "/home/frapee-pugal/my-frappe-site/env/lib/python3.10/site-packages/pymysql/cursors.py", line 322, in _query
    conn.query(q)
  File "/home/frapee-pugal/my-frappe-site/env/lib/python3.10/site-packages/pymysql/connections.py", line 563, in query
    self._affected_rows = self._read_query_result(unbuffered=unbuffered)
  File "/home/frapee-pugal/my-frappe-site/env/lib/python3.10/site-packages/pymysql/connections.py", line 825, in _read_query_result
    result.read()
  File "/home/frapee-pugal/my-frappe-site/env/lib/python3.10/site-packages/pymysql/connections.py", line 1199, in read
    first_packet = self.connection._read_packet()
  File "/home/frapee-pugal/my-frappe-site/env/lib/python3.10/site-packages/pymysql/connections.py", line 775, in _read_packet
    packet.raise_for_error()
  File "/home/frapee-pugal/my-frappe-site/env/lib/python3.10/site-packages/pymysql/protocol.py", line 219, in raise_for_error
    err.raise_mysql_exception(self._data)
  File "/home/frapee-pugal/my-frappe-site/env/lib/python3.10/site-packages/pymysql/err.py", line 150, in raise_mysql_exception
    raise errorclass(errno, errval)
pymysql.err.IntegrityError: (1062, "Duplicate entry 'Magizhini' for key 'PRIMARY'")

During handling of the above exception, another exception occurred:

Traceback (most recent call last):
  File "/home/frapee-pugal/my-frappe-site/env/lib/python3.10/site-packages/rq/worker.py", line 1418, in perform_job
    rv = job.perform()
  File "/home/frapee-pugal/my-frappe-site/env/lib/python3.10/site-packages/rq/job.py", line 1225, in perform
    self._result = self._execute()
  File "/home/frapee-pugal/my-frappe-site/env/lib/python3.10/site-packages/rq/job.py", line 1262, in _execute
    result = self.func(*self.args, **self.kwargs)
  File "/home/frapee-pugal/my-frappe-site/apps/frappe/frappe/utils/background_jobs.py", line 188, in execute_job
    retval = method(**kwargs)
  File "/home/frapee-pugal/my-frappe-site/apps/frappe/frappe/core/doctype/user/user.py", line 1120, in create_contact
    contact.insert(ignore_permissions=True, ignore_links=ignore_links, ignore_mandatory=ignore_mandatory)
  File "/home/frapee-pugal/my-frappe-site/apps/frappe/frappe/model/document.py", line 276, in insert
    self.db_insert(ignore_if_duplicate=ignore_if_duplicate)
  File "/home/frapee-pugal/my-frappe-site/apps/frappe/frappe/model/base_document.py", line 551, in db_insert
    raise frappe.DuplicateEntryError(self.doctype, self.name, e)
frappe.exceptions.DuplicateEntryError: ('Contact', 'Magizhini', IntegrityError(1062, "Duplicate entry 'Magizhini' for key 'PRIMARY'"))

fatal: No remote configured to list refs from.
Exception in thread Thread-1:
Traceback (most recent call last):
  File "/usr/lib/python3.10/threading.py", line 1016, in _bootstrap_inner
Traceback (most recent call last):
  File "/home/frapee-pugal/my-frappe-site/env/lib/python3.10/site-packages/redis/connection.py", line 427, in read_from_socket
Exception in thread Thread-1:
Traceback (most recent call last):
  File "/usr/lib/python3.10/threading.py", line 1016, in _bootstrap_inner
Traceback (most recent call last):
  File "/home/frapee-pugal/my-frappe-site/env/lib/python3.10/site-packages/redis/connection.py", line 559, in connect
    self.run()
  File "/home/frapee-pugal/my-frappe-site/env/lib/python3.10/site-packages/redis/client.py", line 3718, in run
    self.run()
  File "/home/frapee-pugal/my-frappe-site/env/lib/python3.10/site-packages/redis/client.py", line 3718, in run
    bufflen = recv_into(self._sock, self._buffer)
  File "/home/frapee-pugal/my-frappe-site/env/lib/python3.10/site-packages/redis/_compat.py", line 75, in recv_into
    sock = self._connect()
  File "/home/frapee-pugal/my-frappe-site/env/lib/python3.10/site-packages/redis/connection.py", line 615, in _connect
    raise err
  File "/home/frapee-pugal/my-frappe-site/env/lib/python3.10/site-packages/redis/connection.py", line 603, in _connect
    sock.connect(socket_address)
ConnectionRefusedError: [Errno 111] Connection refused

During handling of the above exception, another exception occurred:

Traceback (most recent call last):
  File "/usr/lib/python3.10/runpy.py", line 196, in _run_module_as_main
    return sock.recv_into(*args, **kwargs)
ConnectionResetError: [Errno 104] Connection reset by peer

During handling of the above exception, another exception occurred:

Traceback (most recent call last):
  File "/usr/lib/python3.10/runpy.py", line 196, in _run_module_as_main
    return _run_code(code, main_globals, None,
  File "/usr/lib/python3.10/runpy.py", line 86, in _run_code
    exec(code, run_globals)
  File "/home/frapee-pugal/my-frappe-site/apps/frappe/frappe/utils/bench_helper.py", line 109, in <module>
    return _run_code(code, main_globals, None,
  File "/usr/lib/python3.10/runpy.py", line 86, in _run_code
    exec(code, run_globals)
    main()
  File "/home/frapee-pugal/my-frappe-site/apps/frappe/frappe/utils/bench_helper.py", line 109, in <module>
    main()
  File "/home/frapee-pugal/my-frappe-site/apps/frappe/frappe/utils/bench_helper.py", line 18, in main
    click.Group(commands=commands)(prog_name="bench")
  File "/home/frapee-pugal/my-frappe-site/apps/frappe/frappe/utils/bench_helper.py", line 18, in main
    click.Group(commands=commands)(prog_name="bench")
  File "/home/frapee-pugal/my-frappe-site/env/lib/python3.10/site-packages/click/core.py", line 829, in __call__
  File "/home/frapee-pugal/my-frappe-site/env/lib/python3.10/site-packages/click/core.py", line 829, in __call__
    pubsub.get_message(ignore_subscribe_messages=True,
  File "/home/frapee-pugal/my-frappe-site/env/lib/python3.10/site-packages/redis/client.py", line 3617, in get_message
    response = self.parse_response(block=False, timeout=timeout)
  File "/home/frapee-pugal/my-frappe-site/env/lib/python3.10/site-packages/redis/client.py", line 3503, in parse_response
    if not block and not conn.can_read(timeout=timeout):
  File "/home/frapee-pugal/my-frappe-site/env/lib/python3.10/site-packages/redis/connection.py", line 734, in can_read
    return self._parser.can_read(timeout)
  File "/home/frapee-pugal/my-frappe-site/env/lib/python3.10/site-packages/redis/connection.py", line 416, in can_read
    return self.read_from_socket(timeout=timeout,
  File "/home/frapee-pugal/my-frappe-site/env/lib/python3.10/site-packages/redis/connection.py", line 429, in read_from_socket
    raise ConnectionError(SERVER_CLOSED_CONNECTION_ERROR)
redis.exceptions.ConnectionError: Connection closed by server.
    return self.main(*args, **kwargs)
  File "/home/frapee-pugal/my-frappe-site/env/lib/python3.10/site-packages/click/core.py", line 782, in main
    rv = self.invoke(ctx)
  File "/home/frapee-pugal/my-frappe-site/env/lib/python3.10/site-packages/click/core.py", line 1259, in invoke
    return _process_result(sub_ctx.command.invoke(sub_ctx))
  File "/home/frapee-pugal/my-frappe-site/env/lib/python3.10/site-packages/click/core.py", line 1259, in invoke
    return _process_result(sub_ctx.command.invoke(sub_ctx))
    return self.main(*args, **kwargs)
  File "/home/frapee-pugal/my-frappe-site/env/lib/python3.10/site-packages/click/core.py", line 1066, in invoke
  File "/home/frapee-pugal/my-frappe-site/env/lib/python3.10/site-packages/click/core.py", line 782, in main
    return ctx.invoke(self.callback, **ctx.params)
    pubsub.get_message(ignore_subscribe_messages=True,
  File "/home/frapee-pugal/my-frappe-site/env/lib/python3.10/site-packages/redis/client.py", line 3617, in get_message
    response = self.parse_response(block=False, timeout=timeout)
  File "/home/frapee-pugal/my-frappe-site/env/lib/python3.10/site-packages/click/core.py", line 610, in invoke
    return callback(*args, **kwargs)
  File "/home/frapee-pugal/my-frappe-site/env/lib/python3.10/site-packages/redis/client.py", line 3503, in parse_response
    if not block and not conn.can_read(timeout=timeout):
  File "/home/frapee-pugal/my-frappe-site/apps/frappe/frappe/commands/scheduler.py", line 200, in start_worker
  File "/home/frapee-pugal/my-frappe-site/env/lib/python3.10/site-packages/redis/connection.py", line 734, in can_read
    return self._parser.can_read(timeout)
    start_worker(
  File "/home/frapee-pugal/my-frappe-site/apps/frappe/frappe/utils/background_jobs.py", line 266, in start_worker
  File "/home/frapee-pugal/my-frappe-site/env/lib/python3.10/site-packages/redis/connection.py", line 416, in can_read
    return self.read_from_socket(timeout=timeout,
  File "/home/frapee-pugal/my-frappe-site/env/lib/python3.10/site-packages/redis/connection.py", line 429, in read_from_socket
    worker.work(
  File "/home/frapee-pugal/my-frappe-site/env/lib/python3.10/site-packages/rq/worker.py", line 434, in work
    self.teardown()
    raise ConnectionError(SERVER_CLOSED_CONNECTION_ERROR)
redis.exceptions.ConnectionError: Connection closed by server.
    rv = self.invoke(ctx)
  File "/home/frapee-pugal/my-frappe-site/env/lib/python3.10/site-packages/click/core.py", line 1259, in invoke
    return _process_result(sub_ctx.command.invoke(sub_ctx))
  File "/home/frapee-pugal/my-frappe-site/env/lib/python3.10/site-packages/click/core.py", line 1259, in invoke
    return _process_result(sub_ctx.command.invoke(sub_ctx))
  File "/home/frapee-pugal/my-frappe-site/env/lib/python3.10/site-packages/click/core.py", line 1066, in invoke
    return ctx.invoke(self.callback, **ctx.params)
  File "/home/frapee-pugal/my-frappe-site/env/lib/python3.10/site-packages/click/core.py", line 610, in invoke
    return callback(*args, **kwargs)
  File "/home/frapee-pugal/my-frappe-site/apps/frappe/frappe/commands/scheduler.py", line 200, in start_worker
    start_worker(
  File "/home/frapee-pugal/my-frappe-site/apps/frappe/frappe/utils/background_jobs.py", line 266, in start_worker
    worker.work(
  File "/home/frapee-pugal/my-frappe-site/env/lib/python3.10/site-packages/rq/worker.py", line 434, in work
    self.teardown()
  File "/home/frapee-pugal/my-frappe-site/env/lib/python3.10/site-packages/rq/worker.py", line 988, in teardown
    self.register_death()
  File "/home/frapee-pugal/my-frappe-site/env/lib/python3.10/site-packages/rq/worker.py", line 774, in register_death
    p.execute()
  File "/home/frapee-pugal/my-frappe-site/env/lib/python3.10/site-packages/redis/client.py", line 4012, in execute
    conn = self.connection_pool.get_connection('MULTI',
  File "/home/frapee-pugal/my-frappe-site/env/lib/python3.10/site-packages/redis/connection.py", line 1192, in get_connection
    connection.connect()
  File "/home/frapee-pugal/my-frappe-site/env/lib/python3.10/site-packages/redis/connection.py", line 563, in connect
    raise ConnectionError(self._error_message(e))
redis.exceptions.ConnectionError: Error 111 connecting to 127.0.0.1:11000. Connection refused.
  File "/home/frapee-pugal/my-frappe-site/env/lib/python3.10/site-packages/rq/worker.py", line 988, in teardown
    self.register_death()
  File "/home/frapee-pugal/my-frappe-site/env/lib/python3.10/site-packages/rq/worker.py", line 774, in register_death
    p.execute()
  File "/home/frapee-pugal/my-frappe-site/env/lib/python3.10/site-packages/redis/client.py", line 4019, in execute
    return execute(conn, stack, raise_on_error)
  File "/home/frapee-pugal/my-frappe-site/env/lib/python3.10/site-packages/redis/client.py", line 3894, in _execute_transaction
    self.parse_response(connection, '_')
  File "/home/frapee-pugal/my-frappe-site/env/lib/python3.10/site-packages/redis/client.py", line 3977, in parse_response
    result = Redis.parse_response(
  File "/home/frapee-pugal/my-frappe-site/env/lib/python3.10/site-packages/redis/client.py", line 915, in parse_response
    response = connection.read_response()
  File "/home/frapee-pugal/my-frappe-site/env/lib/python3.10/site-packages/redis/connection.py", line 739, in read_response
    response = self._parser.read_response()
  File "/home/frapee-pugal/my-frappe-site/env/lib/python3.10/site-packages/redis/connection.py", line 470, in read_response
    self.read_from_socket()
  File "/home/frapee-pugal/my-frappe-site/env/lib/python3.10/site-packages/redis/connection.py", line 452, in read_from_socket
    raise ConnectionError("Error while reading from socket: %s" %
redis.exceptions.ConnectionError: Error while reading from socket: (104, 'Connection reset by peer')
Traceback (most recent call last):
Exception in thread Thread-1:
Traceback (most recent call last):
  File "/usr/lib/python3.10/threading.py", line 1016, in _bootstrap_inner
Traceback (most recent call last):
Exception in thread Thread-1:
Traceback (most recent call last):
  File "/usr/lib/python3.10/threading.py", line 1016, in _bootstrap_inner
    self.run()
  File "/home/frapee-pugal/my-frappe-site/env/lib/python3.10/site-packages/redis/client.py", line 3718, in run
  File "/home/frapee-pugal/my-frappe-site/env/lib/python3.10/site-packages/redis/connection.py", line 427, in read_from_socket
    bufflen = recv_into(self._sock, self._buffer)
  File "/home/frapee-pugal/my-frappe-site/env/lib/python3.10/site-packages/redis/_compat.py", line 75, in recv_into
  File "/home/frapee-pugal/my-frappe-site/env/lib/python3.10/site-packages/redis/connection.py", line 427, in read_from_socket
    bufflen = recv_into(self._sock, self._buffer)
    return sock.recv_into(*args, **kwargs)
  File "/home/frapee-pugal/my-frappe-site/env/lib/python3.10/site-packages/redis/_compat.py", line 75, in recv_into
    return sock.recv_into(*args, **kwargs)
ConnectionResetError: [Errno 104] Connection reset by peer

During handling of the above exception, another exception occurred:

Traceback (most recent call last):
  File "/usr/lib/python3.10/runpy.py", line 196, in _run_module_as_main
    self.run()
  File "/home/frapee-pugal/my-frappe-site/env/lib/python3.10/site-packages/redis/client.py", line 3718, in run
    pubsub.get_message(ignore_subscribe_messages=True,
  File "/home/frapee-pugal/my-frappe-site/env/lib/python3.10/site-packages/redis/client.py", line 3617, in get_message
    response = self.parse_response(block=False, timeout=timeout)
  File "/home/frapee-pugal/my-frappe-site/env/lib/python3.10/site-packages/redis/client.py", line 3503, in parse_response
ConnectionResetError: [Errno 104] Connection reset by peer

During handling of the above exception, another exception occurred:

Traceback (most recent call last):
  File "/usr/lib/python3.10/runpy.py", line 196, in _run_module_as_main
    return _run_code(code, main_globals, None,
  File "/usr/lib/python3.10/runpy.py", line 86, in _run_code
    exec(code, run_globals)
  File "/home/frapee-pugal/my-frappe-site/apps/frappe/frappe/utils/bench_helper.py", line 109, in <module>
    main()
  File "/home/frapee-pugal/my-frappe-site/apps/frappe/frappe/utils/bench_helper.py", line 18, in main
    click.Group(commands=commands)(prog_name="bench")
  File "/home/frapee-pugal/my-frappe-site/env/lib/python3.10/site-packages/click/core.py", line 829, in __call__
    pubsub.get_message(ignore_subscribe_messages=True,
  File "/home/frapee-pugal/my-frappe-site/env/lib/python3.10/site-packages/redis/client.py", line 3617, in get_message
    response = self.parse_response(block=False, timeout=timeout)
  File "/home/frapee-pugal/my-frappe-site/env/lib/python3.10/site-packages/redis/client.py", line 3503, in parse_response
    if not block and not conn.can_read(timeout=timeout):
  File "/home/frapee-pugal/my-frappe-site/env/lib/python3.10/site-packages/redis/connection.py", line 734, in can_read
    return self._parser.can_read(timeout)
  File "/home/frapee-pugal/my-frappe-site/env/lib/python3.10/site-packages/redis/connection.py", line 416, in can_read
    return self.read_from_socket(timeout=timeout,
  File "/home/frapee-pugal/my-frappe-site/env/lib/python3.10/site-packages/redis/connection.py", line 429, in read_from_socket
    raise ConnectionError(SERVER_CLOSED_CONNECTION_ERROR)
redis.exceptions.ConnectionError: Connection closed by server.
    return _run_code(code, main_globals, None,
  File "/usr/lib/python3.10/runpy.py", line 86, in _run_code
    exec(code, run_globals)
  File "/home/frapee-pugal/my-frappe-site/apps/frappe/frappe/utils/bench_helper.py", line 109, in <module>
    main()
  File "/home/frapee-pugal/my-frappe-site/apps/frappe/frappe/utils/bench_helper.py", line 18, in main
    click.Group(commands=commands)(prog_name="bench")
  File "/home/frapee-pugal/my-frappe-site/env/lib/python3.10/site-packages/click/core.py", line 829, in __call__
    return self.main(*args, **kwargs)
  File "/home/frapee-pugal/my-frappe-site/env/lib/python3.10/site-packages/click/core.py", line 782, in main
    rv = self.invoke(ctx)
  File "/home/frapee-pugal/my-frappe-site/env/lib/python3.10/site-packages/click/core.py", line 1259, in invoke
    return _process_result(sub_ctx.command.invoke(sub_ctx))
  File "/home/frapee-pugal/my-frappe-site/env/lib/python3.10/site-packages/click/core.py", line 1259, in invoke
    return _process_result(sub_ctx.command.invoke(sub_ctx))
  File "/home/frapee-pugal/my-frappe-site/env/lib/python3.10/site-packages/click/core.py", line 1066, in invoke
    return ctx.invoke(self.callback, **ctx.params)
  File "/home/frapee-pugal/my-frappe-site/env/lib/python3.10/site-packages/click/core.py", line 610, in invoke
    return callback(*args, **kwargs)
  File "/home/frapee-pugal/my-frappe-site/apps/frappe/frappe/commands/scheduler.py", line 200, in start_worker
    return self.main(*args, **kwargs)
  File "/home/frapee-pugal/my-frappe-site/env/lib/python3.10/site-packages/click/core.py", line 782, in main
    if not block and not conn.can_read(timeout=timeout):
  File "/home/frapee-pugal/my-frappe-site/env/lib/python3.10/site-packages/redis/connection.py", line 734, in can_read
    return self._parser.can_read(timeout)
    rv = self.invoke(ctx)
  File "/home/frapee-pugal/my-frappe-site/env/lib/python3.10/site-packages/redis/connection.py", line 416, in can_read
    return self.read_from_socket(timeout=timeout,
  File "/home/frapee-pugal/my-frappe-site/env/lib/python3.10/site-packages/click/core.py", line 1259, in invoke
  File "/home/frapee-pugal/my-frappe-site/env/lib/python3.10/site-packages/redis/connection.py", line 429, in read_from_socket
    raise ConnectionError(SERVER_CLOSED_CONNECTION_ERROR)
    return _process_result(sub_ctx.command.invoke(sub_ctx))
redis.exceptions.ConnectionError: Connection closed by server.
    start_worker(
  File "/home/frapee-pugal/my-frappe-site/apps/frappe/frappe/utils/background_jobs.py", line 266, in start_worker
  File "/home/frapee-pugal/my-frappe-site/env/lib/python3.10/site-packages/click/core.py", line 1259, in invoke
    return _process_result(sub_ctx.command.invoke(sub_ctx))
    worker.work(
  File "/home/frapee-pugal/my-frappe-site/env/lib/python3.10/site-packages/rq/worker.py", line 434, in work
    self.teardown()
  File "/home/frapee-pugal/my-frappe-site/env/lib/python3.10/site-packages/rq/worker.py", line 988, in teardown
    self.register_death()
  File "/home/frapee-pugal/my-frappe-site/env/lib/python3.10/site-packages/rq/worker.py", line 774, in register_death
    p.execute()
  File "/home/frapee-pugal/my-frappe-site/env/lib/python3.10/site-packages/redis/client.py", line 4019, in execute
    return execute(conn, stack, raise_on_error)
  File "/home/frapee-pugal/my-frappe-site/env/lib/python3.10/site-packages/redis/client.py", line 3894, in _execute_transaction
    self.parse_response(connection, '_')
  File "/home/frapee-pugal/my-frappe-site/env/lib/python3.10/site-packages/redis/client.py", line 3977, in parse_response
    result = Redis.parse_response(
  File "/home/frapee-pugal/my-frappe-site/env/lib/python3.10/site-packages/redis/client.py", line 915, in parse_response
    response = connection.read_response()
  File "/home/frapee-pugal/my-frappe-site/env/lib/python3.10/site-packages/redis/connection.py", line 739, in read_response
    response = self._parser.read_response()
  File "/home/frapee-pugal/my-frappe-site/env/lib/python3.10/site-packages/redis/connection.py", line 470, in read_response
    self.read_from_socket()
  File "/home/frapee-pugal/my-frappe-site/env/lib/python3.10/site-packages/redis/connection.py", line 452, in read_from_socket
    raise ConnectionError("Error while reading from socket: %s" %
redis.exceptions.ConnectionError: Error while reading from socket: (104, 'Connection reset by peer')
  File "/home/frapee-pugal/my-frappe-site/env/lib/python3.10/site-packages/click/core.py", line 1066, in invoke
    return ctx.invoke(self.callback, **ctx.params)
  File "/home/frapee-pugal/my-frappe-site/env/lib/python3.10/site-packages/click/core.py", line 610, in invoke
    return callback(*args, **kwargs)
  File "/home/frapee-pugal/my-frappe-site/apps/frappe/frappe/commands/scheduler.py", line 200, in start_worker
    start_worker(
  File "/home/frapee-pugal/my-frappe-site/apps/frappe/frappe/utils/background_jobs.py", line 266, in start_worker
    worker.work(
  File "/home/frapee-pugal/my-frappe-site/env/lib/python3.10/site-packages/rq/worker.py", line 434, in work
    self.teardown()
  File "/home/frapee-pugal/my-frappe-site/env/lib/python3.10/site-packages/rq/worker.py", line 988, in teardown
    self.register_death()
  File "/home/frapee-pugal/my-frappe-site/env/lib/python3.10/site-packages/rq/worker.py", line 774, in register_death
    p.execute()
  File "/home/frapee-pugal/my-frappe-site/env/lib/python3.10/site-packages/redis/client.py", line 4019, in execute
    return execute(conn, stack, raise_on_error)
  File "/home/frapee-pugal/my-frappe-site/env/lib/python3.10/site-packages/redis/client.py", line 3894, in _execute_transaction
    self.parse_response(connection, '_')
  File "/home/frapee-pugal/my-frappe-site/env/lib/python3.10/site-packages/redis/client.py", line 3977, in parse_response
    result = Redis.parse_response(
  File "/home/frapee-pugal/my-frappe-site/env/lib/python3.10/site-packages/redis/client.py", line 915, in parse_response
    response = connection.read_response()
  File "/home/frapee-pugal/my-frappe-site/env/lib/python3.10/site-packages/redis/connection.py", line 739, in read_response
    response = self._parser.read_response()
  File "/home/frapee-pugal/my-frappe-site/env/lib/python3.10/site-packages/redis/connection.py", line 470, in read_response
    self.read_from_socket()
  File "/home/frapee-pugal/my-frappe-site/env/lib/python3.10/site-packages/redis/connection.py", line 452, in read_from_socket
    raise ConnectionError("Error while reading from socket: %s" %
redis.exceptions.ConnectionError: Error while reading from socket: (104, 'Connection reset by peer')
Exception in thread Thread-1:
Traceback (most recent call last):
  File "/usr/lib/python3.10/threading.py", line 1016, in _bootstrap_inner
    self.run()
  File "/home/frapee-pugal/my-frappe-site/env/lib/python3.10/site-packages/redis/client.py", line 3718, in run
    pubsub.get_message(ignore_subscribe_messages=True,
  File "/home/frapee-pugal/my-frappe-site/env/lib/python3.10/site-packages/redis/client.py", line 3617, in get_message
    response = self.parse_response(block=False, timeout=timeout)
  File "/home/frapee-pugal/my-frappe-site/env/lib/python3.10/site-packages/redis/client.py", line 3503, in parse_response
Exception in thread Thread-1:
Traceback (most recent call last):
  File "/usr/lib/python3.10/threading.py", line 1016, in _bootstrap_inner
    self.run()
  File "/home/frapee-pugal/my-frappe-site/env/lib/python3.10/site-packages/redis/client.py", line 3718, in run
    pubsub.get_message(ignore_subscribe_messages=True,
  File "/home/frapee-pugal/my-frappe-site/env/lib/python3.10/site-packages/redis/client.py", line 3617, in get_message
    response = self.parse_response(block=False, timeout=timeout)
    if not block and not conn.can_read(timeout=timeout):
  File "/home/frapee-pugal/my-frappe-site/env/lib/python3.10/site-packages/redis/connection.py", line 734, in can_read
    return self._parser.can_read(timeout)
  File "/home/frapee-pugal/my-frappe-site/env/lib/python3.10/site-packages/redis/connection.py", line 416, in can_read
    return self.read_from_socket(timeout=timeout,
  File "/home/frapee-pugal/my-frappe-site/env/lib/python3.10/site-packages/redis/client.py", line 3503, in parse_response
    if not block and not conn.can_read(timeout=timeout):
  File "/home/frapee-pugal/my-frappe-site/env/lib/python3.10/site-packages/redis/connection.py", line 429, in read_from_socket
    raise ConnectionError(SERVER_CLOSED_CONNECTION_ERROR)
redis.exceptions.ConnectionError: Connection closed by server.
  File "/home/frapee-pugal/my-frappe-site/env/lib/python3.10/site-packages/redis/connection.py", line 734, in can_read
    return self._parser.can_read(timeout)
  File "/home/frapee-pugal/my-frappe-site/env/lib/python3.10/site-packages/redis/connection.py", line 416, in can_read
    return self.read_from_socket(timeout=timeout,
  File "/home/frapee-pugal/my-frappe-site/env/lib/python3.10/site-packages/redis/connection.py", line 429, in read_from_socket
    raise ConnectionError(SERVER_CLOSED_CONNECTION_ERROR)
redis.exceptions.ConnectionError: Connection closed by server.
Traceback (most recent call last):
  File "/home/frapee-pugal/my-frappe-site/env/lib/python3.10/site-packages/redis/connection.py", line 559, in connect
    sock = self._connect()
  File "/home/frapee-pugal/my-frappe-site/env/lib/python3.10/site-packages/redis/connection.py", line 615, in _connect
    raise err
  File "/home/frapee-pugal/my-frappe-site/env/lib/python3.10/site-packages/redis/connection.py", line 603, in _connect
    sock.connect(socket_address)
ConnectionRefusedError: [Errno 111] Connection refused

During handling of the above exception, another exception occurred:

Traceback (most recent call last):
  File "/usr/lib/python3.10/runpy.py", line 196, in _run_module_as_main
    return _run_code(code, main_globals, None,
  File "/usr/lib/python3.10/runpy.py", line 86, in _run_code
    exec(code, run_globals)
  File "/home/frapee-pugal/my-frappe-site/apps/frappe/frappe/utils/bench_helper.py", line 109, in <module>
    main()
  File "/home/frapee-pugal/my-frappe-site/apps/frappe/frappe/utils/bench_helper.py", line 18, in main
    click.Group(commands=commands)(prog_name="bench")
  File "/home/frapee-pugal/my-frappe-site/env/lib/python3.10/site-packages/click/core.py", line 829, in __call__
    return self.main(*args, **kwargs)
  File "/home/frapee-pugal/my-frappe-site/env/lib/python3.10/site-packages/click/core.py", line 782, in main
    rv = self.invoke(ctx)
  File "/home/frapee-pugal/my-frappe-site/env/lib/python3.10/site-packages/click/core.py", line 1259, in invoke
    return _process_result(sub_ctx.command.invoke(sub_ctx))
  File "/home/frapee-pugal/my-frappe-site/env/lib/python3.10/site-packages/click/core.py", line 1259, in invoke
    return _process_result(sub_ctx.command.invoke(sub_ctx))
  File "/home/frapee-pugal/my-frappe-site/env/lib/python3.10/site-packages/click/core.py", line 1066, in invoke
    return ctx.invoke(self.callback, **ctx.params)
  File "/home/frapee-pugal/my-frappe-site/env/lib/python3.10/site-packages/click/core.py", line 610, in invoke
    return callback(*args, **kwargs)
  File "/home/frapee-pugal/my-frappe-site/apps/frappe/frappe/commands/scheduler.py", line 200, in start_worker
    start_worker(
  File "/home/frapee-pugal/my-frappe-site/apps/frappe/frappe/utils/background_jobs.py", line 266, in start_worker
    worker.work(
  File "/home/frapee-pugal/my-frappe-site/env/lib/python3.10/site-packages/rq/worker.py", line 434, in work
    self.teardown()
  File "/home/frapee-pugal/my-frappe-site/env/lib/python3.10/site-packages/rq/worker.py", line 988, in teardown
    self.register_death()
  File "/home/frapee-pugal/my-frappe-site/env/lib/python3.10/site-packages/rq/worker.py", line 774, in register_death
    p.execute()
  File "/home/frapee-pugal/my-frappe-site/env/lib/python3.10/site-packages/redis/client.py", line 4012, in execute
    conn = self.connection_pool.get_connection('MULTI',
  File "/home/frapee-pugal/my-frappe-site/env/lib/python3.10/site-packages/redis/connection.py", line 1192, in get_connection
    connection.connect()
  File "/home/frapee-pugal/my-frappe-site/env/lib/python3.10/site-packages/redis/connection.py", line 563, in connect
    raise ConnectionError(self._error_message(e))
redis.exceptions.ConnectionError: Error 111 connecting to 127.0.0.1:11000. Connection refused.
Exception in thread Thread-1:
Traceback (most recent call last):
  File "/usr/lib/python3.10/threading.py", line 1016, in _bootstrap_inner
    self.run()
  File "/home/frapee-pugal/my-frappe-site/env/lib/python3.10/site-packages/redis/client.py", line 3718, in run
Traceback (most recent call last):
  File "/home/frapee-pugal/my-frappe-site/env/lib/python3.10/site-packages/redis/connection.py", line 427, in read_from_socket
    bufflen = recv_into(self._sock, self._buffer)
  File "/home/frapee-pugal/my-frappe-site/env/lib/python3.10/site-packages/redis/_compat.py", line 75, in recv_into
    return sock.recv_into(*args, **kwargs)
ConnectionResetError: [Errno 104] Connection reset by peer

During handling of the above exception, another exception occurred:

Traceback (most recent call last):
  File "/usr/lib/python3.10/runpy.py", line 196, in _run_module_as_main
    return _run_code(code, main_globals, None,
  File "/usr/lib/python3.10/runpy.py", line 86, in _run_code
    exec(code, run_globals)
  File "/home/frapee-pugal/my-frappe-site/apps/frappe/frappe/utils/bench_helper.py", line 109, in <module>
    main()
  File "/home/frapee-pugal/my-frappe-site/apps/frappe/frappe/utils/bench_helper.py", line 18, in main
    click.Group(commands=commands)(prog_name="bench")
  File "/home/frapee-pugal/my-frappe-site/env/lib/python3.10/site-packages/click/core.py", line 829, in __call__
Exception in thread Thread-1:
Traceback (most recent call last):
  File "/usr/lib/python3.10/threading.py", line 1016, in _bootstrap_inner
    self.run()
  File "/home/frapee-pugal/my-frappe-site/env/lib/python3.10/site-packages/redis/client.py", line 3718, in run
    pubsub.get_message(ignore_subscribe_messages=True,
  File "/home/frapee-pugal/my-frappe-site/env/lib/python3.10/site-packages/redis/client.py", line 3617, in get_message
    response = self.parse_response(block=False, timeout=timeout)
  File "/home/frapee-pugal/my-frappe-site/env/lib/python3.10/site-packages/redis/client.py", line 3503, in parse_response
    if not block and not conn.can_read(timeout=timeout):
  File "/home/frapee-pugal/my-frappe-site/env/lib/python3.10/site-packages/redis/connection.py", line 734, in can_read
    return self._parser.can_read(timeout)
  File "/home/frapee-pugal/my-frappe-site/env/lib/python3.10/site-packages/redis/connection.py", line 416, in can_read
    return self.read_from_socket(timeout=timeout,
  File "/home/frapee-pugal/my-frappe-site/env/lib/python3.10/site-packages/redis/connection.py", line 429, in read_from_socket
    raise ConnectionError(SERVER_CLOSED_CONNECTION_ERROR)
redis.exceptions.ConnectionError: Connection closed by server.
    pubsub.get_message(ignore_subscribe_messages=True,
    return self.main(*args, **kwargs)
  File "/home/frapee-pugal/my-frappe-site/env/lib/python3.10/site-packages/click/core.py", line 782, in main
    rv = self.invoke(ctx)
  File "/home/frapee-pugal/my-frappe-site/env/lib/python3.10/site-packages/click/core.py", line 1259, in invoke
    return _process_result(sub_ctx.command.invoke(sub_ctx))
  File "/home/frapee-pugal/my-frappe-site/env/lib/python3.10/site-packages/click/core.py", line 1259, in invoke
    return _process_result(sub_ctx.command.invoke(sub_ctx))
  File "/home/frapee-pugal/my-frappe-site/env/lib/python3.10/site-packages/click/core.py", line 1066, in invoke
    return ctx.invoke(self.callback, **ctx.params)
  File "/home/frapee-pugal/my-frappe-site/env/lib/python3.10/site-packages/click/core.py", line 610, in invoke
    return callback(*args, **kwargs)
  File "/home/frapee-pugal/my-frappe-site/apps/frappe/frappe/commands/scheduler.py", line 200, in start_worker
    start_worker(
  File "/home/frapee-pugal/my-frappe-site/apps/frappe/frappe/utils/background_jobs.py", line 266, in start_worker
    worker.work(
  File "/home/frapee-pugal/my-frappe-site/env/lib/python3.10/site-packages/rq/worker.py", line 434, in work
    self.teardown()
  File "/home/frapee-pugal/my-frappe-site/env/lib/python3.10/site-packages/rq/worker.py", line 988, in teardown
    self.register_death()
  File "/home/frapee-pugal/my-frappe-site/env/lib/python3.10/site-packages/rq/worker.py", line 774, in register_death
    p.execute()
  File "/home/frapee-pugal/my-frappe-site/env/lib/python3.10/site-packages/redis/client.py", line 4019, in execute
    return execute(conn, stack, raise_on_error)
  File "/home/frapee-pugal/my-frappe-site/env/lib/python3.10/site-packages/redis/client.py", line 3894, in _execute_transaction
    self.parse_response(connection, '_')
  File "/home/frapee-pugal/my-frappe-site/env/lib/python3.10/site-packages/redis/client.py", line 3977, in parse_response
  File "/home/frapee-pugal/my-frappe-site/env/lib/python3.10/site-packages/redis/client.py", line 3617, in get_message
    result = Redis.parse_response(
  File "/home/frapee-pugal/my-frappe-site/env/lib/python3.10/site-packages/redis/client.py", line 915, in parse_response
    response = connection.read_response()
  File "/home/frapee-pugal/my-frappe-site/env/lib/python3.10/site-packages/redis/connection.py", line 739, in read_response
    response = self._parser.read_response()
  File "/home/frapee-pugal/my-frappe-site/env/lib/python3.10/site-packages/redis/connection.py", line 470, in read_response
    self.read_from_socket()
  File "/home/frapee-pugal/my-frappe-site/env/lib/python3.10/site-packages/redis/connection.py", line 452, in read_from_socket
    raise ConnectionError("Error while reading from socket: %s" %
redis.exceptions.ConnectionError: Error while reading from socket: (104, 'Connection reset by peer')
    response = self.parse_response(block=False, timeout=timeout)
  File "/home/frapee-pugal/my-frappe-site/env/lib/python3.10/site-packages/redis/client.py", line 3503, in parse_response
    if not block and not conn.can_read(timeout=timeout):
  File "/home/frapee-pugal/my-frappe-site/env/lib/python3.10/site-packages/redis/connection.py", line 734, in can_read
    return self._parser.can_read(timeout)
  File "/home/frapee-pugal/my-frappe-site/env/lib/python3.10/site-packages/redis/connection.py", line 416, in can_read
    return self.read_from_socket(timeout=timeout,
  File "/home/frapee-pugal/my-frappe-site/env/lib/python3.10/site-packages/redis/connection.py", line 429, in read_from_socket
    raise ConnectionError(SERVER_CLOSED_CONNECTION_ERROR)
redis.exceptions.ConnectionError: Connection closed by server.
Traceback (most recent call last):
  File "/home/frapee-pugal/my-frappe-site/env/lib/python3.10/site-packages/redis/connection.py", line 427, in read_from_socket
    bufflen = recv_into(self._sock, self._buffer)
Traceback (most recent call last):
  File "/home/frapee-pugal/my-frappe-site/env/lib/python3.10/site-packages/redis/_compat.py", line 75, in recv_into
    return sock.recv_into(*args, **kwargs)
ConnectionResetError: [Errno 104] Connection reset by peer

During handling of the above exception, another exception occurred:

Traceback (most recent call last):
  File "/usr/lib/python3.10/runpy.py", line 196, in _run_module_as_main
    return _run_code(code, main_globals, None,
  File "/usr/lib/python3.10/runpy.py", line 86, in _run_code
    exec(code, run_globals)
  File "/home/frapee-pugal/my-frappe-site/apps/frappe/frappe/utils/bench_helper.py", line 109, in <module>
    main()
  File "/home/frapee-pugal/my-frappe-site/apps/frappe/frappe/utils/bench_helper.py", line 18, in main
    click.Group(commands=commands)(prog_name="bench")
  File "/home/frapee-pugal/my-frappe-site/env/lib/python3.10/site-packages/click/core.py", line 829, in __call__
    return self.main(*args, **kwargs)
  File "/home/frapee-pugal/my-frappe-site/env/lib/python3.10/site-packages/click/core.py", line 782, in main
    rv = self.invoke(ctx)
  File "/home/frapee-pugal/my-frappe-site/env/lib/python3.10/site-packages/click/core.py", line 1259, in invoke
    return _process_result(sub_ctx.command.invoke(sub_ctx))
  File "/home/frapee-pugal/my-frappe-site/env/lib/python3.10/site-packages/click/core.py", line 1259, in invoke
    return _process_result(sub_ctx.command.invoke(sub_ctx))
  File "/home/frapee-pugal/my-frappe-site/env/lib/python3.10/site-packages/click/core.py", line 1066, in invoke
    return ctx.invoke(self.callback, **ctx.params)
  File "/home/frapee-pugal/my-frappe-site/env/lib/python3.10/site-packages/click/core.py", line 610, in invoke
    return callback(*args, **kwargs)
  File "/home/frapee-pugal/my-frappe-site/apps/frappe/frappe/commands/scheduler.py", line 200, in start_worker
    start_worker(
  File "/home/frapee-pugal/my-frappe-site/apps/frappe/frappe/utils/background_jobs.py", line 266, in start_worker
    worker.work(
  File "/home/frapee-pugal/my-frappe-site/env/lib/python3.10/site-packages/rq/worker.py", line 434, in work
    self.teardown()
  File "/home/frapee-pugal/my-frappe-site/env/lib/python3.10/site-packages/rq/worker.py", line 988, in teardown
    self.register_death()
  File "/home/frapee-pugal/my-frappe-site/env/lib/python3.10/site-packages/rq/worker.py", line 774, in register_death
    p.execute()
  File "/home/frapee-pugal/my-frappe-site/env/lib/python3.10/site-packages/redis/client.py", line 4019, in execute
    return execute(conn, stack, raise_on_error)
  File "/home/frapee-pugal/my-frappe-site/env/lib/python3.10/site-packages/redis/client.py", line 3894, in _execute_transaction
  File "/home/frapee-pugal/my-frappe-site/env/lib/python3.10/site-packages/redis/connection.py", line 559, in connect
    sock = self._connect()
  File "/home/frapee-pugal/my-frappe-site/env/lib/python3.10/site-packages/redis/connection.py", line 615, in _connect
    raise err
  File "/home/frapee-pugal/my-frappe-site/env/lib/python3.10/site-packages/redis/connection.py", line 603, in _connect
Exception in thread Thread-1:
Traceback (most recent call last):
  File "/usr/lib/python3.10/threading.py", line 1016, in _bootstrap_inner
    self.run()
  File "/home/frapee-pugal/my-frappe-site/env/lib/python3.10/site-packages/redis/client.py", line 3718, in run
    pubsub.get_message(ignore_subscribe_messages=True,
  File "/home/frapee-pugal/my-frappe-site/env/lib/python3.10/site-packages/redis/client.py", line 3617, in get_message
    sock.connect(socket_address)
ConnectionRefusedError: [Errno 111] Connection refused

During handling of the above exception, another exception occurred:

Traceback (most recent call last):
  File "/usr/lib/python3.10/runpy.py", line 196, in _run_module_as_main
    return _run_code(code, main_globals, None,
  File "/usr/lib/python3.10/runpy.py", line 86, in _run_code
    exec(code, run_globals)
  File "/home/frapee-pugal/my-frappe-site/apps/frappe/frappe/utils/bench_helper.py", line 109, in <module>
    main()
  File "/home/frapee-pugal/my-frappe-site/apps/frappe/frappe/utils/bench_helper.py", line 18, in main
    click.Group(commands=commands)(prog_name="bench")
  File "/home/frapee-pugal/my-frappe-site/env/lib/python3.10/site-packages/click/core.py", line 829, in __call__
    return self.main(*args, **kwargs)
  File "/home/frapee-pugal/my-frappe-site/env/lib/python3.10/site-packages/click/core.py", line 782, in main
    rv = self.invoke(ctx)
  File "/home/frapee-pugal/my-frappe-site/env/lib/python3.10/site-packages/click/core.py", line 1259, in invoke
    return _process_result(sub_ctx.command.invoke(sub_ctx))
  File "/home/frapee-pugal/my-frappe-site/env/lib/python3.10/site-packages/click/core.py", line 1259, in invoke
    return _process_result(sub_ctx.command.invoke(sub_ctx))
  File "/home/frapee-pugal/my-frappe-site/env/lib/python3.10/site-packages/click/core.py", line 1066, in invoke
    return ctx.invoke(self.callback, **ctx.params)
  File "/home/frapee-pugal/my-frappe-site/env/lib/python3.10/site-packages/click/core.py", line 610, in invoke
    return callback(*args, **kwargs)
  File "/home/frapee-pugal/my-frappe-site/apps/frappe/frappe/commands/scheduler.py", line 200, in start_worker
    start_worker(
  File "/home/frapee-pugal/my-frappe-site/apps/frappe/frappe/utils/background_jobs.py", line 266, in start_worker
    worker.work(
  File "/home/frapee-pugal/my-frappe-site/env/lib/python3.10/site-packages/rq/worker.py", line 434, in work
    self.teardown()
  File "/home/frapee-pugal/my-frappe-site/env/lib/python3.10/site-packages/rq/worker.py", line 988, in teardown
    self.register_death()
  File "/home/frapee-pugal/my-frappe-site/env/lib/python3.10/site-packages/rq/worker.py", line 774, in register_death
    p.execute()
  File "/home/frapee-pugal/my-frappe-site/env/lib/python3.10/site-packages/redis/client.py", line 4012, in execute
    conn = self.connection_pool.get_connection('MULTI',
  File "/home/frapee-pugal/my-frappe-site/env/lib/python3.10/site-packages/redis/connection.py", line 1192, in get_connection
    connection.connect()
  File "/home/frapee-pugal/my-frappe-site/env/lib/python3.10/site-packages/redis/connection.py", line 563, in connect
    raise ConnectionError(self._error_message(e))
redis.exceptions.ConnectionError: Error 111 connecting to 127.0.0.1:11000. Connection refused.
Exception in thread Thread-1:
Traceback (most recent call last):
  File "/usr/lib/python3.10/threading.py", line 1016, in _bootstrap_inner
    self.run()
  File "/home/frapee-pugal/my-frappe-site/env/lib/python3.10/site-packages/redis/client.py", line 3718, in run
    pubsub.get_message(ignore_subscribe_messages=True,
  File "/home/frapee-pugal/my-frappe-site/env/lib/python3.10/site-packages/redis/client.py", line 3617, in get_message
    self.parse_response(connection, '_')
  File "/home/frapee-pugal/my-frappe-site/env/lib/python3.10/site-packages/redis/client.py", line 3977, in parse_response
    response = self.parse_response(block=False, timeout=timeout)
  File "/home/frapee-pugal/my-frappe-site/env/lib/python3.10/site-packages/redis/client.py", line 3503, in parse_response
    if not block and not conn.can_read(timeout=timeout):
  File "/home/frapee-pugal/my-frappe-site/env/lib/python3.10/site-packages/redis/connection.py", line 734, in can_read
    return self._parser.can_read(timeout)
  File "/home/frapee-pugal/my-frappe-site/env/lib/python3.10/site-packages/redis/connection.py", line 416, in can_read
    return self.read_from_socket(timeout=timeout,
  File "/home/frapee-pugal/my-frappe-site/env/lib/python3.10/site-packages/redis/connection.py", line 429, in read_from_socket
    raise ConnectionError(SERVER_CLOSED_CONNECTION_ERROR)
redis.exceptions.ConnectionError: Connection closed by server.
    result = Redis.parse_response(
  File "/home/frapee-pugal/my-frappe-site/env/lib/python3.10/site-packages/redis/client.py", line 915, in parse_response
    response = connection.read_response()
  File "/home/frapee-pugal/my-frappe-site/env/lib/python3.10/site-packages/redis/connection.py", line 739, in read_response
    response = self._parser.read_response()
  File "/home/frapee-pugal/my-frappe-site/env/lib/python3.10/site-packages/redis/connection.py", line 470, in read_response
    self.read_from_socket()
  File "/home/frapee-pugal/my-frappe-site/env/lib/python3.10/site-packages/redis/connection.py", line 452, in read_from_socket
    raise ConnectionError("Error while reading from socket: %s" %
redis.exceptions.ConnectionError: Error while reading from socket: (104, 'Connection reset by peer')
Traceback (most recent call last):
  File "/home/frapee-pugal/my-frappe-site/env/lib/python3.10/site-packages/redis/connection.py", line 427, in read_from_socket
    bufflen = recv_into(self._sock, self._buffer)
  File "/home/frapee-pugal/my-frappe-site/env/lib/python3.10/site-packages/redis/_compat.py", line 75, in recv_into
    return sock.recv_into(*args, **kwargs)
ConnectionResetError: [Errno 104] Connection reset by peer

During handling of the above exception, another exception occurred:

Traceback (most recent call last):
  File "/usr/lib/python3.10/runpy.py", line 196, in _run_module_as_main
    return _run_code(code, main_globals, None,
  File "/usr/lib/python3.10/runpy.py", line 86, in _run_code
    exec(code, run_globals)
  File "/home/frapee-pugal/my-frappe-site/apps/frappe/frappe/utils/bench_helper.py", line 109, in <module>
    main()
  File "/home/frapee-pugal/my-frappe-site/apps/frappe/frappe/utils/bench_helper.py", line 18, in main
    click.Group(commands=commands)(prog_name="bench")
  File "/home/frapee-pugal/my-frappe-site/env/lib/python3.10/site-packages/click/core.py", line 829, in __call__
    return self.main(*args, **kwargs)
  File "/home/frapee-pugal/my-frappe-site/env/lib/python3.10/site-packages/click/core.py", line 782, in main
    rv = self.invoke(ctx)
  File "/home/frapee-pugal/my-frappe-site/env/lib/python3.10/site-packages/click/core.py", line 1259, in invoke
    return _process_result(sub_ctx.command.invoke(sub_ctx))
  File "/home/frapee-pugal/my-frappe-site/env/lib/python3.10/site-packages/click/core.py", line 1259, in invoke
    return _process_result(sub_ctx.command.invoke(sub_ctx))
  File "/home/frapee-pugal/my-frappe-site/env/lib/python3.10/site-packages/click/core.py", line 1066, in invoke
    return ctx.invoke(self.callback, **ctx.params)
  File "/home/frapee-pugal/my-frappe-site/env/lib/python3.10/site-packages/click/core.py", line 610, in invoke
    return callback(*args, **kwargs)
  File "/home/frapee-pugal/my-frappe-site/apps/frappe/frappe/commands/scheduler.py", line 200, in start_worker
    start_worker(
  File "/home/frapee-pugal/my-frappe-site/apps/frappe/frappe/utils/background_jobs.py", line 266, in start_worker
    worker.work(
  File "/home/frapee-pugal/my-frappe-site/env/lib/python3.10/site-packages/rq/worker.py", line 434, in work
    self.teardown()
  File "/home/frapee-pugal/my-frappe-site/env/lib/python3.10/site-packages/rq/worker.py", line 988, in teardown
    self.register_death()
  File "/home/frapee-pugal/my-frappe-site/env/lib/python3.10/site-packages/rq/worker.py", line 774, in register_death
    p.execute()
  File "/home/frapee-pugal/my-frappe-site/env/lib/python3.10/site-packages/redis/client.py", line 4019, in execute
    return execute(conn, stack, raise_on_error)
  File "/home/frapee-pugal/my-frappe-site/env/lib/python3.10/site-packages/redis/client.py", line 3894, in _execute_transaction
    self.parse_response(connection, '_')
  File "/home/frapee-pugal/my-frappe-site/env/lib/python3.10/site-packages/redis/client.py", line 3977, in parse_response
    result = Redis.parse_response(
  File "/home/frapee-pugal/my-frappe-site/env/lib/python3.10/site-packages/redis/client.py", line 915, in parse_response
    response = connection.read_response()
  File "/home/frapee-pugal/my-frappe-site/env/lib/python3.10/site-packages/redis/connection.py", line 739, in read_response
    response = self._parser.read_response()
  File "/home/frapee-pugal/my-frappe-site/env/lib/python3.10/site-packages/redis/connection.py", line 470, in read_response
    self.read_from_socket()
  File "/home/frapee-pugal/my-frappe-site/env/lib/python3.10/site-packages/redis/connection.py", line 452, in read_from_socket
    raise ConnectionError("Error while reading from socket: %s" %
redis.exceptions.ConnectionError: Error while reading from socket: (104, 'Connection reset by peer')
StartedJobRegistry cleanup: Moving job to FailedJobRegistry (due to AbandonedJobError)
StartedJobRegistry cleanup: Moving job to FailedJobRegistry (due to AbandonedJobError)
fatal: No remote configured to list refs from.
StartedJobRegistry cleanup: Moving job to FailedJobRegistry (due to AbandonedJobError)
StartedJobRegistry cleanup: Moving job to FailedJobRegistry (due to AbandonedJobError)
fatal: No remote configured to list refs from.
Traceback (most recent call last):
  File "/home/frapee-pugal/my-frappe-site/env/lib/python3.10/site-packages/redis/connection.py", line 559, in connect
Traceback (most recent call last):
  File "/home/frapee-pugal/my-frappe-site/env/lib/python3.10/site-packages/redis/connection.py", line 559, in connect
Exception in thread Thread-1:
Traceback (most recent call last):
  File "/usr/lib/python3.10/threading.py", line 1016, in _bootstrap_inner
    sock = self._connect()
  File "/home/frapee-pugal/my-frappe-site/env/lib/python3.10/site-packages/redis/connection.py", line 615, in _connect
    raise err
  File "/home/frapee-pugal/my-frappe-site/env/lib/python3.10/site-packages/redis/connection.py", line 603, in _connect
    sock.connect(socket_address)
ConnectionRefusedError: [Errno 111] Connection refused

During handling of the above exception, another exception occurred:

Traceback (most recent call last):
  File "/usr/lib/python3.10/runpy.py", line 196, in _run_module_as_main
Exception in thread Thread-1:
Traceback (most recent call last):
  File "/usr/lib/python3.10/threading.py", line 1016, in _bootstrap_inner
    self.run()
  File "/home/frapee-pugal/my-frappe-site/env/lib/python3.10/site-packages/redis/client.py", line 3718, in run
    self.run()
  File "/home/frapee-pugal/my-frappe-site/env/lib/python3.10/site-packages/redis/client.py", line 3718, in run
    return _run_code(code, main_globals, None,
  File "/usr/lib/python3.10/runpy.py", line 86, in _run_code
    exec(code, run_globals)
  File "/home/frapee-pugal/my-frappe-site/apps/frappe/frappe/utils/bench_helper.py", line 109, in <module>
    main()
    sock = self._connect()
  File "/home/frapee-pugal/my-frappe-site/env/lib/python3.10/site-packages/redis/connection.py", line 615, in _connect
    raise err
  File "/home/frapee-pugal/my-frappe-site/env/lib/python3.10/site-packages/redis/connection.py", line 603, in _connect
    sock.connect(socket_address)
ConnectionRefusedError: [Errno 111] Connection refused

During handling of the above exception, another exception occurred:

Traceback (most recent call last):
  File "/usr/lib/python3.10/runpy.py", line 196, in _run_module_as_main
    return _run_code(code, main_globals, None,
  File "/usr/lib/python3.10/runpy.py", line 86, in _run_code
    exec(code, run_globals)
  File "/home/frapee-pugal/my-frappe-site/apps/frappe/frappe/utils/bench_helper.py", line 109, in <module>
    main()
  File "/home/frapee-pugal/my-frappe-site/apps/frappe/frappe/utils/bench_helper.py", line 18, in main
    click.Group(commands=commands)(prog_name="bench")
  File "/home/frapee-pugal/my-frappe-site/env/lib/python3.10/site-packages/click/core.py", line 829, in __call__
  File "/home/frapee-pugal/my-frappe-site/apps/frappe/frappe/utils/bench_helper.py", line 18, in main
    click.Group(commands=commands)(prog_name="bench")
  File "/home/frapee-pugal/my-frappe-site/env/lib/python3.10/site-packages/click/core.py", line 829, in __call__
    pubsub.get_message(ignore_subscribe_messages=True,
  File "/home/frapee-pugal/my-frappe-site/env/lib/python3.10/site-packages/redis/client.py", line 3617, in get_message
    response = self.parse_response(block=False, timeout=timeout)
  File "/home/frapee-pugal/my-frappe-site/env/lib/python3.10/site-packages/redis/client.py", line 3503, in parse_response
    if not block and not conn.can_read(timeout=timeout):
  File "/home/frapee-pugal/my-frappe-site/env/lib/python3.10/site-packages/redis/connection.py", line 734, in can_read
    return self._parser.can_read(timeout)
  File "/home/frapee-pugal/my-frappe-site/env/lib/python3.10/site-packages/redis/connection.py", line 416, in can_read
    return self.read_from_socket(timeout=timeout,
  File "/home/frapee-pugal/my-frappe-site/env/lib/python3.10/site-packages/redis/connection.py", line 429, in read_from_socket
    raise ConnectionError(SERVER_CLOSED_CONNECTION_ERROR)
redis.exceptions.ConnectionError: Connection closed by server.
    return self.main(*args, **kwargs)
  File "/home/frapee-pugal/my-frappe-site/env/lib/python3.10/site-packages/click/core.py", line 782, in main
    rv = self.invoke(ctx)
  File "/home/frapee-pugal/my-frappe-site/env/lib/python3.10/site-packages/click/core.py", line 1259, in invoke
    return _process_result(sub_ctx.command.invoke(sub_ctx))
  File "/home/frapee-pugal/my-frappe-site/env/lib/python3.10/site-packages/click/core.py", line 1259, in invoke
    return _process_result(sub_ctx.command.invoke(sub_ctx))
  File "/home/frapee-pugal/my-frappe-site/env/lib/python3.10/site-packages/click/core.py", line 1066, in invoke
    pubsub.get_message(ignore_subscribe_messages=True,
  File "/home/frapee-pugal/my-frappe-site/env/lib/python3.10/site-packages/redis/client.py", line 3617, in get_message
    response = self.parse_response(block=False, timeout=timeout)
  File "/home/frapee-pugal/my-frappe-site/env/lib/python3.10/site-packages/redis/client.py", line 3503, in parse_response
    if not block and not conn.can_read(timeout=timeout):
  File "/home/frapee-pugal/my-frappe-site/env/lib/python3.10/site-packages/redis/connection.py", line 734, in can_read
    return self._parser.can_read(timeout)
  File "/home/frapee-pugal/my-frappe-site/env/lib/python3.10/site-packages/redis/connection.py", line 416, in can_read
    return self.read_from_socket(timeout=timeout,
  File "/home/frapee-pugal/my-frappe-site/env/lib/python3.10/site-packages/redis/connection.py", line 429, in read_from_socket
    raise ConnectionError(SERVER_CLOSED_CONNECTION_ERROR)
redis.exceptions.ConnectionError: Connection closed by server.
    return ctx.invoke(self.callback, **ctx.params)
    return self.main(*args, **kwargs)
  File "/home/frapee-pugal/my-frappe-site/env/lib/python3.10/site-packages/click/core.py", line 782, in main
    rv = self.invoke(ctx)
  File "/home/frapee-pugal/my-frappe-site/env/lib/python3.10/site-packages/click/core.py", line 1259, in invoke
  File "/home/frapee-pugal/my-frappe-site/env/lib/python3.10/site-packages/click/core.py", line 610, in invoke
    return _process_result(sub_ctx.command.invoke(sub_ctx))
  File "/home/frapee-pugal/my-frappe-site/env/lib/python3.10/site-packages/click/core.py", line 1259, in invoke
    return _process_result(sub_ctx.command.invoke(sub_ctx))
  File "/home/frapee-pugal/my-frappe-site/env/lib/python3.10/site-packages/click/core.py", line 1066, in invoke
    return callback(*args, **kwargs)
    return ctx.invoke(self.callback, **ctx.params)
  File "/home/frapee-pugal/my-frappe-site/env/lib/python3.10/site-packages/click/core.py", line 610, in invoke
    return callback(*args, **kwargs)
  File "/home/frapee-pugal/my-frappe-site/apps/frappe/frappe/commands/scheduler.py", line 200, in start_worker
  File "/home/frapee-pugal/my-frappe-site/apps/frappe/frappe/commands/scheduler.py", line 200, in start_worker
    start_worker(
  File "/home/frapee-pugal/my-frappe-site/apps/frappe/frappe/utils/background_jobs.py", line 266, in start_worker
    worker.work(
  File "/home/frapee-pugal/my-frappe-site/env/lib/python3.10/site-packages/rq/worker.py", line 434, in work
    start_worker(
  File "/home/frapee-pugal/my-frappe-site/apps/frappe/frappe/utils/background_jobs.py", line 266, in start_worker
    worker.work(
  File "/home/frapee-pugal/my-frappe-site/env/lib/python3.10/site-packages/rq/worker.py", line 434, in work
    self.teardown()
  File "/home/frapee-pugal/my-frappe-site/env/lib/python3.10/site-packages/rq/worker.py", line 988, in teardown
    self.teardown()
  File "/home/frapee-pugal/my-frappe-site/env/lib/python3.10/site-packages/rq/worker.py", line 988, in teardown
    self.register_death()
    self.register_death()
  File "/home/frapee-pugal/my-frappe-site/env/lib/python3.10/site-packages/rq/worker.py", line 774, in register_death
    p.execute()
  File "/home/frapee-pugal/my-frappe-site/env/lib/python3.10/site-packages/redis/client.py", line 4012, in execute
    conn = self.connection_pool.get_connection('MULTI',
  File "/home/frapee-pugal/my-frappe-site/env/lib/python3.10/site-packages/redis/connection.py", line 1192, in get_connection
    connection.connect()
  File "/home/frapee-pugal/my-frappe-site/env/lib/python3.10/site-packages/redis/connection.py", line 563, in connect
    raise ConnectionError(self._error_message(e))
redis.exceptions.ConnectionError: Error 111 connecting to 127.0.0.1:11000. Connection refused.
  File "/home/frapee-pugal/my-frappe-site/env/lib/python3.10/site-packages/rq/worker.py", line 774, in register_death
    p.execute()
  File "/home/frapee-pugal/my-frappe-site/env/lib/python3.10/site-packages/redis/client.py", line 4012, in execute
    conn = self.connection_pool.get_connection('MULTI',
  File "/home/frapee-pugal/my-frappe-site/env/lib/python3.10/site-packages/redis/connection.py", line 1192, in get_connection
    connection.connect()
  File "/home/frapee-pugal/my-frappe-site/env/lib/python3.10/site-packages/redis/connection.py", line 563, in connect
    raise ConnectionError(self._error_message(e))
redis.exceptions.ConnectionError: Error 111 connecting to 127.0.0.1:11000. Connection refused.
Exception in thread Thread-1:
Traceback (most recent call last):
  File "/usr/lib/python3.10/threading.py", line 1016, in _bootstrap_inner
    self.run()
  File "/home/frapee-pugal/my-frappe-site/env/lib/python3.10/site-packages/redis/client.py", line 3718, in run
    pubsub.get_message(ignore_subscribe_messages=True,
  File "/home/frapee-pugal/my-frappe-site/env/lib/python3.10/site-packages/redis/client.py", line 3617, in get_message
    response = self.parse_response(block=False, timeout=timeout)
  File "/home/frapee-pugal/my-frappe-site/env/lib/python3.10/site-packages/redis/client.py", line 3503, in parse_response
    if not block and not conn.can_read(timeout=timeout):
  File "/home/frapee-pugal/my-frappe-site/env/lib/python3.10/site-packages/redis/connection.py", line 734, in can_read
    return self._parser.can_read(timeout)
  File "/home/frapee-pugal/my-frappe-site/env/lib/python3.10/site-packages/redis/connection.py", line 416, in can_read
    return self.read_from_socket(timeout=timeout,
  File "/home/frapee-pugal/my-frappe-site/env/lib/python3.10/site-packages/redis/connection.py", line 429, in read_from_socket
    raise ConnectionError(SERVER_CLOSED_CONNECTION_ERROR)
redis.exceptions.ConnectionError: Connection closed by server.
Exception in thread Thread-1:
Traceback (most recent call last):
  File "/usr/lib/python3.10/threading.py", line 1016, in _bootstrap_inner
    self.run()
  File "/home/frapee-pugal/my-frappe-site/env/lib/python3.10/site-packages/redis/client.py", line 3718, in run
    pubsub.get_message(ignore_subscribe_messages=True,
  File "/home/frapee-pugal/my-frappe-site/env/lib/python3.10/site-packages/redis/client.py", line 3617, in get_message
    response = self.parse_response(block=False, timeout=timeout)
  File "/home/frapee-pugal/my-frappe-site/env/lib/python3.10/site-packages/redis/client.py", line 3503, in parse_response
    if not block and not conn.can_read(timeout=timeout):
  File "/home/frapee-pugal/my-frappe-site/env/lib/python3.10/site-packages/redis/connection.py", line 734, in can_read
Exception in thread Thread-1:
Traceback (most recent call last):
  File "/usr/lib/python3.10/threading.py", line 1016, in _bootstrap_inner
    self.run()
  File "/home/frapee-pugal/my-frappe-site/env/lib/python3.10/site-packages/redis/client.py", line 3718, in run
    pubsub.get_message(ignore_subscribe_messages=True,
  File "/home/frapee-pugal/my-frappe-site/env/lib/python3.10/site-packages/redis/client.py", line 3617, in get_message
    response = self.parse_response(block=False, timeout=timeout)
  File "/home/frapee-pugal/my-frappe-site/env/lib/python3.10/site-packages/redis/client.py", line 3503, in parse_response
    if not block and not conn.can_read(timeout=timeout):
  File "/home/frapee-pugal/my-frappe-site/env/lib/python3.10/site-packages/redis/connection.py", line 734, in can_read
    return self._parser.can_read(timeout)
  File "/home/frapee-pugal/my-frappe-site/env/lib/python3.10/site-packages/redis/connection.py", line 416, in can_read
    return self.read_from_socket(timeout=timeout,
  File "/home/frapee-pugal/my-frappe-site/env/lib/python3.10/site-packages/redis/connection.py", line 429, in read_from_socket
    raise ConnectionError(SERVER_CLOSED_CONNECTION_ERROR)
redis.exceptions.ConnectionError: Connection closed by server.
    return self._parser.can_read(timeout)
  File "/home/frapee-pugal/my-frappe-site/env/lib/python3.10/site-packages/redis/connection.py", line 416, in can_read
    return self.read_from_socket(timeout=timeout,
  File "/home/frapee-pugal/my-frappe-site/env/lib/python3.10/site-packages/redis/connection.py", line 429, in read_from_socket
    raise ConnectionError(SERVER_CLOSED_CONNECTION_ERROR)
redis.exceptions.ConnectionError: Connection closed by server.
Exception in thread Thread-1:
Traceback (most recent call last):
  File "/usr/lib/python3.10/threading.py", line 1016, in _bootstrap_inner
    self.run()
  File "/home/frapee-pugal/my-frappe-site/env/lib/python3.10/site-packages/redis/client.py", line 3718, in run
    pubsub.get_message(ignore_subscribe_messages=True,
  File "/home/frapee-pugal/my-frappe-site/env/lib/python3.10/site-packages/redis/client.py", line 3617, in get_message
    response = self.parse_response(block=False, timeout=timeout)
  File "/home/frapee-pugal/my-frappe-site/env/lib/python3.10/site-packages/redis/client.py", line 3503, in parse_response
    if not block and not conn.can_read(timeout=timeout):
  File "/home/frapee-pugal/my-frappe-site/env/lib/python3.10/site-packages/redis/connection.py", line 734, in can_read
    return self._parser.can_read(timeout)
  File "/home/frapee-pugal/my-frappe-site/env/lib/python3.10/site-packages/redis/connection.py", line 416, in can_read
    return self.read_from_socket(timeout=timeout,
  File "/home/frapee-pugal/my-frappe-site/env/lib/python3.10/site-packages/redis/connection.py", line 429, in read_from_socket
    raise ConnectionError(SERVER_CLOSED_CONNECTION_ERROR)
redis.exceptions.ConnectionError: Connection closed by server.
Exception in thread Thread-1:
Traceback (most recent call last):
  File "/usr/lib/python3.10/threading.py", line 1016, in _bootstrap_inner
    self.run()
  File "/home/frapee-pugal/my-frappe-site/env/lib/python3.10/site-packages/redis/client.py", line 3718, in run
    pubsub.get_message(ignore_subscribe_messages=True,
  File "/home/frapee-pugal/my-frappe-site/env/lib/python3.10/site-packages/redis/client.py", line 3617, in get_message
    response = self.parse_response(block=False, timeout=timeout)
  File "/home/frapee-pugal/my-frappe-site/env/lib/python3.10/site-packages/redis/client.py", line 3503, in parse_response
    if not block and not conn.can_read(timeout=timeout):
  File "/home/frapee-pugal/my-frappe-site/env/lib/python3.10/site-packages/redis/connection.py", line 734, in can_read
    return self._parser.can_read(timeout)
  File "/home/frapee-pugal/my-frappe-site/env/lib/python3.10/site-packages/redis/connection.py", line 416, in can_read
Exception in thread Thread-1:
Traceback (most recent call last):
  File "/usr/lib/python3.10/threading.py", line 1016, in _bootstrap_inner
    self.run()
  File "/home/frapee-pugal/my-frappe-site/env/lib/python3.10/site-packages/redis/client.py", line 3718, in run
    pubsub.get_message(ignore_subscribe_messages=True,
  File "/home/frapee-pugal/my-frappe-site/env/lib/python3.10/site-packages/redis/client.py", line 3617, in get_message
    response = self.parse_response(block=False, timeout=timeout)
  File "/home/frapee-pugal/my-frappe-site/env/lib/python3.10/site-packages/redis/client.py", line 3503, in parse_response
    if not block and not conn.can_read(timeout=timeout):
  File "/home/frapee-pugal/my-frappe-site/env/lib/python3.10/site-packages/redis/connection.py", line 734, in can_read
    return self._parser.can_read(timeout)
  File "/home/frapee-pugal/my-frappe-site/env/lib/python3.10/site-packages/redis/connection.py", line 416, in can_read
    return self.read_from_socket(timeout=timeout,
  File "/home/frapee-pugal/my-frappe-site/env/lib/python3.10/site-packages/redis/connection.py", line 429, in read_from_socket
    raise ConnectionError(SERVER_CLOSED_CONNECTION_ERROR)
redis.exceptions.ConnectionError: Connection closed by server.
Traceback (most recent call last):
  File "/usr/lib/python3.10/runpy.py", line 196, in _run_module_as_main
    return _run_code(code, main_globals, None,
  File "/usr/lib/python3.10/runpy.py", line 86, in _run_code
    exec(code, run_globals)
  File "/home/frapee-pugal/my-frappe-site/apps/frappe/frappe/utils/bench_helper.py", line 109, in <module>
    main()
  File "/home/frapee-pugal/my-frappe-site/apps/frappe/frappe/utils/bench_helper.py", line 18, in main
    click.Group(commands=commands)(prog_name="bench")
  File "/home/frapee-pugal/my-frappe-site/env/lib/python3.10/site-packages/click/core.py", line 829, in __call__
    return self.main(*args, **kwargs)
  File "/home/frapee-pugal/my-frappe-site/env/lib/python3.10/site-packages/click/core.py", line 782, in main
    rv = self.invoke(ctx)
  File "/home/frapee-pugal/my-frappe-site/env/lib/python3.10/site-packages/click/core.py", line 1259, in invoke
    return self.read_from_socket(timeout=timeout,
  File "/home/frapee-pugal/my-frappe-site/env/lib/python3.10/site-packages/redis/connection.py", line 429, in read_from_socket
    raise ConnectionError(SERVER_CLOSED_CONNECTION_ERROR)
redis.exceptions.ConnectionError: Connection closed by server.
Traceback (most recent call last):
  File "/home/frapee-pugal/my-frappe-site/env/lib/python3.10/site-packages/redis/connection.py", line 1198, in get_connection
    if connection.can_read():
  File "/home/frapee-pugal/my-frappe-site/env/lib/python3.10/site-packages/redis/connection.py", line 734, in can_read
    return self._parser.can_read(timeout)
  File "/home/frapee-pugal/my-frappe-site/env/lib/python3.10/site-packages/redis/connection.py", line 416, in can_read
    return self.read_from_socket(timeout=timeout,
  File "/home/frapee-pugal/my-frappe-site/env/lib/python3.10/site-packages/redis/connection.py", line 429, in read_from_socket
    raise ConnectionError(SERVER_CLOSED_CONNECTION_ERROR)
redis.exceptions.ConnectionError: Connection closed by server.

During handling of the above exception, another exception occurred:

Traceback (most recent call last):
  File "/home/frapee-pugal/my-frappe-site/env/lib/python3.10/site-packages/redis/connection.py", line 559, in connect
    sock = self._connect()
  File "/home/frapee-pugal/my-frappe-site/env/lib/python3.10/site-packages/redis/connection.py", line 615, in _connect
    raise err
  File "/home/frapee-pugal/my-frappe-site/env/lib/python3.10/site-packages/redis/connection.py", line 603, in _connect
    sock.connect(socket_address)
ConnectionRefusedError: [Errno 111] Connection refused

During handling of the above exception, another exception occurred:

Traceback (most recent call last):
  File "/usr/lib/python3.10/runpy.py", line 196, in _run_module_as_main
    return _run_code(code, main_globals, None,
  File "/usr/lib/python3.10/runpy.py", line 86, in _run_code
    exec(code, run_globals)
  File "/home/frapee-pugal/my-frappe-site/apps/frappe/frappe/utils/bench_helper.py", line 109, in <module>
    main()
  File "/home/frapee-pugal/my-frappe-site/apps/frappe/frappe/utils/bench_helper.py", line 18, in main
    click.Group(commands=commands)(prog_name="bench")
  File "/home/frapee-pugal/my-frappe-site/env/lib/python3.10/site-packages/click/core.py", line 829, in __call__
    return self.main(*args, **kwargs)
  File "/home/frapee-pugal/my-frappe-site/env/lib/python3.10/site-packages/click/core.py", line 782, in main
    rv = self.invoke(ctx)
  File "/home/frapee-pugal/my-frappe-site/env/lib/python3.10/site-packages/click/core.py", line 1259, in invoke
    return _process_result(sub_ctx.command.invoke(sub_ctx))
  File "/home/frapee-pugal/my-frappe-site/env/lib/python3.10/site-packages/click/core.py", line 1259, in invoke
    return _process_result(sub_ctx.command.invoke(sub_ctx))
  File "/home/frapee-pugal/my-frappe-site/env/lib/python3.10/site-packages/click/core.py", line 1066, in invoke
    return ctx.invoke(self.callback, **ctx.params)
  File "/home/frapee-pugal/my-frappe-site/env/lib/python3.10/site-packages/click/core.py", line 610, in invoke
    return callback(*args, **kwargs)
  File "/home/frapee-pugal/my-frappe-site/apps/frappe/frappe/commands/scheduler.py", line 200, in start_worker
    start_worker(
  File "/home/frapee-pugal/my-frappe-site/apps/frappe/frappe/utils/background_jobs.py", line 266, in start_worker
    worker.work(
  File "/home/frapee-pugal/my-frappe-site/env/lib/python3.10/site-packages/rq/worker.py", line 434, in work
    self.teardown()
  File "/home/frapee-pugal/my-frappe-site/env/lib/python3.10/site-packages/rq/worker.py", line 988, in teardown
    self.register_death()
  File "/home/frapee-pugal/my-frappe-site/env/lib/python3.10/site-packages/rq/worker.py", line 774, in register_death
    p.execute()
  File "/home/frapee-pugal/my-frappe-site/env/lib/python3.10/site-packages/redis/client.py", line 4012, in execute
    return _process_result(sub_ctx.command.invoke(sub_ctx))
  File "/home/frapee-pugal/my-frappe-site/env/lib/python3.10/site-packages/click/core.py", line 1259, in invoke
    return _process_result(sub_ctx.command.invoke(sub_ctx))
    conn = self.connection_pool.get_connection('MULTI',
  File "/home/frapee-pugal/my-frappe-site/env/lib/python3.10/site-packages/click/core.py", line 1066, in invoke
  File "/home/frapee-pugal/my-frappe-site/env/lib/python3.10/site-packages/redis/connection.py", line 1202, in get_connection
    connection.connect()
    return ctx.invoke(self.callback, **ctx.params)
  File "/home/frapee-pugal/my-frappe-site/env/lib/python3.10/site-packages/click/core.py", line 610, in invoke
    return callback(*args, **kwargs)
  File "/home/frapee-pugal/my-frappe-site/apps/frappe/frappe/commands/scheduler.py", line 200, in start_worker
    start_worker(
  File "/home/frapee-pugal/my-frappe-site/apps/frappe/frappe/utils/background_jobs.py", line 266, in start_worker
    worker.work(
  File "/home/frapee-pugal/my-frappe-site/env/lib/python3.10/site-packages/rq/worker.py", line 434, in work
    self.teardown()
  File "/home/frapee-pugal/my-frappe-site/env/lib/python3.10/site-packages/rq/worker.py", line 988, in teardown
    self.register_death()
  File "/home/frapee-pugal/my-frappe-site/env/lib/python3.10/site-packages/rq/worker.py", line 774, in register_death
    p.execute()
  File "/home/frapee-pugal/my-frappe-site/env/lib/python3.10/site-packages/redis/client.py", line 4019, in execute
    return execute(conn, stack, raise_on_error)
  File "/home/frapee-pugal/my-frappe-site/env/lib/python3.10/site-packages/redis/client.py", line 3894, in _execute_transaction
    self.parse_response(connection, '_')
  File "/home/frapee-pugal/my-frappe-site/env/lib/python3.10/site-packages/redis/client.py", line 3977, in parse_response
  File "/home/frapee-pugal/my-frappe-site/env/lib/python3.10/site-packages/redis/connection.py", line 563, in connect
    raise ConnectionError(self._error_message(e))
redis.exceptions.ConnectionError: Error 111 connecting to 127.0.0.1:11000. Connection refused.
    result = Redis.parse_response(
  File "/home/frapee-pugal/my-frappe-site/env/lib/python3.10/site-packages/redis/client.py", line 915, in parse_response
    response = connection.read_response()
  File "/home/frapee-pugal/my-frappe-site/env/lib/python3.10/site-packages/redis/connection.py", line 739, in read_response
    response = self._parser.read_response()
  File "/home/frapee-pugal/my-frappe-site/env/lib/python3.10/site-packages/redis/connection.py", line 470, in read_response
    self.read_from_socket()
  File "/home/frapee-pugal/my-frappe-site/env/lib/python3.10/site-packages/redis/connection.py", line 429, in read_from_socket
    raise ConnectionError(SERVER_CLOSED_CONNECTION_ERROR)
redis.exceptions.ConnectionError: Connection closed by server.
Traceback (most recent call last):
  File "/home/frapee-pugal/my-frappe-site/env/lib/python3.10/site-packages/redis/connection.py", line 427, in read_from_socket
    bufflen = recv_into(self._sock, self._buffer)
  File "/home/frapee-pugal/my-frappe-site/env/lib/python3.10/site-packages/redis/_compat.py", line 75, in recv_into
Exception in thread Thread-1:
Traceback (most recent call last):
  File "/usr/lib/python3.10/threading.py", line 1016, in _bootstrap_inner
    self.run()
  File "/home/frapee-pugal/my-frappe-site/env/lib/python3.10/site-packages/redis/client.py", line 3718, in run
    pubsub.get_message(ignore_subscribe_messages=True,
  File "/home/frapee-pugal/my-frappe-site/env/lib/python3.10/site-packages/redis/client.py", line 3617, in get_message
    response = self.parse_response(block=False, timeout=timeout)
  File "/home/frapee-pugal/my-frappe-site/env/lib/python3.10/site-packages/redis/client.py", line 3503, in parse_response
    if not block and not conn.can_read(timeout=timeout):
  File "/home/frapee-pugal/my-frappe-site/env/lib/python3.10/site-packages/redis/connection.py", line 734, in can_read
    return self._parser.can_read(timeout)
  File "/home/frapee-pugal/my-frappe-site/env/lib/python3.10/site-packages/redis/connection.py", line 416, in can_read
    return self.read_from_socket(timeout=timeout,
  File "/home/frapee-pugal/my-frappe-site/env/lib/python3.10/site-packages/redis/connection.py", line 429, in read_from_socket
    raise ConnectionError(SERVER_CLOSED_CONNECTION_ERROR)
redis.exceptions.ConnectionError: Connection closed by server.
    return sock.recv_into(*args, **kwargs)
ConnectionResetError: [Errno 104] Connection reset by peer

During handling of the above exception, another exception occurred:

Traceback (most recent call last):
  File "/usr/lib/python3.10/runpy.py", line 196, in _run_module_as_main
    return _run_code(code, main_globals, None,
  File "/usr/lib/python3.10/runpy.py", line 86, in _run_code
    exec(code, run_globals)
  File "/home/frapee-pugal/my-frappe-site/apps/frappe/frappe/utils/bench_helper.py", line 109, in <module>
    main()
  File "/home/frapee-pugal/my-frappe-site/apps/frappe/frappe/utils/bench_helper.py", line 18, in main
    click.Group(commands=commands)(prog_name="bench")
  File "/home/frapee-pugal/my-frappe-site/env/lib/python3.10/site-packages/click/core.py", line 829, in __call__
    return self.main(*args, **kwargs)
  File "/home/frapee-pugal/my-frappe-site/env/lib/python3.10/site-packages/click/core.py", line 782, in main
    rv = self.invoke(ctx)
  File "/home/frapee-pugal/my-frappe-site/env/lib/python3.10/site-packages/click/core.py", line 1259, in invoke
    return _process_result(sub_ctx.command.invoke(sub_ctx))
  File "/home/frapee-pugal/my-frappe-site/env/lib/python3.10/site-packages/click/core.py", line 1259, in invoke
    return _process_result(sub_ctx.command.invoke(sub_ctx))
  File "/home/frapee-pugal/my-frappe-site/env/lib/python3.10/site-packages/click/core.py", line 1066, in invoke
    return ctx.invoke(self.callback, **ctx.params)
  File "/home/frapee-pugal/my-frappe-site/env/lib/python3.10/site-packages/click/core.py", line 610, in invoke
    return callback(*args, **kwargs)
  File "/home/frapee-pugal/my-frappe-site/apps/frappe/frappe/commands/scheduler.py", line 200, in start_worker
    start_worker(
  File "/home/frapee-pugal/my-frappe-site/apps/frappe/frappe/utils/background_jobs.py", line 266, in start_worker
    worker.work(
  File "/home/frapee-pugal/my-frappe-site/env/lib/python3.10/site-packages/rq/worker.py", line 434, in work
    self.teardown()
  File "/home/frapee-pugal/my-frappe-site/env/lib/python3.10/site-packages/rq/worker.py", line 988, in teardown
    self.register_death()
  File "/home/frapee-pugal/my-frappe-site/env/lib/python3.10/site-packages/rq/worker.py", line 774, in register_death
    p.execute()
  File "/home/frapee-pugal/my-frappe-site/env/lib/python3.10/site-packages/redis/client.py", line 4019, in execute
    return execute(conn, stack, raise_on_error)
  File "/home/frapee-pugal/my-frappe-site/env/lib/python3.10/site-packages/redis/client.py", line 3894, in _execute_transaction
    self.parse_response(connection, '_')
  File "/home/frapee-pugal/my-frappe-site/env/lib/python3.10/site-packages/redis/client.py", line 3977, in parse_response
    result = Redis.parse_response(
  File "/home/frapee-pugal/my-frappe-site/env/lib/python3.10/site-packages/redis/client.py", line 915, in parse_response
    response = connection.read_response()
  File "/home/frapee-pugal/my-frappe-site/env/lib/python3.10/site-packages/redis/connection.py", line 739, in read_response
    response = self._parser.read_response()
  File "/home/frapee-pugal/my-frappe-site/env/lib/python3.10/site-packages/redis/connection.py", line 470, in read_response
    self.read_from_socket()
  File "/home/frapee-pugal/my-frappe-site/env/lib/python3.10/site-packages/redis/connection.py", line 452, in read_from_socket
    raise ConnectionError("Error while reading from socket: %s" %
redis.exceptions.ConnectionError: Error while reading from socket: (104, 'Connection reset by peer')
Exception in thread Thread-1:
Traceback (most recent call last):
  File "/usr/lib/python3.10/threading.py", line 1016, in _bootstrap_inner
    self.run()
  File "/home/frapee-pugal/my-frappe-site/env/lib/python3.10/site-packages/redis/client.py", line 3718, in run
    pubsub.get_message(ignore_subscribe_messages=True,
Exception in thread Thread-1:
Traceback (most recent call last):
  File "/usr/lib/python3.10/threading.py", line 1016, in _bootstrap_inner
    self.run()
  File "/home/frapee-pugal/my-frappe-site/env/lib/python3.10/site-packages/redis/client.py", line 3718, in run
    pubsub.get_message(ignore_subscribe_messages=True,
  File "/home/frapee-pugal/my-frappe-site/env/lib/python3.10/site-packages/redis/client.py", line 3617, in get_message
  File "/home/frapee-pugal/my-frappe-site/env/lib/python3.10/site-packages/redis/client.py", line 3617, in get_message
    response = self.parse_response(block=False, timeout=timeout)
  File "/home/frapee-pugal/my-frappe-site/env/lib/python3.10/site-packages/redis/client.py", line 3503, in parse_response
Traceback (most recent call last):
  File "/home/frapee-pugal/my-frappe-site/env/lib/python3.10/site-packages/redis/connection.py", line 427, in read_from_socket
    bufflen = recv_into(self._sock, self._buffer)
  File "/home/frapee-pugal/my-frappe-site/env/lib/python3.10/site-packages/redis/_compat.py", line 75, in recv_into
    return sock.recv_into(*args, **kwargs)
ConnectionResetError: [Errno 104] Connection reset by peer

During handling of the above exception, another exception occurred:

Traceback (most recent call last):
  File "/usr/lib/python3.10/runpy.py", line 196, in _run_module_as_main
    return _run_code(code, main_globals, None,
  File "/usr/lib/python3.10/runpy.py", line 86, in _run_code
    exec(code, run_globals)
  File "/home/frapee-pugal/my-frappe-site/apps/frappe/frappe/utils/bench_helper.py", line 109, in <module>
    main()
  File "/home/frapee-pugal/my-frappe-site/apps/frappe/frappe/utils/bench_helper.py", line 18, in main
    click.Group(commands=commands)(prog_name="bench")
  File "/home/frapee-pugal/my-frappe-site/env/lib/python3.10/site-packages/click/core.py", line 829, in __call__
    return self.main(*args, **kwargs)
  File "/home/frapee-pugal/my-frappe-site/env/lib/python3.10/site-packages/click/core.py", line 782, in main
    rv = self.invoke(ctx)
  File "/home/frapee-pugal/my-frappe-site/env/lib/python3.10/site-packages/click/core.py", line 1259, in invoke
    return _process_result(sub_ctx.command.invoke(sub_ctx))
  File "/home/frapee-pugal/my-frappe-site/env/lib/python3.10/site-packages/click/core.py", line 1259, in invoke
    return _process_result(sub_ctx.command.invoke(sub_ctx))
  File "/home/frapee-pugal/my-frappe-site/env/lib/python3.10/site-packages/click/core.py", line 1066, in invoke
    return ctx.invoke(self.callback, **ctx.params)
  File "/home/frapee-pugal/my-frappe-site/env/lib/python3.10/site-packages/click/core.py", line 610, in invoke
    return callback(*args, **kwargs)
  File "/home/frapee-pugal/my-frappe-site/apps/frappe/frappe/commands/scheduler.py", line 200, in start_worker
    response = self.parse_response(block=False, timeout=timeout)
  File "/home/frapee-pugal/my-frappe-site/env/lib/python3.10/site-packages/redis/client.py", line 3503, in parse_response
    if not block and not conn.can_read(timeout=timeout):
Traceback (most recent call last):
  File "/home/frapee-pugal/my-frappe-site/env/lib/python3.10/site-packages/redis/connection.py", line 427, in read_from_socket
    bufflen = recv_into(self._sock, self._buffer)
  File "/home/frapee-pugal/my-frappe-site/env/lib/python3.10/site-packages/redis/_compat.py", line 75, in recv_into
    return sock.recv_into(*args, **kwargs)
ConnectionResetError: [Errno 104] Connection reset by peer

During handling of the above exception, another exception occurred:

Traceback (most recent call last):
  File "/usr/lib/python3.10/runpy.py", line 196, in _run_module_as_main
    return _run_code(code, main_globals, None,
  File "/usr/lib/python3.10/runpy.py", line 86, in _run_code
    exec(code, run_globals)
  File "/home/frapee-pugal/my-frappe-site/apps/frappe/frappe/utils/bench_helper.py", line 109, in <module>
    main()
  File "/home/frapee-pugal/my-frappe-site/apps/frappe/frappe/utils/bench_helper.py", line 18, in main
    click.Group(commands=commands)(prog_name="bench")
  File "/home/frapee-pugal/my-frappe-site/env/lib/python3.10/site-packages/click/core.py", line 829, in __call__
    return self.main(*args, **kwargs)
  File "/home/frapee-pugal/my-frappe-site/env/lib/python3.10/site-packages/click/core.py", line 782, in main
    rv = self.invoke(ctx)
  File "/home/frapee-pugal/my-frappe-site/env/lib/python3.10/site-packages/click/core.py", line 1259, in invoke
    return _process_result(sub_ctx.command.invoke(sub_ctx))
  File "/home/frapee-pugal/my-frappe-site/env/lib/python3.10/site-packages/click/core.py", line 1259, in invoke
    return _process_result(sub_ctx.command.invoke(sub_ctx))
  File "/home/frapee-pugal/my-frappe-site/env/lib/python3.10/site-packages/click/core.py", line 1066, in invoke
    return ctx.invoke(self.callback, **ctx.params)
  File "/home/frapee-pugal/my-frappe-site/env/lib/python3.10/site-packages/click/core.py", line 610, in invoke
    return callback(*args, **kwargs)
  File "/home/frapee-pugal/my-frappe-site/apps/frappe/frappe/commands/scheduler.py", line 200, in start_worker
    start_worker(
  File "/home/frapee-pugal/my-frappe-site/apps/frappe/frappe/utils/background_jobs.py", line 266, in start_worker
    worker.work(
  File "/home/frapee-pugal/my-frappe-site/env/lib/python3.10/site-packages/rq/worker.py", line 434, in work
    self.teardown()
  File "/home/frapee-pugal/my-frappe-site/env/lib/python3.10/site-packages/rq/worker.py", line 988, in teardown
    self.register_death()
  File "/home/frapee-pugal/my-frappe-site/env/lib/python3.10/site-packages/rq/worker.py", line 774, in register_death
    p.execute()
  File "/home/frapee-pugal/my-frappe-site/env/lib/python3.10/site-packages/redis/client.py", line 4019, in execute
    return execute(conn, stack, raise_on_error)
  File "/home/frapee-pugal/my-frappe-site/env/lib/python3.10/site-packages/redis/client.py", line 3894, in _execute_transaction
    self.parse_response(connection, '_')
  File "/home/frapee-pugal/my-frappe-site/env/lib/python3.10/site-packages/redis/client.py", line 3977, in parse_response
    result = Redis.parse_response(
  File "/home/frapee-pugal/my-frappe-site/env/lib/python3.10/site-packages/redis/client.py", line 915, in parse_response
    response = connection.read_response()
  File "/home/frapee-pugal/my-frappe-site/env/lib/python3.10/site-packages/redis/connection.py", line 739, in read_response
    response = self._parser.read_response()
  File "/home/frapee-pugal/my-frappe-site/env/lib/python3.10/site-packages/redis/connection.py", line 470, in read_response
    self.read_from_socket()
  File "/home/frapee-pugal/my-frappe-site/env/lib/python3.10/site-packages/redis/connection.py", line 452, in read_from_socket
    raise ConnectionError("Error while reading from socket: %s" %
redis.exceptions.ConnectionError: Error while reading from socket: (104, 'Connection reset by peer')
  File "/home/frapee-pugal/my-frappe-site/env/lib/python3.10/site-packages/redis/connection.py", line 734, in can_read
    return self._parser.can_read(timeout)
  File "/home/frapee-pugal/my-frappe-site/env/lib/python3.10/site-packages/redis/connection.py", line 416, in can_read
    return self.read_from_socket(timeout=timeout,
  File "/home/frapee-pugal/my-frappe-site/env/lib/python3.10/site-packages/redis/connection.py", line 429, in read_from_socket
    raise ConnectionError(SERVER_CLOSED_CONNECTION_ERROR)
redis.exceptions.ConnectionError: Connection closed by server.
    start_worker(
  File "/home/frapee-pugal/my-frappe-site/apps/frappe/frappe/utils/background_jobs.py", line 266, in start_worker
    worker.work(
  File "/home/frapee-pugal/my-frappe-site/env/lib/python3.10/site-packages/rq/worker.py", line 434, in work
    self.teardown()
  File "/home/frapee-pugal/my-frappe-site/env/lib/python3.10/site-packages/rq/worker.py", line 988, in teardown
    self.register_death()
  File "/home/frapee-pugal/my-frappe-site/env/lib/python3.10/site-packages/rq/worker.py", line 774, in register_death
    p.execute()
  File "/home/frapee-pugal/my-frappe-site/env/lib/python3.10/site-packages/redis/client.py", line 4019, in execute
    return execute(conn, stack, raise_on_error)
  File "/home/frapee-pugal/my-frappe-site/env/lib/python3.10/site-packages/redis/client.py", line 3894, in _execute_transaction
    self.parse_response(connection, '_')
  File "/home/frapee-pugal/my-frappe-site/env/lib/python3.10/site-packages/redis/client.py", line 3977, in parse_response
    result = Redis.parse_response(
  File "/home/frapee-pugal/my-frappe-site/env/lib/python3.10/site-packages/redis/client.py", line 915, in parse_response
    response = connection.read_response()
  File "/home/frapee-pugal/my-frappe-site/env/lib/python3.10/site-packages/redis/connection.py", line 739, in read_response
    response = self._parser.read_response()
  File "/home/frapee-pugal/my-frappe-site/env/lib/python3.10/site-packages/redis/connection.py", line 470, in read_response
    self.read_from_socket()
  File "/home/frapee-pugal/my-frappe-site/env/lib/python3.10/site-packages/redis/connection.py", line 452, in read_from_socket
    raise ConnectionError("Error while reading from socket: %s" %
redis.exceptions.ConnectionError: Error while reading from socket: (104, 'Connection reset by peer')
fatal: No remote configured to list refs from.
fatal: No remote configured to list refs from.
StartedJobRegistry cleanup: Moving job to FailedJobRegistry (due to AbandonedJobError)
StartedJobRegistry cleanup: Moving job to FailedJobRegistry (due to AbandonedJobError)
StartedJobRegistry cleanup: Moving job to FailedJobRegistry (due to AbandonedJobError)
StartedJobRegistry cleanup: Moving job to FailedJobRegistry (due to AbandonedJobError)
StartedJobRegistry cleanup: Moving job to FailedJobRegistry (due to AbandonedJobError)
fatal: No remote configured to list refs from.
fatal: No remote configured to list refs from.
fatal: No remote configured to list refs from.
fatal: No remote configured to list refs from.
StartedJobRegistry cleanup: Moving job to FailedJobRegistry (due to AbandonedJobError)
StartedJobRegistry cleanup: Moving job to FailedJobRegistry (due to AbandonedJobError)
StartedJobRegistry cleanup: Moving job to FailedJobRegistry (due to AbandonedJobError)
StartedJobRegistry cleanup: Moving job to FailedJobRegistry (due to AbandonedJobError)
fatal: No remote configured to list refs from.
fatal: No remote configured to list refs from.
Traceback (most recent call last):
  File "/home/frapee-pugal/my-frappe-site/env/lib/python3.10/site-packages/redis/connection.py", line 559, in connect
    sock = self._connect()
  File "/home/frapee-pugal/my-frappe-site/env/lib/python3.10/site-packages/redis/connection.py", line 615, in _connect
    raise err
  File "/home/frapee-pugal/my-frappe-site/env/lib/python3.10/site-packages/redis/connection.py", line 603, in _connect
    sock.connect(socket_address)
ConnectionRefusedError: [Errno 111] Connection refused

During handling of the above exception, another exception occurred:

Traceback (most recent call last):
  File "/usr/lib/python3.10/runpy.py", line 196, in _run_module_as_main
    return _run_code(code, main_globals, None,
  File "/usr/lib/python3.10/runpy.py", line 86, in _run_code
    exec(code, run_globals)
  File "/home/frapee-pugal/my-frappe-site/apps/frappe/frappe/utils/bench_helper.py", line 109, in <module>
    main()
  File "/home/frapee-pugal/my-frappe-site/apps/frappe/frappe/utils/bench_helper.py", line 18, in main
    click.Group(commands=commands)(prog_name="bench")
  File "/home/frapee-pugal/my-frappe-site/env/lib/python3.10/site-packages/click/core.py", line 829, in __call__
    return self.main(*args, **kwargs)
  File "/home/frapee-pugal/my-frappe-site/env/lib/python3.10/site-packages/click/core.py", line 782, in main
    rv = self.invoke(ctx)
  File "/home/frapee-pugal/my-frappe-site/env/lib/python3.10/site-packages/click/core.py", line 1259, in invoke
    return _process_result(sub_ctx.command.invoke(sub_ctx))
  File "/home/frapee-pugal/my-frappe-site/env/lib/python3.10/site-packages/click/core.py", line 1259, in invoke
    return _process_result(sub_ctx.command.invoke(sub_ctx))
  File "/home/frapee-pugal/my-frappe-site/env/lib/python3.10/site-packages/click/core.py", line 1066, in invoke
    return ctx.invoke(self.callback, **ctx.params)
  File "/home/frapee-pugal/my-frappe-site/env/lib/python3.10/site-packages/click/core.py", line 610, in invoke
    return callback(*args, **kwargs)
  File "/home/frapee-pugal/my-frappe-site/apps/frappe/frappe/commands/scheduler.py", line 200, in start_worker
    start_worker(
  File "/home/frapee-pugal/my-frappe-site/apps/frappe/frappe/utils/background_jobs.py", line 266, in start_worker
    worker.work(
  File "/home/frapee-pugal/my-frappe-site/env/lib/python3.10/site-packages/rq/worker.py", line 434, in work
    self.teardown()
  File "/home/frapee-pugal/my-frappe-site/env/lib/python3.10/site-packages/rq/worker.py", line 989, in teardown
    self.unsubscribe()
  File "/home/frapee-pugal/my-frappe-site/env/lib/python3.10/site-packages/rq/worker.py", line 546, in unsubscribe
    self.pubsub.unsubscribe()
  File "/home/frapee-pugal/my-frappe-site/env/lib/python3.10/site-packages/redis/client.py", line 3600, in unsubscribe
    return self.execute_command('UNSUBSCRIBE', *args)
  File "/home/frapee-pugal/my-frappe-site/env/lib/python3.10/site-packages/redis/client.py", line 3466, in execute_command
    self.connection = self.connection_pool.get_connection(
  File "/home/frapee-pugal/my-frappe-site/env/lib/python3.10/site-packages/redis/connection.py", line 1192, in get_connection
    connection.connect()
  File "/home/frapee-pugal/my-frappe-site/env/lib/python3.10/site-packages/redis/connection.py", line 563, in connect
    raise ConnectionError(self._error_message(e))
redis.exceptions.ConnectionError: Error 111 connecting to 127.0.0.1:11000. Connection refused.
